1;NULL;Hotel Test;Via test, 12100, Cuneo;NULL;;0;2023-01-12 14:18:43;2023-01-12 15:05:11;2023-01-12 15:05:11
2;NULL;LISBONA - Hotel Vip Inn Berna Hotel;Av. António Serpa, 13, Avenidas Novas, 1069-199 Lisbona;"Hotel situato a pochi metri dalla stazione della metropolitana ‘Campo Pequeno'. Struttura molto accogliente e dotata dei più moderni comfort, in posizione ottima per raggiungere il centro di Lisbona.
Posizione: CENTRALE. Situato a pochi metri dalla stazione della metropolitana ''Campo Pequeno''.
Struttura: 240 Camere - Reception 24/24h - Bar - WiFi - Sale conferenze.
Consigliato perché: struttura semplice e funzionale, in posizione ottima.
Tassa di soggiorno esclusa da pagare al momento del check-in: €. 2,00 pp al giorno";;3;2023-01-14 01:55:17;2023-01-17 19:28:09;NULL
3;NULL;PARIGI - Ibis Paris 17 Clichy Batignolles;10 Rue Bernard Buffet, 75017 Paris, Francia;Situato nel quartiere Batignolles di Parigi, l’ibis Paris 17 Clichy-Batignolles offre 3 ristoranti in loco e camere con connessione WiFi gratuita. L’hotel sorge a soli 300 metri dalle stazioni della metropolitana Brochant (linea 13) e Porte de Clichy (linea 13, 14 e RER C).;;3;2023-01-17 07:46:53;2023-01-17 19:27:58;NULL
4;NULL;BARCELLONA - Hotel Travelodge Poblenou;Carrer de Llull, 170, 08005 Barcelona, Spagna;"Questo moderno hotel con 250 camere spaziose e completamente attrezzate presenta uno snack-bar aperto 24 ore su 24 che serve la colazione a buffet e pasti leggeri a pranzo e cena. A vostra disposizione anche distributori automatici e un parcheggio privato a pagamento. Tutte le strutture sono perfettamente adattate e accessibili alle persone con mobilità ridotta.
L’hotel fornisce la connessione WiFi gratuita e illimitata ad alta velocità nelle aree comuni. La connessione WiFi nelle camere prevede un costo aggiuntivo.
Il Travelodge Barcelona Poblenou accetta gli animali e sarà lieto di offrire a voi e al vostro animale domestico la migliore esperienza.
Soggiornerete nel tradizionale quartiere Poblenou, in una zona ricca di ristoranti, bar e negozi. Si tratta di uno dei quartieri più affascinanti della città e dista 600 metri dalla Spiaggia di Bogatell. Il centro di Barcellona è raggiungibile in 10 minuti di metropolitana e il Port Olímpic, con la sua vivace vita notturna, si trova a soli 20 minuti a piedi.
La zona è considerata una delle più innovative di Barcellona. Si trova nel pieno centro del quartiere 22@, dove si concentrano numerose società che si occupano di tecnologia e R+D. Grazie alla sua posizione e ai suoi servizi, rappresenta la sistemazione perfetta per viaggi di lavoro.
Il Travelodge Barcelona Poblenou offre tutto il necessario per vivere al meglio la città di Barcellona.";;3;2023-01-17 16:37:49;2023-02-01 14:38:43;NULL
5;NULL;NAPOLI - Hotel Domizia Palace;Viale dei Tamerici 55, 81037 Baia Domizia, Italia;"Hotel 4* ubicato a Baia Domizia direttamente sul mare, offre affacci sul Golfo di Gaeta, una piscina all'aperto e una spiaggia privata con lettini.
Le camere del Domizia Palace dispongono di aria condizionata, TV satellitare e minibar. La maggior parte di esse vanta una terrazza con viste panoramiche sul mare.
Il ristorante Le Muse serve piatti della cucina italiana e specialità mediterranee.
Situato in una posizione tranquilla, immerso in una pineta, l'albergo presenta un giardino con piscina e area solarium. 
Il personale sarà lieto di organizzare per voi attività sportive e programmi di intrattenimento.
Internet WiFi disponibile gratuitamente in tutta la struttura.";;4;2023-01-17 19:27:15;2023-01-17 21:19:22;NULL
6;NULL;VIENNA - A&O Wien Hauptbahnhof o similare;Sonnwendgasse 11, 10. Favoriten, 1100 Vienna, Austria;"Situato proprio alle spalle della nuova stazione ferroviaria principale di Vienna, pienamente operativa a partire dal 2015, l'A&O Wien Hauptbahnhof offre camere con bagno interno e pavimenti in parquet, una colazione a buffet e un bar all'ultimo piano con viste panoramiche.
Interamente coperto dal WiFi gratuito, l'A&O Wien Hauptbahnhof vanta una sala per i giochi con tavoli da biliardo e una ludoteca per bambini.
Presso la hall e il bar potrete assistere a vari eventi sportivi trasmessi nella TV satellitare.
L'A&O Wien Hauptbahnhof dista 5 minuti a piedi dalla stazione della metropolitana Südtirolerplatz, dalla quale avrete modo di raggiungere la Cattedrale di Santo Stefano, nel cuore di Vienna, in soli 7 minuti.";;2;2023-01-19 15:21:56;2024-02-01 12:40:47;NULL
7;NULL;PARIGI - Ibis Styles Paris Meteor Avenue d'Italie;12 avenue De La Porte D Italie, 13° arrondissement, 75013 Parigi, Francia;"Situato a 3,9 km dai Giardini del Lussemburgo, l'ibis Styles Paris Meteor Avenue d'Italie offre sistemazioni a 3 stelle a Parigi e dispone di un bar. Questa struttura a 3 stelle presenta inoltre un ristorante e delle camere climatizzate con connessione WiFi gratuita e bagno privato. La struttura è per non fumatori e dista 4,7 km dalla Cattedrale di Notre Dame.

Le sistemazioni sono dotate di scrivania. Alcune sistemazioni dispongono anche di un angolo cottura con frigorifero e forno a microonde. Tutte le camere dell'ibis Styles Paris Meteor Avenue d'Italie sono dotate di TV a schermo piatto e set di cortesia gratuito.

La struttura propone una colazione a buffet o continentale.";;3;2023-01-21 12:42:26;2023-01-21 12:43:43;NULL
8;NULL;PARIGI - Jo&Joe - Paris Gentilly;89-93 Av. Paul Vaillant Couturier, 94250 Gentilly, Francia;"Posa le valigie da JO&JOE Parigi Gentilly, che il viaggio abbia inizio! Appena attraversata la porta, potrai immergerti nell'atmosfera rilassata del luogo, tra le opere di street art che ricoprono le pareti, dal pavimento al soffitto. Puoi rimanere nel nostro giardino tutto il tempo che vuoi... anche se Parigi ti aspetta per una bella visita!
Un giardino segreto alle porte della capitale:
Approfitta dei 200 m2 di giardino interno e concediti un bel drink. Troverai sempre altri viaggiatori con cui chiacchierare. E se davvero devi lavorare, il WiFi arriva fino al ""pizza bed"".
Il nostro bar ristorante:
Dentro o fuori, menù di carne o vegetariano: tutto è possibile. Lo chef propone un menù vario, di piatti freschi e a prezzi accessibili.";;2;2023-01-21 12:58:43;2023-02-01 13:42:30;NULL
9;NULL;PARIGI - Jo&Joe Paris Nation;61 Rue de Buzenval, 20° arrondissement, 75020 Parigi, Francia;"Situato nel 20° arrondissement di Parigi, a breve distanza dal famoso cimitero di Père Lachaise, il JO&JOE Paris - Nation offre un ristorante, un bar e una sala comune. All’ultimo piano troverete una terrazza di 100 m², dove potrete gustare una vasta scelta di bevande e cocktail. La struttura organizza intrattenimenti serali e numerosi eventi e concerti dal vivo.
Presso l'ostello vi attende una colazione continentale con opzioni alla carta.
Nelle vicinanze del JO&JOE Paris - Nation potrete noleggiare biciclette, con cui partire alla scoperta dei dintorni.
Famosa per i suoi tradizionali caffè francesi, la zona circostante ospita anche i migliori ristoranti asiatici della città. il quartiere è costellato di numerosi locali notturni e music bar aperti fino a tardi. Dal JO&JOE Paris - Nation potrete raggiungere facilmente le principali attrazioni turistiche della città. La Linea A (Nation) attraversa Parigi: una corsa di 15 minuti vi condurrà nel cuore della città.";;2;2023-02-01 14:29:17;2023-02-01 14:36:00;NULL
10;NULL;PRAGA - Hostel Plus Prague o similare;Privozni 1, Praga, 170 00, Repubblica Ceca;"Situato in una tranquilla zona residenziale, a 1 fermata di tram e a 2 minuti a piedi dalla Stazione Metro e Ferroviaria Nadrazi Holesovice, il Plus Prague offre camere con bagno interno, una piscina coperta, una sauna e la connessione internet gratuita. Inoltre, la fermata del tram Ortenovo namesti vi fornirà collegamenti diretti con il centro storico.
Vi basteranno appena 10 minuti di tram per visitare il vicino centro espositivo Vystaviste, l'Incheba Arena e la Tesla Arena, e in 20 minuti di tragitto arriverete al Ponte Carlo e nel quartiere Malá Strana.
Dopo una giornata trascorsa a esplorare Praga, potrete rilassarvi al Plus Prague utilizzando la zona relax con ampia TV a schermo piatto e postazioni internet gratuite, la piscina coperta fruibile tutto l’anno, e la sauna.
Il parcheggio custodito e il personale multilingue della reception, aperta 24 ore su 24, vi garantiranno un soggiorno senza problemi.";;2;2023-02-01 14:42:05;2024-02-10 09:58:24;NULL
11;NULL;ROMA - Hotel the Brand 3***;Via Degli Aldobrandeschi 295, 00163 Roma;"L’ Hotel The Brand sorge nel quartiere Aurelio, circondato dal verde del Parco naturale “villa de’ Massimi” a pochi passi da Via Aurelia e dalla Città del Vaticano. E’ situato a 800metri dalla Stazione Roma Aurelia collegata con un servizio navetta dell’Hotel e dalla fermata “Baldo degli Ubaldi” della linea “A” della Metropolitana collegata con la linea bus 892 con la fermata adiacente all’ hotel.

L’Hotel propone una ricca colazione a buffet ed una selezione di piatti del territorio nel ristorante “Spazio Gusto”. L’accogliente bar “Spazio Martini” propone una ricca varietà di bevande alcoliche ed analcoliche fino a tarda sera. La connessione internet in tutta la struttura è gratuita.";;3;2023-02-01 23:34:20;2023-02-06 12:15:11;NULL
12;5;TARA ANGKOR  4*;NULL;Tara Angkor Hotel is the 4-Star Luxury Hotel built in the mystical land of Angkor. Ideally and conveniently located. Tara Angkor Hotel is situated only 6 km from the World Heritage site of Angkor Wat Temples, 15 min drive from the Siem Reap International Airport, a few minutes stroll to the Angkor National Museum.;;4;2023-02-04 15:43:24;2023-02-04 15:45:55;NULL
13;6;MILANO OSTELLO;VIALE MONZA 4;"La sua posizione è ideale per chi vuole raggiungere ogni punto della città milanese; Milano Ostello è situato davanti all’uscita della metropolitana milanese linea rossa denominata Pasteur a poche centinaia di metri dalla stazione ferroviaria centrale di Milano.
La posizione di Milano Ostello è ideale per raggiungere il centro di Milano, Corso Buenos Aires, Corso Como, Milano Fiera, Politecnico di Milano, Città Studi con le più importanti università , il Duomo di Milano e i maggiori ospedali tra cui il Centro Tumori, l’Ospedale Niguarda Ca’ Granda e l’istituto neurologico Carlo Besta.";;0;2023-02-04 17:45:51;2023-02-04 17:45:51;NULL
14;NULL;ROYAL CRAIOVA;Strada România Muncitoare 88, Craiova 200396,;"Inaugurato nel 2007, e rinnovato nel 2016, costruzione del XIX secolo, appartenente ad una famiglia nobile di Craiova. Hotel Royal Craiova è situato vicino al centro e alle maggiori attrazioni turistiche della città.
l'hotel dispone di 24 camere dotate di aria condizionata, tv, minibar, internet wi-fi.";;4;2023-02-04 20:31:38;2023-02-04 20:31:38;NULL
15;11;casa per ferie sanfrancesco;Strada degli Arenzi, 6 Varigotti;"La casa San Francesco è stata totalmente ristrutturata nel 2006, aperta tutto l'anno, è caratterizzata da camere singole, doppie, triple e quadruple, e suites confortevoli,  curate nell'arredamento, ed è una struttura ideale per ospitare famiglie, gruppi e singoli, per periodi di vacanza e riposo.
La struttura è fornita di tecnologia Wireless, per connessioni veloci internet, ed è inoltre fornita di aria condizionata. A disposizione TV, sala bar, ampi spazi interni ed esterni. 
La casa è convenzionata con diversi stabilimenti balneari.

Circondata dal verde, in una zona tranquilla, e vicina al mare, la casa per ferie San Francesco è situata in una delle più belle località della Riviera di Ponente, dove le basse case dei pescatori, tinteggiate di giallo e di rosa si affacciano su una lunga e spaziosa spiaggia.";;3;2023-02-05 16:39:56;2023-02-05 16:39:56;NULL
16;NULL;GRAN HOTEL MATTEI 4****;Via Enrico Mattei, 25 RAVENNA;"Il primo hotel 4 stelle Full Service, situato a soli 3 km dal centro di Ravenna, a pochi minuti dal parco divertimenti ""Mirabilandia"" e dalle località balneari di Marina di Ravenna e Milano Marittima.

Il Grand Hotel Mattei dispone di 124 camere di varie tipologie, dotate di letto king size, televisori LCD con canali Mediaset premium e satellitari, aria condizionata, cassetta di sicurezza e connessione a internet 24h.
Per garantire ai nostri ospiti il massimo del comfort, le nostre camere sono arredate con i migliori materassi.
Sono inoltre a disposizione camere fumatori e non fumatori, con parquet oppure con moquette, con vasca da bagno oppure con doccia, per garantire a tutti i nostri ospiti la camera più appropriata.
L’hotel dispone anche di camere con accessi e servizi per persone diversamente abili e camere comunicanti.";;4;2023-02-10 20:50:39;2023-02-10 20:50:39;NULL
17;NULL;HOSTAL A&O MUENCHEN HACKERBRUECKE;Arnulfstraße 102, 80636 München - GERMANIA;"Posizione: centrale, Struttura di 214 camere - bar - ristorante -WIFI-e camere per disabili. 
Consigliato perché dispone di camere moderne colorate e luminose,. La sera è possibile rilassarsi in uno degli spazi in comune, tutti ben attrezzati. Caffetterie, ristoranti, bar, pub e discoteche di tendenza distano solo pochi passi. Dispone di 3 posti parcheggio bus, al costo di euro 25,00 a notte . 
Tutte le camere sono dotate di servizi privati, lenzuola, ed 1 asciugamano a persona. Colazione e cena in forma di self- service. Gli orari delle cene dalle 18 alle 20 
sistemazione studenti in camere multiple, con letti a castello 6/8 posti. non viene effettuata la pulizia delle camere, i letti non vengono rifatti e non viene fatto ricambio lenzuola durante il soggiorno.";;2;2023-02-12 12:05:19;2023-02-12 12:05:19;NULL
18;15;BAIA DOMIZIA (NAPOLI) HOTEL MARINA CLUB 4**** o similare;Via dell'Erica - 81030 Baia Domizia (Ce) Italia;"L’Hotel Marina Club è un accogliente albergo a 4 stelle di Baia Domizia affacciato sul mare, con piscina all’aperto immersa nel verde, due ristoranti, un centro congressi, una spiaggia privata e tanti altri servizi ed impianti sportivi a vostra disposizione. Grazie alla nostra posizione strategica, l’Hotel Marina Club è un ottimo punto di partenza per andare alla scoperta dei vicini tesori culturali, storici e naturali
della Campania e per godersi il sole ed il mare di questa regione straordinaria ricca di fascino.
Le camere del Marina Club dispongono di aria condizionata, connessione Internet Wi-Fi, tv satellitare, minibar, asciugacapelli e kit di cortesia Alcune di esse affacciano sul mare ed hanno il balcone, altre sul giardino. Le stanze dell'albergo hanno metrature diverse a seconda delle tipologie scelte: singola, doppia / matrimoniale, tripla e quadrupla. Coloro che desiderano contenere il budget di spesa per la sistemazione, possono optare per la tipologia Economy. Per vedere nel dettaglio i servizi offerti in camera, leggete le righe che seguono.";;4;2023-02-14 14:55:55;2024-10-29 10:12:31;NULL
19;NULL;hotel LACONA 4*** tipo;nei pressi di Capoliveri;"E’ situato in una splendida posizione dove la tranquillità fa da padrona: vicino al mare, immerso in un parco di pini, tra cui uno dei più antichi al mondo di circa 250 anni, e circondato da cipressi, mortella e lentischi.
Si suddividono in doppie, triple, quadruple ( con letto a castello ).";;4;2023-02-14 18:55:57;2023-02-14 18:55:57;NULL
20;NULL;MONACO - A&O MUNCHEN LAIM;Landsberger Str. 338, 80687 Monaco di Baviera, Baviera Germania;"L'A&O München Laim vanta una comoda posizione, accanto alla stazione ferroviaria di Monaco-Laim, a soli 4 km dal centro di
Moncao, e offre sistemazioni ampie e luminose con connessione Wi-Fi gratuita.
Camere: 135, Catena alberghiera : A&O Hotels & Hostels
Sistemazione studenti in camere multiple con letti a castello 6/8 pax.
Tutte le camere sono dotate di servizi privati ed 1 asciugamano per persona.
Dal 01.01.2020 Lenzuole incluse per tutti
Non viene effettuata la pulizia delle camere, il letto non viene rifatto e non viene effettuato cambio lenzuola e asciugamani.
Nelle singole/doppie per adulti le lenzuola sono incluse nel prezzo.
Colazione e cena in forma di self service. Gli orari delle cene: dalle 18h00 alle 20h00, oltre le 20h00 non viene più garantito il servizio.
Deposito cauzionale Euro 10,00 per persona.
La ripartizione camere è sempre a discrezione dell'hotel e può variare anche il giorno stesso dell'arrivo.";;0;2023-02-14 21:24:47;2023-12-20 20:30:34;NULL
21;NULL;Hotel BRISTOL;Via della Geppa, 20, 34132 Trieste;Situato in una posizione ideale nel centro di Trieste, l'Hotel Bristol offre la colazione a buffet e la connessione WiFi gratuita. Questo hotel a 3 stelle ospita camere climatizzate con bagno privato box doccia o vasca, phon, aria condizionata, TV e telefono.  Presso l'Hotel Bristol sono disponibili asciugamani e biancheria da letto.;;3;2023-02-14 23:40:39;2023-02-14 23:40:39;NULL
22;NULL;hotel residence Cimabue;NULL;"La Residenza Storica Hotel Cimabue di Firenze è dotata di ventidue graziose ed esclusive camere che offrono, attraverso le loro ampie finestre ottocentesche, splendidi scorci dell’antica Firenze: quella trecentesca dell’antistante palazzo in pietra, un tempo ospedale di Bonifazio Lupi, quella rinascimentale dello splendido Palazzo Pandolfini e di quelli adiacenti.
L’edificio si trova inoltre a pochi passi dalla Galleria Dell’Accademia, dal Museo di S.Marco e vicino alla Cupola Brunelleschiana ed al Campanile di Giotto.
L’Hotel si trova in un edificio storico di fine Ottocento, di fronte è possibile ammirare l’ex Spedale Bonifazio (ora sede della Questura).
Splendidi scorci dell’antica Firenze sono visibili attraverso le ampie finestre ottocentesche delle graziose e raffinate camere, ognuna delle quali è curata nei minimi dettagli. Le stanze, dotate di ogni moderno comfort, uniscono la raffinatezza degli arredi ad ambienti spaziosi e rilassanti, per concedere agli ospiti un gradevole soggiorno all’insegna della familiarità e del buon gusto.

DALLA STAZIONE L’Hotel non è distante dalla stazione, si può raggiungere in 10 minuti (Via Nazionale, Piazza Indipendenza, Via XXVII Aprile, Via Santa Reparata, Via Bonifacio Lupi) se non si hanno bagagli pesanti; oppure in taxi; oppure in autobus (1 – 7 – 10 – 17 – 25) scendendo in Piazza San Marco (i biglietti si possono comprare alle edicole dentro la stazione).";;3;2023-02-15 12:41:15;2023-02-15 12:41:15;NULL
23;NULL;Nuova Flavia Hotel;Via Marina, 6, 33054 Lignano Sabbiadoro UD;"L’Hotel Nuova Flavia, aperto tutto l’anno, è situato in zona tranquilla a Lignano Sabbiadoro, a pochi metri dal centro ed a soli 200 metri dalla spiaggia.
Tutte le camere, raggiungibili con ascensore, dispongono di servizi igienici privati con box doccia, TV-SAT a colori, WI-FI gratuito, cassaforte, riscaldamento, aria condizionata e balcone. Per colazione offre un buffet dolce e salato.
L’albergo offre inoltre servizio spiaggia, parcheggio privato, sala giochi per bambini e servizio biciclette su richiesta.";;3;2023-02-16 12:46:41;2023-02-16 12:46:41;NULL
24;NULL;hotel sole & esperia;NULL;"L’Hotel Sole & Esperia è un accogliente albergo a 3 stelle costituto da due strutture alberghiere distinte con 108 camere da letto, ospitate all’interno di un lussureggiante parco privato di 12 mila metri quadrati e situati a pochi metri di distanza dalle Terme di Chianciano e dalle nuove Terme Sensoriali.
Hotel Sole con 81 camere da letto, Tutte le camere standard sono doppie e matrimoniali, con la possibilitá di aggiungere un terzo ed un quarto letto dietro pagamento di un piccolo supplemento. Per maggiori informazioni sulla tipologia e le tariffe delle camere,";;3;2023-02-16 12:57:52;2023-02-16 12:57:52;NULL
25;NULL;MONACO - HOTEL ECONTEL;Bodenseestraße 227, Aubing - Lochhausen - Langwied, 81243;"Situato nel quartiere Pasing di Monaco, questo hotel offre camere ampie e luminose. L'aeroporto di Monaco e il centro della città
sono raggiungibili con treni diretti.
ECONTEL HOTEL München presenta camere e suite insonorizzate con cassaforte
L'ECONTEL München Neuaubing dista a piedi meno di 10 minuti da numerosi ristoranti e 3 minuti dalla stazione della S-Bahn di di
Neuaubing, utile per arrivare al centro della città in 6 fermate.
L'autostrada A99 è accessibile in auto in 3 minuti.
Camere: 69, Catena alberghiera : Amber Hotels.
Hotel non dispone e non fornisce prodotti per intolleranze alimentari/allergie
La ripartizione camere è sempre a discrezione dell'hotel e può variare anche il giorno stesso dell'arrivo.
Prima colazione à Buffet include.
Pane,marmellate,nutella,cornflakes,bevande calde
mx 4 singole o doppie possibile à gruppo,altre su richiesta";;3;2023-02-16 22:20:34;2023-02-16 22:20:34;NULL
26;NULL;hotel Osimar 3***;Via Felice Grossi Gondi, 87, 00162 Roma RM;"L’Hotel Osimar é una comoda e moderna struttura alberghiera a 3 stelle inaugurata nel 2006, posizionata nella zona nord di Roma, vicino la fermata della Metropolitana di Piazza Bologna e la stazione Tiburtina: il nuovo scalo ferroviario romano per i treni ad alta velocitá.
Grazie all’ampia gamma di camere degli ospiti ed ai servizi proposti, l’Hotel Osimar Roma è orgoglioso di poter ospitare qualsiasi tipo di clientela, dagli uomini d’affari in viaggio di lavoro, alle famiglie in vacanza. Oltre ad un personale esperto, attento e qualificato, tutti gli ambienti del nostro albergo a 3 stelle di Roma sono coperti dalla connessione internet.Le 27 camere degli ospiti dell’Hotel Osimar si dividono in singole, doppie, matrimoniali e triple. Per una presentazione completa dei servizi disponibili nelle stanze di questo economico albergo a 3 stelle di Roma.
L'Hotel Osimar si trova a Roma nord, dietro Piazza Bologna, ad una decina di minuti di distanza dalla Stazione Tiburtina. La vicinanza con le relative fermate della Metro B consenta ai nostri ospiti di raggiungere dopo poche fermate la Stazione Termini ed alcune delle principali attrazioni turistiche del centro storico di Roma, come il Colosseo, Piazza Venezia, i Fori Imperiali ed il Circo Massimo.";;3;2023-02-17 10:53:24;2023-02-17 10:53:24;NULL
27;NULL;FIRENZE - 25 HOURS HOTEL;Piazza Di San Paolino 1, Santa Maria Novella, 50123 Firenze, Italia;Il 25hours Hotel Piazza San Paolino sorge nel quartiere di Santa Maria Novella, nel cuore di Firenze. La progettazione dell’hotel, a cura dell’interior designer Paola Navone e dal suo team, è ecletticamente ispirata alla Divina Commedia di Dante ed è ricca di allusioni a quest’opera: elementi tratti dai gironi infernali o dai cieli del Paradiso ti immergono nell’universo dantesco senza soluzione di continuità, tra vizi e virtù. Il Ristorante San Paolino, è il vibrante centro della scena del palazzo immerso in un rigoglioso giardino al coperto. Un tradizionale Negroni Bar, una Bottega di Alimentari e Forno per l’acquisto di prodotti locali, snacks o di orignali apertivi completano l’ offerta. Il Cinema Paradiso – un vero cinema old fashion da salotto, diverrà il gioioso hub per il pubblico di appassionati, con regolari cicli di proiezioni di cult movies.;;4;2023-02-17 11:32:19;2023-02-17 11:32:19;NULL
28;NULL;APRICA - Hotel Posta;16 Corso Roma, 23031 Aprica, Italia;L'Hotel Posta si trova ad Aprica, e offre un ristorante, un bar, un salotto in comune e un giardino. Questo hotel a 3 stelle mette a vostra disposizione un punto vendita di skipass e il servizio in camera. La struttura offre la connessione WiFi gratuita e un parcheggio privato a pagamento. Le sistemazioni dispongono di armadio, TV a schermo piatto, bagno privato, biancheria da letto e asciugamani. Le camere sono dotate di cassaforte, alcune vantano un balcone e altre una vista sul giardino. L'Hotel Posta serve una colazione all'italiana ogni mattina. La struttura vanta una terrazza. Durante il soggiorno all'Hotel Posta potrete praticare varie attività ad Aprica e nei dintorni, come lo sci e il ciclismo.;;3;2023-02-17 17:56:08;2023-02-17 17:56:08;NULL
29;NULL;BNS SAN FRANCESCO HOTEL;Viale dei Bossi, 81037 Baia Domizia CE;"A pochi metri dal mare, il BNS Hotel, struttura a 4 stelle, situato nel cuore del centro sociale di Baia Domizia, dotato di tutti i servizi necessari ad offrire ai propri ospiti un elevato livello di comfort per una vacanza in pieno relax. L’hotel, completamente rinnovato da una moderna e curata ristrutturazione, dispone di 52 camere.
Un’ampia e luminosa sala ristorante, una sala TV comune, un bar a pian terreno, un giardino con un grande gazebo attrezzato ed un comodo parcheggio privato, con posti auto sia all’aperto che al coperto, pronto ad ospitare sia individuali che gruppi. Gli ospiti hanno inoltre la possibilità di usufruire della spiaggia privata, situata a 100 metri dall’hotel, con un mare calmo e cristallino.";;4;2023-02-17 21:17:47;2023-02-17 21:17:47;NULL
30;20;Roma room Hotel;Via Giovanni Battista Morgagni, 41, 00161 Roma RM;Il Roma Room è un hotel a 3 stelle situato vicino alla zona universitaria di Roma e a 2 minuti a piedi dalla stazione della metropolitana Policlinico.;;3;2023-02-18 08:23:15;2023-02-18 08:23:15;NULL
31;NULL;Meininger Berlino East Side Gallery;Am Postbahnhof 4, 10243 Berlino, Germania;Interamente coperto dal WiFi gratuito, il Meininger Hotel Berlin East Side Gallery è situati di fronte alla East Side Gallery, nel quartiere berlinese di Friedrichshain-Kreuzberg. La reception è attiva 24 ore su 24, ed è presente un bar e un'area giochi. Dal Meininger Hotel Berlin East Side Gallery sono comodamente raggiungibili a piedi o con mezzi pubblici (stazione di Ostbahnhof a 500 metri) Alexanderplatz e la Torre della Televisione, l’Isola dei Musei e le principali attrattive della città.;;0;2023-02-19 11:34:35;2023-02-19 11:34:35;NULL
32;18;hotel albergo cannon d' Oro;Via dei Montanini, 28, 53100 Siena SI;L'Albergo a Siena si trova nella centralissima ed elegante Via Montanini, la strada dello shopping e parte del tracciato urbano dell'antica e prestigiosa via Francigena. Pur essendo a soli 200 metri dalla Piazza Il Campo è anche altrettanto vicino a 4 comodi parcheggi sia a pagamento che gratuiti (via Pian d'Ovile - Viale Vittorio Veneto). E' possibile raggiungere l'Albergo con la propria auto per poter scaricare il bagaglio comunicandoci il numero della targa al momento dell'arrivo (ingresso ZTL da Piazza Matteotti).;;2;2023-02-21 17:52:59;2023-02-21 17:52:59;NULL
33;20;HOTEL 3/4 STELLE Roma;SI TROVANO NELL'ARCO DI 600 M DALLA STAZIONE TERMINI;"formula roulette, le strutture si trovano nell'arco di 600 m dalla stazione Termini. fermata metro raggiungibile a piedi. 
hotel tipo Siracusa hotel, lux , the Brand, San Giusto ecc.. tutte strutture selezionate dal ns fornitore in loco.";;3;2023-02-23 16:54:04;2023-09-20 10:54:31;NULL
34;NULL;Hotel Adeba;16, Pernerova 11, Karlín, 186 00, Praga;Situato a 2 fermate di metropolitana o a 3 fermate di tram dal centro di Praga e a soli 5 minuti a piedi dalla stazione centrale degli autobus Florenc, l'Hotel Adeba offre un centro benessere con sauna e vasca idromassaggio. Tutte le camere dell'Adeba dispongono di Wi-Fi gratuita, bagno privato, TV con canali via cavo e frigorifero. Ogni mattina vi attende una ricca colazione a buffet caldo e freddo. Nelle vicinanze si trovano numerosi ristoranti, bar e caffetterie, e un piccolo parco.;;3;2023-02-24 10:03:56;2023-02-24 10:03:56;NULL
35;NULL;hotel Villa Etrusca a Marina di Campo e hotel Marinella a Marciana Marina;NULL;NULL;;4;2023-02-24 10:21:37;2023-02-24 10:21:37;NULL
36;NULL;Meininger Hotel Lyon Centre Berthelot;7 Rue Professeur Zimmermann, 69007 Lione;Ubicato a Lione, è situato a Lione nel 7 arrondissement nel quartiere Berthelot in buona posizione per la visita di questa importante e bella città. Dista 200 metri dal Musée de la Resistance. ll design d'interni dell'hotel è ispirato al festival annuale delle luci e ai fratelli Lumière, inventori del cinema.  Offre un bar, un parcheggio privato, un salone in comune e una terrazza. Tutte le camere sono dotate di TV via cavo a schermo piatto e bagno privato. Il MEININGER Hotel Lyon Centre Berthelot sorge a 2,9 km dal Museo delle Belle Arti di Lione e a 2,4 km dal Musée des Confluences. La struttura si trova a 1,3 km dalla Stazione Ferroviaria di Lione-Perrache e a 26 km dall'Aeroporto più vicino, quello di Lione-Saint Exupéry.;;0;2023-02-26 14:18:03;2023-02-26 15:56:40;NULL
37;15;hotel Clorinda 4*;Via Laura, 216 – 84047 Capaccio Paestum (SA) Italia;Il Clorinda Paestum Hotel, 4 stelle, circondato da un rigoglioso parco giardino di proprietà, dispone di piscina e parcheggio privati, dista appena 400 mt dalla spiaggia, ed è situato a 3 km dall’affascinante sito archeologico di Paestum dichiarato dall’UNESCO patrimonio dell’Umanità.;;4;2023-02-26 17:01:47;2023-02-26 17:01:47;NULL
38;25;hotel Adria 4***;Viale 2 Giugno angolo XIII Traversa, 19 - 48015 Milano Marittima (RA), Italia;"Nel cuore della Pineta di Milano Marittima ed affacciato sul blu del mare, l'Hotel Adria 4 stelle di Milano Marittima saprà offrirti tutto ciò che serve per una vacanza perfetta! Recentemente ristrutturato ed ampliato, il nostro hotel è la scelta ideale per le famiglie che anche nelle loro giornate in riva al mare ricercano la tranquillità di una spiaggia privata ed il comfort di un ambiente curato nei minimi particolari. Nel nostro albergo tutte le camere sono arredate con cura ed in maniera elegante, ed offrono tutte le comodità indispensabili alla buona riuscita di una vacanza! Non possiamo certo farne un segreto… all’Hotel Adria si mangia bene!
A tavola i sapori della tradizione ed il gusto di una cucina genuina, fatta di ingredienti freschi ed accuratamente selezionati. Sia a pranzo che a cena potrai scegliere tra 4 diverse proposte di primi e secondi, con menù di carne e di pesce!";;4;2023-02-27 09:50:09;2023-02-27 10:24:55;NULL
39;NULL;Ibis Praha Wenceslas Square;Kateřinská 36, 120 00 Nové Město, Praga;L'Ibis Praha Wenceslas Square si trova nel cuore della zona degli affari di Praga, a circa 5 minuti a piedi da Piazza San Venceslao. Tutte le luminose camere sono dotate di aria condizionata, TV satellitare e doccia.  Al mattino viene servita una colazione a buffet boema presso la reception. Il bar propone un'ampia selezione di bevande. Gli snack sono disponibili alla reception 24 ore su 24. L'Ibis Praha Wenceslas Square dista 5 minuti a piedi dal Teatro Lirico, 15 minuti di tram dal quartiere ebraico e dalla Piazza della Città Vecchia con l'Orologio Astronomico.;;3;2023-02-28 09:15:17;2023-02-28 09:15:17;NULL
40;15;hotel 4* formula roulette;ad un max 600m dal centro di Paestum;Sono strutture alberghiere ben selezionate dal ns fornitore, il nome  dell hotel della categoria indicata, verra comunicato all atto della conferma gruppo. potrebbe essere hotel tipo Clorinda 4* di Paestum.;;4;2023-03-01 16:53:08;2023-03-01 16:53:08;NULL
41;NULL;Hotel Laura;Viale XXI Aprile, 109/int 20, 00162 Roma;Comodamente situato a Piazza Bologna, nei pressi della stazione della metropolitana, l'hotel Laura vanta camere climatizzate e ottimi collegamenti con i mezzi pubblici, grazie ai quali potrete raggiungere ogni punto di Roma. Le sistemazioni presentano pavimenti in moquette, mobili in legno e bagno privato con doccia, e alcune vantano un balcone. Confortevole e accogliente, l'albergo sorge in un piacevole quartiere residenziale ricco di negozi e ristoranti. La colazione a buffet viene servita nella sala ristorazione.;;3;2023-03-01 21:50:28;2023-03-01 21:50:28;NULL
42;NULL;Hotel Olympik Congress;Sokolovská 138, 186 76 Praha 8-Invalidovna;Hotel 4* STANDARD situato vicino al centro della città, a Praga 8, alla fermata di metro linea B ''Invalidovna''. Hotel dispone di 280 camere recentemente rinnovate, dotate di servizi privati, TV Sat, radio, telefono diretto, asciugacapelli, cassaforte, minibar (chiuso per studenti). A disposizione c'è ristorante, bar, giardino, parcheggio, ufficio cambio, souvenir shop, room service, bowling, biliardo, ecc. Colazione e mezza pensione a buffet. Fermata di metro e di tram a due passi di hotel, centro della città raggiungibile in 10 minuti. Parcheggio bus dell' hotel a pagamento;;4;2023-03-01 22:29:06;2023-10-26 11:16:47;NULL
43;NULL;Aretusa Palace Hotel (ex Jolly Aretusa);Corso Gelone, 45, 96100 Siracusa;Situato a Siracusa, il Aretusa Palace Hotel offre un ristorante, un parcheggio gratuito e sistemazioni climatizzate con arredi in stile classico. Le camere del Aretusa Palace sono dotate di minibar e bagno privato con asciugacapelli, mentre alcune includono anche una vasca. La struttura fornisce il servizio di noleggio biciclette e ospita un bar. L'hotel sorge a 800 metri dal Parco Archeologico della Neapolis e dista a piedi 15 minuti da Ortigia e 8 minuti dalla stazione ferroviaria di Siracusa.;;4;2023-03-02 13:04:50;2023-03-02 13:04:50;NULL
44;NULL;King's Hotel Resort;Via dott. Mario Amato, 23, 95016 Mascali Catania;Il King's House offre una piscina affacciata sul Monte Etna, un ristorante e un rigoglioso giardino mediterraneo. Le camere sono colorate a tema e dispongono di un balcone panoramico. Situate in uno dei 5 edifici a 2 piani senza ascensore, le camere del King's House Hotel, a conduzione familiare, si affacciano sulla piscina e sul giardino e presentano arredi moderni. TV, minibar e divano. La connessione Wi-Fi è gratuita nelle aree comuni. Il luminoso ristorante, che si trova nell'edificio della reception e del salone, serve una colazione continentale a buffet e piatti della cucina nazionale.;;4;2023-03-02 13:16:25;2023-03-02 13:16:25;NULL
45;26;hotel Masaniello 4 ****;Via Vincenzo Gemito 5/7, 80026 Casoria, Italia;"Ubicato a 6 km dal centro storico di Napoli, l'Hotel Masaniello Luxury offre la connessione WiFi gratuita nell'intero edificio, una terrazza e una colazione continentale giornaliera. Tutte le camere sono decorate in stile moderno e dotate di aria condizionata e di bagno privato.
L'Hotel Masaniello Luxury fornisce il servizio navetta da/per l'aeroporto su richiesta e dista circa 30 km dalle antiche città romane di Ercolano e Pompei, e 10 minuti d'auto dall'aeroporto della città.";;4;2023-03-02 14:15:03;2023-03-02 14:20:04;NULL
46;NULL;Sud Est hotel 3***;Via Gaetano Previati, 200, 16033 Lavagna GE;Sud Est è un albergo a tre stelle che si trova a Lavagna, sulla Riviera del Levante, e si affaccia sul Golfo del Tigullio. Le camere hanno un arredamento semplice e funzionale e sono dotate di TV, cassaforte, telefono e bagno privato con doccia, asciugacapelli e set di cortesia. Nelle aree in comune è disponibile gratuitamente la connessione Wi-Fi e in loco è presente un parcheggio pubblico gratuito. La reception è aperta 24 ore su 24 e il deposito bagagli è gratuito. In hotel sono presenti aree e spazi per riunioni o banchetti. Presso l'hotel si può usufruire del servizio di pensione completa e ogni mattina è allestita la colazione a buffet. L'hotel si trova a un km dal litorale pubblico di Lavagna e con dieci minuti di auto si raggiunge la Baia del Silenzio di Sestri Levante. La stazione di Chiavari dista 1,5 km e offre collegamenti con alcune località del territorio come Portofino che dista 22,8 km.;;3;2023-03-04 09:55:04;2023-03-04 09:55:04;NULL
47;NULL;hotel dei Mille 3 ***;Via dei Mille, 7/b, 00185 Roma RM;Ubicato a soli 200 metri dalla stazione Termini e a 20 minuti a piedi dal Colosseo e dalla Fontana di Trevi, l'Hotel Dei Mille vanta ottimi collegamenti in treno, autobus e metropolitana. Nei pressi di una vasta gamma di ristoranti e caffetterie che servono piatti tipici romani e specialità nazionali e internazionali, l'hotel dista circa 1 km dalla Basilica di Santa Maria Maggiore e dal Teatro dell'Opera. L'Hotel Dei Mille propone una prima colazione servita nell'apposita sala con pareti ad arco e camere arredate in uno stile semplice o moderno e dotate di bagno privato e TV. L'Hotel Dei Mille sorge a 15 minuti a piedi dal Policlinico e dall'Università La Sapienza.;;3;2023-03-04 14:53:21;2023-03-04 14:53:21;NULL
48;NULL;RAVENNA - Hotel Columbia;viale Italia, 70, 48123 Marina Romea Italia;Questa struttura si trova a 5 minuti a piedi dalla spiaggia. Situato nel cuore di Marina Romea, a 400 metri dalla spiaggia, l'Hotel Columbia offre una piscina, il WiFi gratuito e camere con aria condizionata e TV LCD. In loco vi attendono un ristorante di cucina tipica con piatti a base di pesce e carne, e una sala conferenze con videoproiettore e lettore DVD. Le sistemazioni del Columbia includono un bagno privato con doccia e asciugacapelli. La maggior parte vanta un frigorifero e un balcone con affaccio sulla pineta circostante;;3;2023-03-06 14:01:22;2023-03-06 14:09:36;NULL
49;27;Hotel **** Lloret de Mar (tipo Maria del Mar, Royal Star, Mariner o similare);costa brava;tutte strutture ben selezionate, vicino la citta di Barcellona Sulla costa Brava.;;4;2023-03-07 17:02:03;2023-03-07 17:02:53;NULL
50;NULL;Hotel Prunk;Partizanska c. 117, 6210 Sežana, Slovenia;"Situato appena fuori dall'autostrada E70, l'Hotel Prunk offre camere climatizzate dotate di TV satellitare, scrivania e bagno con doccia. La connessione WiFi è gratuita. La struttura occupa una posizione tranquilla in un ambiente naturale a solo 1 km dal confine italiano e a 10 minuti a piedi dal centro di
Sežana. L'Hotel Prunk dista 7 km da Lipica, 8 km da Trieste e 30 km dall'Aeroporto Internazionale di Trieste.";;3;2023-03-08 12:35:59;2023-03-08 12:35:59;NULL
51;NULL;RAVENNA - LIDO ADRIANO Grand Hotel Azzurra Club 3*;Lido Adriano (RA) - Viale Francesco Petrarca 402, 48122 Lido Adriano, Ravenna Italia;Al Grand Hotel Azzurra di Lido Adriano puoi realizzare il tuo sogno di relax e divertimento. Non è più necessario raggiungere i tropici per trovare un’oasi di benessere immersa nel verde. Affacciato direttamente sul mare, il Grand Hotel Azzurra è un ricco villaggio di servizi, che rispondono a tutte le tue esigenze e che potrai raggiungere comodamente in macchina, sfruttando un ampio parcheggio clienti.;;3;2023-03-08 16:58:22;2023-03-08 16:58:22;NULL
52;NULL;RAVENNA - MILANO MARITTIMA - Hotel King 3*;Via XII Traversa Mare 14, 48016 Milano Marittima, Italia;"Al King Hotel vi sentirete come a casa; le sistemazioni dispongono di TV, arredi moderni, minibar e bagno privato con asciugacapelli e set di cortesia. 
Alcune regalano una vista sul mare.
Ogni mattina vi attende una colazione a buffet con prodotti dolci e salati, tra cui frutta fresca, cornetti e formaggi. Anche il nostro menù per la cena è ricco e curato ma specialmente, adatto a tutti i palati. Potrete rilassarvi e sorseggiare un drink al bar.
Situato a pochi passi dalla spiaggia e a 1 km dal centro di Milano Marittima, l'Hotel King offre una piscina all'aperto e un giardino. Offre il noleggio gratuito di biciclette e camere climatizzate.";;3;2023-03-09 14:43:30;2023-03-09 14:43:30;NULL
53;28;HOTEL WILGA o similare;Przedwiośnie 16, 30-501 Kraków, Polonia;"In posizione ideale vicino ad alcuni dei principali punti d'interesse di Cracovia, come Wawel Cathedral (1,3 km) e The Ghetto Heroes Square (1,3 km), l'Hotel Wilga è un'ottima destinazione per i turisti.Ubicato in prossimità dell'ansa del fiume Vistola, il moderno 3 stelle Hotel Wilga propone alloggi con TV satellitare a schermo piatto e connessione Wi-Fi gratis.

L'albergo ospita un negozio di souvenir, un bar e una reception aperta 24 ore su 24, che offre un servizio di biglietteria per le escursioni e un servizio di navetta aeroportuale su richiesta.Presso il Wilga troverete una pista da bowling e tavoli da biliardo e calcio balilla, e potrete anche seguire eventi sportivi su una TV con schermo grande. Il Wilga dista 700 metri dall'antico quartiere ebraico Kazimierz, 2,6 km dalla Piazza del Mercato Principale e 1,9 km dal Castello di Wawel e dalla Città Vecchia.";;3;2023-03-11 09:40:41;2024-10-23 06:16:05;NULL
54;NULL;Nova Domus Hotel;Via Girolamo Savonarola, 38, 00195 Roma;"Situato a 5 minuti dai Musei Vaticani e a 10 minuti dalla Basilica di San Pietro, a 450 mt si trova la fermata della Metro ''CIPRO'',
collegamenti diretti con la Stazione Termini.";;4;2023-03-12 20:07:46;2025-01-31 16:39:53;NULL
55;NULL;Hotel Leopolda;Via del Ponte alle Mosse, 65, 50144 Firenze;L'Hotel Leopolda occupa un edificio storico di Firenze, a 5 minuti di autobus dalla stazione di Santa Maria Novella. Ogni camera dispone di connessione WiFi gratuita, TV LCD e bagno privato con asciugacapelli e set di cortesia. La colazione a buffet viene servita nella sala apposita, aperta anche per bevande calde durante tutta la giornata. Il Leopolda Hotel è dotato di casseforti e di un deposito bagagli. Il personale sarà lieto di prenotare biglietti per musei e teatri per voi e di organizzare visite guidate nei dintorni di Firenze.;;3;2023-03-12 22:36:18;2023-03-12 22:36:18;NULL
56;NULL;Hotel Donatello *** o similare;Piazza della Indipendenza, 23, 50129 Firenze;L'Hotel Donatello sorge in una tranquilla zona residenziale a 10 minuti a piedi dalla stazione ferroviaria Santa Maria Novella di Firenze. Le camere sono dotate di aria condizionata e TV. L'Hotel Donatello è a 20 minuti di cammino dai principali luoghi storici di Firenze, tra cui la Galleria degli Uffizi e Ponte Vecchio. Il centro fieristico Fortezza da Basso si trova a 500 metri di distanza. Le camere sono arredate nel caratteristico stile fiorentino, alcune presentano soffitti affrescati e tutti i bagni sono in marmo. Sono dotate di connessione Internet e asciugacapelli. La prima colazione a buffet viene servita nella luminosa sala ristoro del Dontatello ed è anche presente un bar di piccole dimensioni. Potrete rilassarvi in giardino in questa zona verdeggiante di Firenze.;;3;2023-03-12 22:37:57;2024-11-13 10:44:19;NULL
57;NULL;Hotel Siracusa;Via Marsala, 50, 00185 Roma;Situato proprio di fronte alla stazione ferroviaria di Roma Termini, a 10 minuti di cammino dalla Basilica di Santa Maria Maggiore, l'Hotel Siracusa offre camere climatizzate e arredi classici. Tutte le sistemazioni presentano una TV a schermo piatto, un mini frigorifero e un bagno privato con asciugacapelli e set di cortesia.;;3;2023-03-14 10:49:57;2023-03-14 10:49:57;NULL
58;NULL;Hotel City Residence;1 Rue des Magasins, 67000 Strasburgo;Situato a 1 km dalla stazione ferroviaria di Strasburgo e a 1,5 km dal quartiere La Petite France, il City Résidence Strasbourg Centre offre una reception aperta 24 ore su 24, la connessione WiFi gratuita nell'intero edificio e sistemazioni insonorizzate con angolo cottura. Tutte le suite presentano ambienti spaziosi, una TV a schermo piatto, una zona pranzo, un angolo cottura completamente attrezzato e un bagno privato con doccia. Il City Résidence Strasbourg Centre serve al mattino una colazione a buffet nella sala ristorazione. Provvisto di un parcheggio privato sotterraneo accessibile su prenotazione anticipata, il City Résidence Strasbourg Centre dista 20 minuti a piedi dalla cattedrale cittadina e 2 km dal centro espositivo di Strasburgo.;;3;2023-03-15 12:14:59;2023-03-15 12:14:59;NULL
59;NULL;THE HUB MILANO;Via Privata Polonia, 10  20157 - Milano;Hotel The Hub vanta una comoda posizione a soli 15 minuti in auto da Centro espositivo Fiera Milano e Galleria Vittorio Emanuele II. La piscina coperta è perfetta per concedersi un tuffo rinfrescante in acqua prima di assaggiare le specialità della cucina locale e internazionale: Mirror Lounge&Restaurant serve la colazione e la cena. Gli altri punti di forza di questo hotel dallo stile elegante sono un bar/lounge, un bagno turco e un giardino. La piscina e il personale gentile sono caratteristiche molto apprezzate dai viaggiatori. La struttura è una comoda base per spostarsi con i mezzi pubblici: Via Grassi Tram Stop si trova a 13 min a piedi e Largo Boccioni Tram Stop a 13.;;4;2023-03-15 18:34:11;2023-03-15 18:34:11;NULL
60;27;tryp windham munich north;Dietersheimer Str. 58 58, 85375 Neuf;"Ubicato a Neufahrn bei Freising, a 5 minuti dalle autostrade A9 e A92 e a 15 minuti dall'aeroporto di Monaco, in un area verde e fuori
dal caos. Hotel offre gratuitamente il WiFi e un parcheggio. Dista 20 minuti di autobus da monaco. Il centro di monaco è raggiungibile
anche con mezzi pubblici.
Tutte tranquille, le camere del Tryp by Wyndham Munich North sono dotate di comodi letti, bagno moderno e TV satellitare. La hall e
gli spazi comuni sono particolarmente grandi e gradevoli";;2;2023-03-15 23:13:21;2023-03-15 23:13:21;NULL
61;NULL;Campanile Paris Est Porte de Bagnolet;28 Av. du Général de Gaulle, 93170 Bagnolet;Situato proprio alle porte di Parigi, il Campanile Paris Est Porte de Bagnolet offre una reception aperta 24 ore su 24 e confortevoli camere con vassoio di benvenuto all'arrivo, WiFi gratuito e TV a schermo piatto. Tutte arredate in stile moderno, le sistemazioni includono una scrivania e un bagno privato con asciugacapelli. Il lounge-bar Le Café serve drink, e il ristorante propone piatti regionali a pranzo e a cena. La fermata della metropolitana Gallieni si trova a 10 minuti a piedi.;;3;2023-03-16 12:56:44;2024-10-08 07:48:16;NULL
62;NULL;Ibis Budget Cannes Centre Ville;3, Rue Mozart Angle, 46 Bd Carnot, 06400 Cannes, Francia;Situato nel cuore di Cannes, a 400 metri dalla stazione ferroviaria, l'ibis budget Cannes Centre Ville offre camere insonorizzate e la connessione Wi-Fi gratuita. Accessibili tramite ascensore, le sistemazioni dell'ibis budget Cannes Centre Ville dispongono di TV satellitare a schermo piatto e bagno privato. Al mattino viene servita una colazione a buffet, e in zona sono presenti ristoranti. Tra gli altri servizi figurano una reception aperta 24 ore su 24 e dei distributori automatici di bevande e snack. La struttura si trova a 700 metri dalla spiaggia e dal Palais des Festivals et des Congrès e a 20 km dal Parco degli animali Marineland. In loco potrete usufruire del parcheggio pubblico a un costo aggiuntivo.;;2;2023-03-17 08:35:03;2023-03-17 09:27:15;NULL
63;20;Roma sud hotel 3***;Via di Vermicino, 52, Frascati;Situato a 4 km da Frascati e a 15 minuti in auto dall'aeroporto di Ciampino, l'Hotel Roma Sud vi offre gratuitamente la connessione Wi-Fi e il parcheggio privato e dispone di una reception aperta 24 ore al giorno e di camere climatizzate. Le moderne sistemazioni sono tutte provviste di pavimenti in parquet, scrivania, frigorifero, TV a schermo piatto e bagno privato con doccia, asciugacapelli e set di cortesia. Al mattino vi attende una colazione a buffet, servita nella sala ristoro, e nelle vicinanze dell'area di servizio troverete vari ristoranti. L'hotel si trova nei pressi dell'uscita Frascati Est dell'Autostrada del Sole A1 diramazione Roma Sud e a 10 minuti di macchina dalla stazione della metropolitana Anagnina, che vi collega con il centro storico di Roma.;;3;2023-03-18 10:29:11;2023-03-18 10:29:11;NULL
64;NULL;triple m hotel 3 ***;Budapest, Baross u 108, 1082 Ungheria;"Il Triple M Hotel serve la prima colazione. Nei dintorni troverete diversi negozi di alimentari e un ristorante nel raggio di 300 metri e la zona di Ráday Utca, con i suoi tanti bar e ristoranti, a 1,6 km. Il Mercato Centrale Nagycsarnok dista 2 km.
Con un bar aperto 24 ore su 24, sistemazioni climatizzate e WiFi gratuito, il Triple M Hotel vi aspetta a Budapest, a 800 metri da un centro commerciale e a 850 metri dalla stazione della metropolitana II. János Pál Pápa Tér, che è la più vicina.";;3;2023-03-18 14:00:39;2023-03-18 14:00:39;NULL
65;NULL;Ibis Budget Paris Aubervilliers;53-61 Rue de la Commune de Paris, 93300 Aubervilliers, Francia;Situato a 600 metri dal centro di Aubervilliers, l'ibis budget Porte d'Aubervilliers offre camere moderne e una reception aperta 24 ore al giorno. Si trova a solo 6 minuti a piedi dalla stazione della metropolitana di Aubervilliers AIME CESAIRE (linea 12), che offre un accesso diretto a Parigi. Tutte le camere con servizi privati sono climatizzate e riscaldate. Sono dotate di TV a schermo piatto. Il parcheggio degli autobus si trova di fronte all'hotel. Tutte le camere dell'hotel sono stato rinnovate in febbraio 2023.;;2;2023-03-21 07:40:03;2023-03-21 07:40:03;NULL
66;27;hotel 3 ***  tipo Conchiglia o Argentina;60019 Senigallia AN;hotel 3 stelle sulla riviera di Senigallia, tutti situati sul lungo mare.;;3;2023-03-21 18:11:46;2023-03-21 18:11:46;NULL
67;27;HOTEL GALILEO 3 ***;Via Nazionale, 22/A, 50123 Firenze FI;‍Situato nel centro storico di Firenze! All'interno di un edificio storico a soli 10 minuti a piedi dalla stazione ferroviaria di Firenze e dal centro espositivo della Fortezza da Basso. A pochi passi da Palazzo Medici, la Cattedrale di Santa Maria del Fiore, Piazza del Duomo e tanto altro. Le nostre camere sono arredate secondo il secondo lo stile della migliore tradizione toscana e pulite con attenzione ogni giorno per offrirvi il piacere di un soggiorno allietato da un’accoglienza calorosa e familiare, in una cornice di squisita e autentica fattura fiorentina. camere per single, coppie, famiglie e gruppi di amici fino a 7 componenti.;;3;2023-03-22 07:38:54;2023-03-22 07:38:54;NULL
68;27;HOTEL PICCOLO 2**;Via S. Gallo, 51, 50129 Firenze FI;"L’accogliente 2 stelle PICCOLO HOTEL Con Access ZTL !!! Ɲel Ƈentro Storico di Ƒirenze !!! si trova nel cuore di Firenze, a 10 minuti a piedi dal Duomo, a 1 km dalla stazione ferroviaria di Santa Maria Novella e a 10 minuti dal centro storico.
Dotata di camere dallo stile classico con TV, bagno privato e aria condizionata su richiesta, la struttura vi servirà ogni mattina una colazione a buffet.
L’hotel metterà a vostra disposizione il WiFi gratuito nelle aree comuni e una reception aperta dalle 08:00 alle 23:00, dove Dorian e Abir vi aiuteranno a pianificare le vostre escursioni e a prenotare musei e ristoranti.";;2;2023-03-22 07:54:24;2023-03-22 07:54:24;NULL
69;NULL;MEININGER MARSEILLE CENTRE LA JOLIETTE;25/27 Rue de Forbin, 13002 Marsiglia, Francia;Situato a Marsiglia, a 400 metri dalla fermata della metropolitana Joliette, il Meininger Marseille Centre la Joliette offre un banco escursioni, camere non fumatori, una sala in comune, la connessione WiFi gratuita e un bar. L’hotel si trova a 1 km dalla stazione ferroviaria di Marsiglia Saint-Charles, a 2,4 km da Rue Saint-Ferreol e a 3,4 km dal Palais du Pharo. L’albergo propone un parcheggio privato in loco. Tutte le sistemazioni dell’hotel presentano un’area salotto, una TV a schermo piatto con canali via cavo e 1 bagno privato con set di cortesia e doccia. Le camere del Meininger Marseille Centre la Joliette sono dotate anche di lenzuola e asciugamani. Al mattino vi attende una colazione continentale o a buffet.;;0;2023-03-28 08:45:13;2023-03-28 08:45:13;NULL
70;27;continental hotel 3***;Via Genova, 2, 10126 Torino TO;"L'Hotel Continental, di categoria tre stelle, è situato in una posizione strategica per i visitatori delle manifestazioni ospitate dal Lingotto Fiere, da Torino Esposizioni, eventi musicali e sportivi che si svolgono presso il PalaAlpitour, l'Oval del Lingotto ed il Palaruffini; è inoltre vicino ai maggiori centri ospedalieri torinesi. A pochi passi dal centro storico, a cui è collegato con la nuova Metropolitana la cui fermata è a 20 mt , l'Hotel è facilmente raggiungibile dalle maggiori arterie autostradali da cui dista 2 km.";;3;2023-03-28 12:52:46;2023-03-28 12:52:46;NULL
71;8;hotel 3 ***;situato al maz 600 m dal centro;hotel 3 stelle centrale. formula roulette. Tutte strutture ben selezionate dal fornitore, il nome esatto verrà comunicato all'atto della conferma viaggio.;;3;2023-03-28 13:41:40;2023-03-28 13:41:40;NULL
72;NULL;Hotel Eliseo;Via di Porta Pinciana, 30, 00187 Roma;Situato a 10 minuti a piedi dalla Scalinata di Trinità dei Monti, l'Hotel Eliseo vanta una terrazza panoramica con viste su Roma e su Villa Borghese, il WiFi gratuito e camere con arredi in stile classico. Alcune con balcone, le sistemazioni dispongono di aria condizionata, pavimenti in parquet o moquette, TV, minibar e bagno privato con asciugacapelli e set di cortesia. Ogni mattina viene servita una colazione continentale a buffet  nella sala da pranzo all'ultimo piano con splendide viste sulla città, comprensiva di prodotti da forno, frutta fresca, prosciutto, formaggio e bevande calde. L'Hotel Eliseo dista 200 metri dall'elegante Via Veneto e 500 metri dalla stazione della metropolitana Spagna. Gli autobus pubblici nelle vicinanze vi permetteranno di raggiungere alcune delle principali attrazioni di Roma.;;4;2023-03-29 11:28:50;2023-03-29 11:28:50;NULL
73;29;VERACLUB MENORCA;NULL;"Il villaggio
300 giorni di sole all’anno, 80 spiagge e calette circondate da pini e macchia mediterranea con un mare meraviglioso. Un piccolo paradiso di pace e tranquillità dove più di qualcuno decide di andare a vivere per sempre. Il Veraclub Menorca lo troviamo sulla costa meridionale dell’isola, a metà strada tra le suggestive località di Ciudadela de Menorca e Mahón, che è il punto (e il porto) più a oriente di tutta la Spagna. Il Villaggio gode di una posizione invidiabile, direttamente sulla lunga e bella spiaggia di Santo Tomas, meta ideale per una vacanza immersi nella natura e nella tranquillità, coccolati dalla nostra Formula Club e da un’animazione sempre pronta a coinvolgervi
  I Servizi
Ristorante con servizio a buffet, bar, piscina attrezzata con ombrelloni e lettini gratuiti fino ad esaurimento.
Wi-fi: collegamento gratuito presso le aree comuni e le camere.
Carte di credito accettate: Visa e Mastercard.

 La spiaggia
La spiaggia pubblica di Santo Tomas è situata proprio di fronte al Villaggio e si presenta come una meravigliosa distesa di sabbia fine, attrezzata con ombrelloni e lettini (a pagamento e fino ad esaurimento). Teli mare gratuiti.
Le camere
146 bilocali composti da balcone, servizi privati con doccia, asciugacapelli, aria condizionata, camera da letto con letti twin, soggiorno con divano letto e letto estraibile, angolo cottura, minifrigo, Tv, telefono; cassetta di sicurezza a pagamento. Corrente a 220 volt con prese a due poli.";;4;2023-03-30 13:48:24;2023-03-30 13:50:59;NULL
74;NULL;hotel 3 stelle tipo hotel Embassy;Viale Trieste, 64, 61121 Pesaro PU;hotel 3 indicato o similare in base alla disponibilità al momento della prenotazione;;3;2023-04-03 13:11:40;2025-06-26 11:34:58;NULL
75;NULL;Hotel Paris;Via Firenze, 57, 00184 Roma;"L'Hotel Paris è collocato tra la stazione centrale di Roma e il centro della città ed è ben servito da autobus e metropolitana. L'albergo si trova in una tranquilla strada secondaria che parte da Via Nazionale, viale ricco di negozi, bar e ristoranti che arriva fino a Piazza Venezia e ai Fori Imperiali.
Questo albergo propone camere moderne e dispone, inoltre, di un bar che serve cibi italiani e internazionali, ma anche una vasta gamma di bevande differenti.";;3;2023-04-04 06:43:17;2024-09-25 16:43:18;NULL
76;27;OSTELLO SETTE SANTI;Viale Dei Mille 11, 50131, Firenze Italia;Ostello 7 Santi nasce all’interno di ex convento di fine ‘800 di Firenze, dove è possibile ritrovare ed apprezzare la tranquillità del convento che garantisce un clima sereno per i viaggiatori. Il convento è stato recentemente ristrutturato per offrire la massima comodità e servizi tecnologici come il wi-fi gratuito in tutta la struttura, 4 postazioni pc con stampante, sala tv, sala giochi attrezzata con Playstation. Vicinissimo al centro di Firenze, facilmente raggiungibile a piedi o tramite la comoda fermata degli autobus situata di fronte all’ostello, da dove, in pochi minuti si può raggiungere Piazza Duomo, Piazza Signoria, Piazza San Marco, Uffizi, Ponte Vecchio, Santa Maria Novella, Piazza Santa Croce.;;0;2023-04-06 13:52:19;2023-04-06 13:52:19;NULL
77;27;hotel San Francesco 4 ****;Via S. Francesco D'Assisi, 15  60025 Loreto AN;"San Francesco Hotel, hotel 4 stelle di Loreto, con eleganti camere, spiaggia privata, centro congressi e ampia sala ristorante.
La straordinaria posizione dell'hotel, dominante il Conero e il colle della città di Loreto, permette di raggiungere a piedi la Basilica con la Santa Casa di Nazareth, il più grande Santuario Mariano d’Italia, luogo di pellegrinaggio famoso in tutto il mondo.
Dall'hotel, in 2 Km, sono facilmente raggiungibili il mare con le splendide spiagge della Riviera del Conero, e alcune tra le più note mete turistiche delle Marche come Osimo e Castelfidardo. L'hotel rappresenta inoltre la soluzione ideale per ospitare pellegrini e gruppi numerosi che vengono in pellegrinaggio a Loreto.";;4;2023-04-07 17:42:37;2023-04-07 17:42:37;NULL
78;15;italy village 4****;Viale dei Pini, 1, 81037 Sessa Aurunca CE;"Italy Village Residence situato a Baia Domizia è composto da 180 appartamenti in un’oasi di pace in muratura e al pianterreno con veranda, tutti ben accessoriati e allestiti per ospitare dalle 2 alle 5 o più persone.
✓ Spiaggia
L'Italy Village è situato direttamente sul mare, spiaggia sabbiosa con ombrelloni e lettini (a pagamento). Rimarrete completamente rapiti e affascinati.
✓ Camere
L'Italy Village possiede appartamenti disposti su una superficie di 18 ettari di pineta naturale. Grazie alla cucina completamente attrezzata della vostra villetta, e con l’aiuto di un piccolo centro commerciale e un comodo supermercato appena all’esterno del villaggio Italy Village, è possibile preparare e consumare i pasti sulla veranda privata dell’appartamento; oppure provare i tipici sapori meridionali della cucina italiana offerti dal ristorante interno e gustare una bella colazione al bar a bordo piscina. Gli appartamenti Italy Village si suddividono in tre tipologie: Tipo A monolocale da 25 metri quadrati per 2 persone, in muratura e al pianterreno. Composto da camera/soggiorno con due letti singoli, cucina e bagno con doccia. Veranda esterna privata con tavolo e sedie; Tipo B trilocale da 51 metri quadrati per 4 persone, in muratura e al pianoterra. Composto da due camere con due letti singoli ciascuna, soggiorno, cucina e bagno con doccia. Veranda esterna privata con tavolo e sedie; Tipo D trilocale da 62 metri quadrati per 5 persone, in muratura e al pianoterra. Composto da due camere con due letti singoli ciascuna (alcuni appartamenti hanno un letto matrimoniale), soggiorno con il quinto letto singolo, cucina e bagno con doccia. Veranda esterna privata con tavolo e sedie. Gli appartamenti Italy Village di Tipo A si dividono in: Tipo A Comfort dotati di aria condizionata e Tv; Tipo A+ Superior, rinnovati recentemente con aria condizionata e Tv e adatti a due adulti + un bambino + un infant. Gli appartamenti Italy Village di Tipo B si dividono in: Tipo B Comfort dotati di aria condizionata e Tv; Tipo B Superior, rinnovati recentemente con aria condizionata e Tv. Biancheria: da bagno, da letto e da cucina con cambio settimanale, ulteriori cambi € 10 per cambio singolo, € 15 cambio matrimoniale.
✓ Ristorante
Nel Villaggio Italy Village Residence è presente un ristorante/pizzeria, spazioso ed aperto su tre lati che si affaccia sui giardini e sulla vigorosa pineta. Aperto a pranzo e a cena, con servizio completo, è specializzato nella cucina italiana del sud. Vini locali, mozzarella di bufala, pomodorini e pesce freschissimo sono gli ingredienti di forza della cucina locale. Non possono mancare le pizze napoletane o “personalizzate” secondo i vostri gusti, cotte rigorosamente in forno a legna garantendone così l'originalità. Nel Ristorante/Pizzera dell'Italy Village è disponibile il menù a la carte e un pratico servizio di take away.";;4;2023-04-11 08:32:14;2023-04-11 08:32:14;NULL
79;27;hotel conchiglia 3***;Via Rieti, 132, 60019 Senigallia AN;"albergo a 3 stelle di Senigallia, si trova a due passi dal mare, nel cuore turistico della famosa ""Spiaggia di Velluto""
e a circa 1 km dallo splendido centro storico di Senigallia, unico borgo medievale dell'Adriatico.";;3;2023-04-14 12:11:27;2023-04-14 12:11:27;NULL
80;NULL;Albergo Alpino;Via Italia, 50 – Casargo (LC);L’ Albergo Alpino di Casargo è un hotel tre stelle con ristorante, aperto tutto l’anno. L’ ambiente è confortevole e famigliare e la cucina è basata principalmente sui piatti tipici della valle.  L’ albergo dispone di 19 camere disposte su tre piani, tutte servite da un comodo ascensore e dotate di telefono e TV satellitare.;;3;2023-04-14 18:41:39;2023-04-14 18:41:39;NULL
81;NULL;Hotel Danieli;17 Rue de la République, 84000 Avignone;Il Danieli Hotel sorge nel pieno Centro Storico di Avignone, a 400 metri dal Palazzo dei Papi e a 10 minuti a piedi dal Ponte San Benedetto. I dipinti visibili in questo hotel sono di Yvan Osscini. Le camere sono dotate di aria condizionata, TV a schermo piatto, scrivania e armadio. Presentano anche un bagno privato con asciugacapelli e vasca o doccia. L’hotel propone la prima colazione e fornisce un distributore automatico di snack. La Stazione Ferroviaria Centrale di Avignone è accessibile in 10 minuti a piedi dall’albergo.;;3;2023-04-16 10:35:11;2023-04-16 10:35:11;NULL
82;NULL;TORINO - Hotel Master 3*;Corso Grosseto 366/7, 10151 Torino Italia;"Per i viaggiatori che visitano Torino, l'Hotel Master è un’ottima scelta per riposarsi e recuperare le energie. 
Famoso per il suo ambiente adatto alle famiglie e la vicinanza a fantastici ristoranti e attrazioni, l'Hotel Master è una location ideale per scoprire facilmente il meglio di Torino. L'hotel di categoria 3*, dispone di camere dotate di TV a schermo piatto, minibar, aria condizionata e la connessione Wi-Fi gratuita.";;3;2023-04-26 11:23:02;2023-04-26 11:39:58;NULL
83;NULL;Hotel Nuova Barcaccia ***;Via Frassino,11 Peschiera del Garda (VR);"L’ Hotel Nuova Barcaccia si trova a 2 km. dal centro di Peschiera del Garda,
sul magnifico Lago di Garda.

La struttura offre camere confortevoli e funzionali.

Vi aspettiamo per trascorrere una rilassante e piacevole vacanza!";;3;2023-04-28 15:24:59;2023-04-28 15:24:59;NULL
84;32;hotel 3 stelle;500 / 600 m dal centro;ottimi 3 stelle dislocati nei vari punti nevralgici delle città.;;3;2023-05-18 09:18:40;2023-05-18 09:18:40;NULL
85;NULL;HOTEL DELLA POSTA - GENOVA;Via Balbi 24, 16126, Genova Italia;"Questo storico hotel sorge nel centro di Genova, nei pressi del Palazzo Reale e a 300 metri dall'Acquario e dal porto. 
In passato vi ha soggiornato anche il famoso Casanova. Essenziali e funzionali, tutte le camere del Posta dispongono di bagno privato e TV LCD.
L'intero edificio dell'hotel è coperto dalla Wi-Fi gratuita. Reception h.24.";;3;2023-05-19 15:07:24;2023-05-19 15:07:24;NULL
86;NULL;Imperial Hotel;Landsberger Str. 463, 81241 München, Germania;Situato a Monaco di Baviera, nel quartiere Pasing, questo hotel a conduzione familiare dispone di collegamenti diretti con i mezzi pubblici per il centro della città. La struttura offre una ricca colazione a buffet e un bar. Le luminose camere dell'Hotel Imperial sono dotate di connessione WiFi, TV e bagno privato con asciugacapelli. Come ospiti dell'Imperial potrete gustare ogni mattina una ricca colazione a buffet con un’ampia gamma di piatti. Nelle vicinanze scoprirete diversi ristoranti e in serata avrete la possibilità di rilassarvi al bar della struttura con una bevanda. La struttura dista 800 metri dalla Stazione ferroviaria S-Bahn (metrotramvia) di Pasing, da cui la Marienplatz, il birrificio Hofbräuhaus e il Giardino Inglese sono raggiungibili in soli 10 minuti.;;3;2023-06-14 11:16:08;2023-06-14 11:16:08;NULL
87;33;GRAFFITI PARK HOTEL;Via Sebastiano Briscioli, 42, 25044 Capo di Ponte BS;"Inaugurato nel 1985, GraffitiPark è stato rinnovato nel 2019 dalla nostra nuova gestione. Disponiamo di 40 camere attrezzate, reception aperta 24h., ristorante da 220 coperti, bar/caffetteria, sala colazione, sala conferenze con proiettore e giardino esterno attrezzato con giochi.
Dall’Hotel puoi raggiungere a piedi, in pochi minuti, il Parco Nazionale delle Incisioni Rupestri di Naquane e gli altri Parchi e strutture museali presenti nel cuore-centro del sito UNESCO n.94 “Arte Rupestre della Valle Camonica”.";;3;2023-06-19 09:40:08;2023-06-19 09:40:08;NULL
88;27;MADRID STERLING HOTEL 3 *** o Similare;San Bernardo, 29 y 31  28015 Madrid España;"L’Hotel Sterling si trova nel pieno centro di Madrid, accanto alla Gran Vía e a 4 minuti dalla Puerta del Sol, vicinissimo a varie linee di autobus e metro.La Gran Vía, accanto alla Puerta del Sol e ai suoi dintorni, spicca per essere la zona più frequentata di Madrid centro, dove potrai trovare un gran numero di negozi specializzati e grandi centri commerciali, teatri e cinema. 
La Gran Vía madrilena è all’avanguardia in quanto a innovazione e modernità; quando la percorrerai da un estremo all’altro, ti renderai conto del perché rappresenta la strada più emblematica di Madrid.";;3;2023-06-27 14:53:43;2024-11-07 22:43:44;NULL
89;NULL;Londra : hotel 3 stelle roulette;zona 1/3 di Londra;"hotel 3 stelle nei pressi del centro di Londra. Camere con bagno privato in camera.
Hotel tipo: Premier Inn City, Traveldoge London City, Ibis Earl's Court o similare";;3;2023-06-28 13:23:40;2023-11-09 15:21:57;NULL
90;NULL;Meininger Paris Porte de Vincennes;37 boulevard Carnot, 75012 Parigi Francia;Il MEININGER Hotel Paris Porte de Vincennes offre un salone in comune, una terrazza, un bar e la connessione WiFi gratuita in tutti gli ambienti. In loco è a disposizione una reception operativa 24 ore su 24. In tutte le sistemazioni si trova un’area salotto, una TV via cavo a schermo piatto e un bagno privato completo di doccia e set di cortesia. Lenzuola e asciugamani sono inclusi in tutte le camere del MEININGER Hotel Paris Porte de Vincennes. Dista pochi minuti a piedi dalla fermata della metropolitana Porte de Vincennes.;;0;2023-06-29 11:08:18;2023-06-29 11:08:18;NULL
91;2;BERLINO: Premier Berlin alexander Platz 4**** o Amano east side, o NH BERLIN PODSDAMER PLATZ;TRA 500M E 3 KM DAL CENTRO;hotel di categoria 4 stelle distanti fino ad un max di 3 km dal centro di Berlino.;;4;2023-07-05 13:48:25;2023-07-05 13:48:25;NULL
92;NULL;Acama Hostel Kreuzberg;Tempelhofer Ufer 8-9, 10963 Berlin, Germania;Situato nel quartiere Kreuzberg di Berlino, a soli 300 metri dalle stazioni della metropolitana Möckernbrücke e Hallesches Tor, questo ostello e hotel offre camere con TV via cavo e una reception aperta 24 ore su 24. Apprezzerete anche il WiFi gratuito in tutti gli alloggi. Affacciata sul canale Landwehrkanal, la struttura dispone di camere variopinte con comodi letti in legno, bagno privato e dipinti dell’artista Otmar Alt. In loco troverete anche l’acama bar e una terrazza solarium.;;0;2023-07-19 11:22:00;2023-07-19 11:22:00;NULL
93;NULL;MEININGER Hotel Salzburg City Center;Fürbergstraße 18-20, Schallmoos, 5020 Salisburgo, Austria;"Situato a 2 km dal centro storico, il Meininger Hotel Salzburg City Center offre il WiFi gratuito in tutte le aree e camere provviste di TV a schermo piatto.
Caratterizzate da moderni arredi in legno, le sistemazioni includono un bagno privato e l'accesso a una cucina in comune e a una zona lavanderia.
Il Meininger Hotel vanta una terrazza all'ultimo piano con vista panoramica sulla città, un bar con tavolo da biliardo e calcio balilla, e una Nintendo Wii e una chitarra che potrete utilizzare.
Il Meininger Hotel Salzburg City Centre presenta inoltre una reception aperta 24 ore su 24, un deposito bagagli e un deposito sci.
La struttura sorge a pochi passi dal centro commerciale ZIB e a meno di 30 minuti di cammino dal Duomo di Salisburgo, dai Giardini Mirabell e dalla Casa natale di Mozart.";;3;2023-07-27 19:41:49;2023-07-27 19:41:49;NULL
94;NULL;Hotel Garden Blue;Via Venezia, 18b, 50121 Firenze;Situato in una posizione strategica a Firenze, il Garden Blue offre camere climatizzate, un giardino, il WiFi gratuito e una terrazza. Questo hotel a 3 stelle dispone di reception aperta 24 ore su 24 e deposito bagagli. Il bagno privato include bidè, set di cortesia e asciugacapelli. Nelle vicinanze sono presenti rinomati luoghi di interesse come la Chiesa di San Marco, la Galleria dell’Accademia e Piazza del Duomo.;;3;2023-07-30 10:19:32;2023-07-30 10:19:32;NULL
95;NULL;Hotel dei Mille;Via dei Mille 7/b - 00185 Roma;Ubicato a soli 200 metri dalla stazione Termini e a 20 minuti a piedi dal Colosseo e dalla Fontana di Trevi, l'Hotel Dei Mille vanta ottimi collegamenti in treno, autobus e metropolitana. Nei pressi di una vasta gamma di ristoranti e caffetterie che servono piatti tipici romani e specialità nazionali e internazionali, l'hotel dista circa 1 km dalla Basilica di Santa Maria Maggiore e dal Teatro dell'Opera. L'Hotel Dei Mille propone una prima colazione servita nell'apposita sala con pareti ad arco e camere arredate in uno stile semplice o moderno e dotate di bagno privato e TV.;;3;2023-07-30 13:41:02;2023-07-30 13:41:02;NULL
96;NULL;Hotel Principe di Piemonte;Via Giovanni Giolitti, 449, 00185 Roma;"Situato vicino alla stazione Termini di Roma, l'Hotel Principe di Piemonte, a conduzione familiare, vi omaggerà con mappe della città e una prima colazione continentale a buffet. In prossimità del Principe, troverete il punto di partenza delle navette aeroportuali, dei treni e degli autobus.
La struttura dista meno di 5 minuti a piedi dalla fermata della metropolitana di Vittorio Emanuele, che vi porterà al Vaticano e a Piazza di Spagna.
Dotato di sistemazioni climatizzate complete di minibar, l'Hotel Principe di Piemonte vanta una lounge e un bar, aperti 24 ore su 24, e uno staff multilingue sempre a vostra disposizione.";;3;2023-07-31 13:30:46;2023-07-31 13:31:45;NULL
97;NULL;Hotel Meridiana;Viale Don Giovanni Minzoni, 25, 50129 Firenze;Situato a Firenze, la struttura è ben collegata con i mezzi pubblici al centro storico. L'Hotel Meridiana dispone della connessione WiFi gratuita in tutte le aree e di una piccola sala riunioni. Offre camere climatizzate con TV satellitare. Ogni mattina viene servita una colazione a buffet nella sala ristorazione. Distante appena 300 metri da Piazza della Libertà, l’Hotel Meridiana può contare su ottimi collegamenti in autobus per la stazione ferroviaria di Firenze Santa Maria Novella. Il personale della reception è operativo 24 ore su 24.;;3;2023-08-08 20:40:13;2023-08-08 20:40:13;NULL
98;20;Roma Hotel San Giusto ***;P.za Bologna, 58, 00162 Roma RM;L'Hotel San Giusto si trova accanto alla fermata della metro Piazza Bologna, a 3 fermate dalla Stazione Termini e a 5 dal Colosseo, e offre camere dotate di minibar e di aria condizionata. Fuori dal San Giusto troverete varie fermate dell'autobus, che permettono collegamenti diretti con Villa Ada e coi negozi di Corso Trieste e Piazza Fiume. Il San Giusto Hotel vanta anche un bar, una reception aperta 24 ore su 24 e una sala TV. La prima colazione è continentale a buffet. Piazza Bologna è un'ottima scelta per i viaggiatori interessati ai monumenti e ai siti antichi, ai centri storici e all'arte ma anche al divertimento e alla vita notturna.;;3;2023-08-21 21:04:42;2023-08-21 21:04:42;NULL
99;15;hotel Vergilius Billa 4  ****;Via Giuseppe Pica, 2/16, 80142 Napoli NA;Nel Cuore di Napoli, in un imponente ed elegante palazzo del 1900,a due passi dalla stazione centrale di Piazza Garibaldi, ha sede, l’Hotel Vergilius Billia. Comfort e Privacy, in un’atmosfera ricca di storia e di arte. L’hotel di recente ristrutturazione, dispone di ascensore, di Sala Ristorante, Sala Meeting e lounge bar. L’hotel Vergilius , rappresenta la scelta ideale per tutti i tipi di soggiorni, brevi o lunghi, di piacere o di affari.;;4;2023-08-22 10:47:34;2023-08-22 10:47:34;NULL
100;20;TORINO: HOTEL ORCHIDEA 3***;Via Claudio Beaumont, 31/c, 10138 Torino TO;"In posizione ideale vicino ad alcuni dei principali punti d'interesse di Torino, come Cappella dei Banchieri e dei Mercanti (1,2 km) e Basilica di Maria Ausiliatrice (1,2 km), l'Hotel Orchidea è un'ottima destinazione per i turisti.
Le camere sono dotate di aria condizionata e scrivania ed è disponibile la connessione Wi-Fi gratuita, così potrai rilassarti, riposarti e navigare online quando desideri.";;3;2023-08-23 10:02:30;2023-08-23 10:02:30;NULL
101;20;ROMA: HOTEL D'ESTE & MONTREAL;Via Carlo Alberto, 4, 00185 Roma RM;Hotel d'Este si trova a 10 minuti a piedi dalla Stazione Termini, accanto alla bellissima Basilica di Santa Maria Maggiore. La reception aperta 24 ore dispone di connessione internet Wi-Fi. Le camere sono dotate di aria condizionata e dotate di minibar e TV. Un'abbondante colazione a buffet inclusa. La d'Este Hotel dispone di un salone, un bar e un giardino dove si può gustare la colazione nelle giornate calde.  ottimi collegamenti con la metropolitana per Roma. Il Colosseo si trova a circa 15 minuti a piedi.;;3;2023-08-28 14:44:31;2023-08-28 14:44:31;NULL
102;27;MONACO: a&o Hostel München Hackerbrücke;Arnulfstraße 102, 80636 München, Germania;Dotato di una terrazza all'ultimo piano, questo hotel si trova a Monaco, a 1 fermata di treno dalla stazione centrale di Monaco e a 7 minuti in auto dal parco Theresienwiese, sede dell'Oktoberfest. L'a&o München Hackerbrücke offre camere con servizi alberghieri e sistemazioni in ostello, distribuite su piani diversi. Il WiFi è fruibile gratuitamente in tutti gli alloggi e nelle aree comuni.  Ubicata a 500 metri, la stazione ferroviaria di Donnersbergerbrücke fornisce ottimi collegamenti con tutte le zone di Monaco.;;3;2023-08-28 16:23:36;2023-08-28 16:23:36;NULL
103;NULL;Hotel Villa Sara;Via Ugo Vallenari, 80, 30173 Mestre, Venezia VE;Circondata da campi verdi, l'hotel dista circa 10 km da Venezia e a 5 minuti di auto dall'aeroporto internazionale di Venezia. Dispone di 18 camere, classiche e climatizzate sono dotate di moquette, minibar e TV. Tutte le sistemazioni si affacciano sul giardino e comprendono un bagno privato con asciugacapelli. Parcheggio bus a disposizione.;;3;2023-08-29 08:50:09;2023-08-29 08:50:09;NULL
104;NULL;Vienna Hotel Mestre-Marghera;Vic. Staz.Mestre, Via Giorgio Rizzardi, 54, 30175 Venezia VE;L'hotel si trova in un quartiere tranquillo di Marghera , posizione ideale per chi viaggia in treno, a pochi minuti dalla stazione ferroviaria di Mestre. Dispone di camere con servizi privati, telefono, TV, asciugacapelli, aria condizionata. Hall, american bar, garden bar, ristorante, sala soggiorno, parcheggio.;;3;2023-08-29 08:54:08;2023-08-29 08:54:08;NULL
105;NULL;Athens Mirabello Hotel;Geraniou 49, Athina 104 31, Grecia;Hotel centralissimo ad Atene, situato su una via pedonale a pochi metri da piazza Omonia e dalla fermata della metropolitana. Ha un'elegante lobby, ristorante e bar. Le sue 50 camere dispongono di servizi privati, asciugacapelli, telefono, connessione internet, minibar, aria condizionata, tv satellitare, cassaforte, balcone. L'Athens Mirabello sorge a 850 metri dal Museo Archeologico Nazionale.;;3;2023-08-31 11:28:15;2023-08-31 11:28:15;NULL
106;NULL;Ilissos Hotel;Kallirrois 72, Athina 117 41, Grecia;Hotel 4* standard situato a 1.5 km dall'Acropoli, dista 10 minuti a piedi dalla stazione del tram e della metropolitana di Sygrou Fix. Offre servizio reception 24h24, bar lounge, ristorante. Tutte le camere sono dotate di aria condizionata, bagni rivestiti di marmo, telefono, tv satellitare, minibar, servizio sveglia, asciugacapelli, tv satellitare, cassaforte, accesso a internet, telefono con linea diretta.;;4;2023-08-31 11:33:09;2023-08-31 11:33:09;NULL
107;NULL;Hotel Beleret;Carrer del Campament, 80, 46035 València;L'hotel è situato a Valencia, in posizione semi-centrale, in prossimità del Palazzo dei Congressi. Il centro dista circa 4,5 km. ed è raggiungibile tramite metropolitana ed autobus di linea. Dispone di camere con servizi privati, telefono diretto, TV satellitare, asciugacapelli, minibar ed aria condizionata, ristorante, bar, sala congressi, ascensore.;;3;2023-08-31 12:56:51;2023-08-31 12:56:51;NULL
108;NULL;DWO Hotel;Av. del Port, 129, 46022 València;Situato tra il centro storico di Valencia e le spiagge, a 15 minuti a piedi dalla Città delle Arti e delle Scienze, il DWO Hotel offre ampie sistemazioni dotate di aria condizionata, TV e connessione Wi-Fi gratuita. La stazione Ayora della metropolitana dista circa 750 metri e la fermata del bus è situata a 50 metri.;;4;2023-08-31 13:02:42;2023-08-31 13:02:42;NULL
109;NULL;Hostel room 007 Ventura;C. de Ventura de la Vega, 5, 28014 Madrid, Spagna;"Situato in zona Barrio de las Letras, il Room 007 offre ascensore, reception aperta 24 ore su 24, bar/lounge ed una terrazza. Le
camere dispongono di servizi privati, aria condizionata e wifi.";;0;2023-08-31 14:20:55;2023-08-31 14:20:55;NULL
110;15;Paestum: Hotel Clorinda 4****;Via Laura, 216, 84047 Paestum SA;"Il Clorinda Paestum Hotel, 4 stelle, circondato da un rigoglioso parco giardino di proprietà, dispone di piscina e parcheggio privati, dista appena 400 mt dalla spiaggia, ed è situato a 3 km dall’affascinante sito archeologico di Paestum dichiarato dall’UNESCO patrimonio dell’Umanità.
L’Albergo, 3 stelle, circondato da un rigoglioso parco giardino di proprietà, dispone di piscina e parcheggio privati, dista appena 350 mt dal mare, ed è situato a 2,5 km dall’affascinante sito archeologico di Paestum dichiarato dall’UNESCO patrimonio dell’Umanità. La cittadina di Capaccio Paestum è ubicata alle porte del Cilento ed al centro del Golfo di Salerno, punto ideale per escursioni alle rinomate località della Costiera Cilentana, delle Costiere Amalfitana e Sorrentina, e Capri. Grande attenzione viene dedicata alla soddisfazione degli ospiti ed il servizio è accurato e di buon livello. Caratterizzato da una accogliente atmosfera familiare, l’Albergo offre svaghi anche per i più piccini, dalla ludoteca alla spiaggia attrezzata, al servizio baby sitting (a richiesta).Qui si vivono romantiche atmosfere, con cene a bordo piscina, percorsi benessere all’aperto con possibilità di prenotare massaggi in giardino. La reception fornisce alla clientela dettagliate informazioni in merito agli eventi ed alle attrazioni turistiche del posto, organizzando trasferimenti guidati ed escursioni nei dintorni ed in tutta la regione.";;4;2023-08-31 20:37:53;2023-08-31 20:37:53;NULL
111;NULL;Hotel Paganini;Via Niccolò Paganini, 66, 50127 Firenze;Hotel Paganini è collegato al centro della città dal tram T2 che permette di raggiungere il centro storico di Firenze in pochissimi minuti. Le camere sono tutte climatizzate e dotate di scrivania e bagno privato con doccia, asciugacapelli e set di cortesia.;;3;2023-09-06 12:31:00;2023-09-06 12:31:00;NULL
112;NULL;hotel SHG Bologna;Via Risorgimento, 186, 40069 Zola Predosa BO;NULL;;3;2023-09-09 16:37:23;2023-09-09 16:37:23;NULL
113;NULL;HOTEL MIAGE;loc. Frazione Pont Suaz, 252 11020 Charvensod AO;"Hotel a soli 2 km dal centro città di Aosta  con ampi spazi verdi a disposizione da dove ammirare il paesaggio.
Le camere sono  climatizzate e dotate di balcone. Dispongono di TV multicanale e asciugacapelli.
 L'Wi-Fi gratuito ti consentirà di restare connesso con il mondo.";;3;2023-09-11 16:35:18;2023-09-11 16:35:18;NULL
114;NULL;Monaco: Minotel Amba;Arnulfstraße 20, 80335 München, Germania;"Questo hotel si trova proprio accanto alla stazione centrale di Monaco, a 2 fermate o a 10 minuti a piedi dal centro della città, Marienplatz, e dalla zona pedonale e commerciale. Le confortevoli camere dell'Hotel Amba offrono un bagno interno e la connessione Wi-Fi, usufruibile con un piccolo supplemento.
A un costo aggiuntivo, nell'accogliente sala colazioni vi attende un delizioso buffet comprensivo di vino frizzante, che vi fornirà le energie necessarie per visitare la città o fare shopping. In 5 minuti a piedi raggiungerete un ristorante convenzionato con la struttura.
Potrete rilassarvi nell'area salotto davanti a un drink e ammirare l'arte locale che arricchisce le pareti.
Di fronte l'Amba troverete la fermate del tram, della U-Bahn (ferrovia sotterranea) e della S-Bahn (metrotramvia), pertanto vi sarà agevole esplorare Monaco e la zona circostante.";;3;2023-09-13 11:54:21;2023-09-13 11:54:21;NULL
115;NULL;Idea Hotel Milano San Siro;Via Gaetano Airaghi, 125, 20153 Milano;L' hotel è una struttura 4 stelle, ubicata nell'omonimo quartiere di Milano e facilmente raggiungibile dalla Tangenziale Ovest. Lo stile moderno e il design degli elementi d'arredo concorrono a creare un'atmosfera colorata e distesa. L'Hotel dispone di 234 camere insonorizzate e studiate per fornire il massimo relax: dai letti con morbido piumino, allo schermo LCD con canali satellitari.;;4;2023-09-14 11:24:14;2023-09-14 11:24:14;NULL
116;15;Hotel Tiempo;Via Sannio, 19, 80146 Napoli;Posto a soli 600 metri dalla stazione della metropolitana Gianturco, l'Hotel Tiempo offre l'accesso a un giardino privato e la connessione WiFi gratuita nell'intera struttura. Vanta inoltre camere climatizzate, un ristorante e una spaziosa terrazza con vista sulla città. Tutte le sistemazioni sono arredate in maniera personalizzata e presentano interni moderni e minimalisti, una TV satellitare a schermo piatto, una scrivania e un bagno completamente attrezzato. Alcuni alloggi si affacciano inoltre sul giardino circostante.;;3;2023-09-14 12:05:47;2023-09-14 12:05:47;NULL
117;18;HOTEL AMBER ECONTEL BERLIN ***S;Posizione: CENTRALE. Situato nel quartiere berlinese di Charlottenburg.;"Struttura: 205 Camere - Ristorante - Bar - Noleggio Biciclette - Parcheggio Bus nelle vicinanze dell'hotel.
Si trova a soli 100 metri dalla fermata dell'autobus di Quedlinburger Str. e a 200 metri dalla stazione della
metropolitana Mierendorffplatz. Le camere sono dotate dei comfort di categoria e dispone di un ristorante che serve specialità
internazionali e piatti tipici.";;3;2023-09-14 16:07:57;2023-09-14 16:09:19;NULL
118;NULL;Hotel Marina Club Baia Domizia 4* o similare tipo Domizia Palace Hotel 4*;NULL;L’Hotel Marina Club è un economico ed accogliente albergo a 4 stelle di Baia Domizia affacciato sul mare, con piscina all’aperto immersa nel verde, due ristoranti, un centro congressi, una spiaggia privata e tanti altri servizi ed impianti sportivi a vostra disposizione. Grazie alla nostra posizione strategica, l’Hotel Marina Club è un ottimo punto di partenza per andare alla scoperta dei vicini tesori culturali, storici e naturali della Campania e per godersi il sole ed il mare di questa regione straordinaria ricca di fascino.;;4;2023-09-15 11:05:58;2023-09-15 11:05:58;NULL
119;27;Campanile Lyon Ouest Tassin;2 Rue de Montribloud, 69160 Tassin-la-Demi-Lune, Lione, Francia;Situato a Lione, il Campanile Lyon Ouest Tassin dispone di un ristorante, una terrazza, una reception aperta 24 ore su 24 e la connessione Wi-Fi gratuita in tutta la struttura. Le camere sono climatizzate e non fumatori e dispongono di TV satellitare e set per la preparazione di tè/caffè con tè, caffè e biscotti. Il bagno privato è dotato di vasca o doccia. Al mattino viene servita una colazione a buffet. Il ristorante serve specialità regionali o piatti tradizionali a pranzo e a cena.;;3;2023-09-16 13:11:00;2023-09-16 13:11:00;NULL
120;6;BCN URBANY GO HOSTEL;Diputació 238, ent 3. 08007 Barcelona;"Sito a Barcellona, sull'Avinguda Meridiana, a 300 metri dalla stazione della metropolitana Clot, l'Urbany Hostel Barcellona, ampio e originale ostello, vanta una sala comune con DVD, TV via cavo e console Wii. wi fi in tutto l'edificio.
I dormitori e le camere sono moderni e climatizzati, e provvisti di armadietti e di bagno interno in camera.
L'Urbany Barcelona propone ogni mattina una colazione continentale a buffet.
L'Urbany Hostel dista 5 minuti a piedi dal centro commerciale Glories, 15 minuti a piedi dalla Sagrada Familia di Gaudí, 15 minuti di
metropolitana o autobus dal centro della città, e 2 km dalla spiaggia.
TIPO DI CAMERE:
Camere 6/8 Letti con bagno privato.
Possibilità di Quadruple (secondo disponibilità)
I letti non occupati saranno lasciati liberi per garantire l'uso privato della camera.";;2;2023-09-18 08:30:21;2024-02-16 12:11:25;NULL
121;NULL;The People Strasbourg;7 Rue de la Krutenau, 67000 Strasbourg, Francia;"Situato a Strasburgo, nella regione dell’Alsazia, a 500 metri dalla Cattedrale di Strasburgo e dal Museo di Storia della Città di Strasburgo, The People - Strasbourg ospita un bar. Questa struttura offre un ristorante, una reception attiva 24 ore su 24, un salone in comune e il WiFi gratuito in tutte le aree. La struttura offre intrattenimento serale e un banco escursioni. Le camere sono dotate di lenzuola. The People - Strasbourg è dotato di una terrazza.
Nei dintorni scoprirete vari luoghi di interesse come la Chiesa di San Paolo, il mercatino di Natale di Strasburgo e il Giardino Botanico dell’Università di Strasburgo. L’Aeroporto Internazionale di Strasburgo, il più vicino, è ubicato a 10 km dal The People - Strasbourg.";;0;2023-09-20 13:25:10;2023-09-20 13:25:10;NULL
122;NULL;Holiday Inn Express Strasbourg Centre;Rue de la Corderie, 67000 Strasbourg, Francia;"Situato a Strasburgo, l'Holiday Inn Express Strasbourg Centre offre il WiFi. Le camere dispongono di TV a schermo piatto, scrivania, set per la preparazione di tè/caffè e bagno privato con doccia.  Le camere multiple sono triple e quadruple; hanno tutte 1 letto matrimoniale(1m60 x 2m00) e 1 divano letto (1m40 x 1m90). Non ci sono camere con 3 o 4 letti separati. La struttura si trova a 1,1 km dalla zona Petite France, a 1,2 km dalla Cattedrale di Strasburgo, a 1,2 km dal Mercatino di Natale di Strasburgo e a 9 km dall'aeroporto internazionale di Strasburgo.";;3;2023-09-20 13:30:08;2023-09-20 13:30:08;NULL
123;NULL;Hotel Hostel Ciarus;7 Rue Finkmatt, 67000 Strasbourg, Francia;Struttura situata nel centro di Strasburgo, a solo 1 km dalla Cattedrale. Le 91 camere fino a 6 posti letto sono dotate di servizi privati, asciugacapelli, TV e wifi. Dispone inoltre di bar, ristorante e ampi spazi comuni.;;0;2023-09-20 14:29:07;2023-09-20 14:29:07;NULL
124;27;Generator Barcelona Hostel;Còrsega 377, Gràcia, 08037 Barcellona;Il Generator Barcelona vi accoglie a 500 metri dall’elegante Passeig de Gracia. L'ostello offre una reception aperta 24 ore su 24, armadietti privati gratuiti nei dormitori condivisi e la connessione WiFi gratuita nelle aree comuni. Potrete raggiungere a piedi le stazioni metro Diagonal e Verdaguer in 5 minuti. Il quartiere di Gràcia, ricco di boutique e bar, dista solo 200 metri. Le camere private e i dormitori includono aria condizionata, riscaldamento, prese elettriche individuali e lampade da lettura. Gli alloggi in comune per sole donne presentano asciugacapelli e altri servizi. A vostra disposizione anche un bagno interno, un lavandino e uno specchio. La biancheria da letto è compresa nella tariffa, mentre gli asciugamani sono fruibili a noleggio presso la reception. I dormitori sono accessibili per gli ospiti di età superiore a 18 anni.;;0;2023-09-21 11:26:08;2023-09-21 11:26:08;NULL
125;27;OK Hostel;C. de Juanelo, 24, 28012 Madrid;"Interamente coperto dal WiFi gratuito, l'Ok Hostel Madrid vi accoglie a 200 metri dalla stazione metropolitana di La Latina di Madrid, e offre un bar e una cucina in comune. In questa struttura troverete camere private con 1 letto matrimoniale, una TV a schermo piatto, una scrivania e un bagno; in alternativa, disporrete di dormitori per 4-6 persone, provvisti di letti a castello, armadietti, e bagno. Durante il soggiorno potrete utilizzare la cucina condivisa o rilassarvi nel salotto, aperto a tutti gli ospiti. Ubicato nel raggio di diversi bar, ristoranti e negozi, l'Ok Hostel Madrid dista 700 metri da punti di interesse come Plaza Mayor e la Puerta del Sol.";;0;2023-09-22 13:11:40;2023-09-22 13:11:40;NULL
126;NULL;Amsterdam hotel 3 ***;da 600 a3 km dal centro di amsterdam;Strutture ben selezionate, poco distanti dal centro mondano e dei Musei di Amsterdam.;;3;2023-09-28 12:16:27;2023-09-28 12:16:27;NULL
127;20;TORINO : MASTER HOTEL TORINO 3***;Corso Grosseto, 366, 10151 Torino TO;"I master hotel & residence è un hotel di recente costruzione. Situato in posizione strategica a pochi passi dallo stadio Juventus nelle vicinanze del parco naturalistico ""la Mandria"" . Una moderna struttura ricettiva che ti accoglienza confort e nell atmosfera rilassante dei suoi ambienti. Ottimamente posizionato alle principali arterie autostradali.";;3;2023-09-29 11:21:49;2023-09-29 11:21:49;NULL
128;20;Torino: NOVOTEL TORINO ACCORD 4****;Corso Giulio Cesare, 338/34, 10154 Torino TO;"Il Novotel Torino Corso Giulio Cesare è un hotel 4 stelle arredato con eleganza e adatto a ogni tipologia di soggiorno. Grazie alla posizione strategica, gli ospiti possono recarsi facilmente in centro città senza rinunciare alla tranquillità assicurata dal vicino parco naturale Stura Sud.
L'hotel dispone di un ampio parcheggio interno, piscina, un bar che propone aperitivi con cui rilassarsi a fine giornata e un servizio ristorante con un'ampia varietà di piatti piemontesi e specialità internazionali.
Novotel Torino è in corso Giulio Cesare 338, a 10 minuti di auto dallo Juventus Stadium e posto in una zona da cui è facile raggiungere il centro città; la sua comoda posizione rispetto all'autostrada, a circa 20 minuti di auto dall'aeroporto e dal centro , lo rende la location ideale per gli ospiti che vogliano visitare i molti luoghi di interesse culturale della città: dal Museo Egizio al Palazzo Reale, dalla Mole Antonelliana al Museo del cinema.";;4;2023-09-29 11:26:06;2023-09-29 11:26:06;NULL
129;NULL;Hotel Harmony;Na Poříčí 1064/31, 110 00 Petrská čtvrť, Praga;A solo pochi minuti a piedi da Piazza San Venceslao, dalla Piazza della Città Vecchia e dalla Strada Reale, l'Harmony hotel rappresenta la scelta ideale per esplorare Praga. L'intero edificio dell'hotel è coperto dalla connessione Wi-Fi gratuita. Le camere sono particolarmente spaziose. Nelle immediate vicinanze dell'Hotel Harmony sono presenti raffinati punti di ristoro e bar.;;3;2023-09-29 13:29:43;2023-09-29 13:29:43;NULL
130;NULL;HOTEL VENEZIA 2000 ***;NULL;"Hotel*** situato a Lido di Venezia direttamente sul Lungomare. L'embarcadero da cui partono i traghetti per Venezia è raggiungibile a
piedi in 10 minuti o con un autobus che ferma proprio davanti all'hotel. Vanta una terrazza panoramica con vista sul Lido di Venezia e
sul Mare Adriatico. Dispone di parcheggio, e camere con TV a schermo piatto, tutte in stile classico e dotate di aria condizionata e
bagno privato con asciugacapelli. Molte dispongono di vista sul mare o sulla città. A disposizione presso l'hotel un ristorante che
propone i piatti della cucina italiana.";;3;2023-09-29 13:37:05;2023-09-29 13:37:05;NULL
131;NULL;MEININGER AMSTERDAM CITY WEST;Orlyplein 1 - 67, 1043 DR Amsterdam, Paesi Bassi;"Sorge a 15 minuti di auto dall'Aeroporto di Schiphol, a 5 minuti di treno dal centro di Amsterdam e a 30 minuti di auto dalla spiaggia di
Zandvoort e dal Parco Nazionale di Zuid-Kennemerland. Dispone di sistemazioni moderne dotate di TV a schermo piatto e
connessione Wi-Fi gratuita, le multiple per studenti sono fino 8 posti letto a castello. L'ostello dispone di un bar, una cucina e una
spaziosa hall decorata con opere d'arte tradizionali olandesi.";;0;2023-09-29 18:25:44;2023-09-29 18:25:44;NULL
132;27;LISBONA: Valencia Hostal 2**;NULL;ottimo Ostello a Lisbona centrale;;2;2023-09-30 09:57:29;2023-09-30 09:57:29;NULL
133;18;Meininger Amsterdam Amstel;Julianaplein 6, 1097 DN Amsterdam;Situato ad Amsterdam, a 2 km dal centro convegni RAI, a 2,1 km dal Teatro Carré e vicino alla stazione ferroviaria di Amsterdam Amstel, il Meininger Amsterdam Amstel offre un bar e una reception operativa 24 ore su 24. Tutte le camere dispongono di scrivania, TV a schermo piatto, un bagno privato con doccia, set di cortesia e asciugacapelli. La struttura sorge a meno di 3 km dal Rijksmuseum, dal Museo Van Gogh e dal Museo Stedelijk, a 2,2 km dall'Heineken Experience e a 11 km dall'Aeroporto di Schiphol.;;0;2023-09-30 13:18:16;2023-09-30 13:18:16;NULL
134;NULL;Havane Hotel O SIMILARE ***;19 Rue Bleue, 75009 Paris, Francia;"Situato in posizione centrale, nei pressi dell opera e dei grandi magazzini , questo hotel offre 50 camere dotate di servizi privati,
telefono diretto,asciugacapelli e televisore. Vicino alla fermata metropolitana Cadet.";;3;2023-10-01 07:46:49;2023-10-01 07:46:49;NULL
135;NULL;DOLOMITI: Bellitalia Piani di Luzza;Località Piani di Luzza, 4, 33020 Forni Avoltri UD;"Nella località Piani di Luzza, con le Dolomiti a far da cornice, sorge il villaggio Bella Italia & Efa Village Dolomiti, ideale per chi anche in vacanza non vuole rinunciare allo sport. Il Bella Italia ospita infatti non solo gruppi e famiglie, ma anche club sportivi, culturali, religiosi e scolastici.
Il villaggio è composto da 5 residence diversi per servizi offerti e collocazione, per andare incontro alle esigenze di ogni tipologia di ospite.";;4;2023-10-02 16:34:52;2023-10-02 16:34:52;NULL
136;NULL;DOLOMITI: Bellitalia Piani di Luzza;Località Piani di Luzza, 4, 33020 Forni Avoltri UD;"Nella località Piani di Luzza, con le Dolomiti a far da cornice, sorge il villaggio Bella Italia & Efa Village Dolomiti, ideale per chi anche in vacanza non vuole rinunciare allo sport. Il Bella Italia ospita infatti non solo gruppi e famiglie, ma anche club sportivi, culturali, religiosi e scolastici.
Il villaggio è composto da 5 residence diversi per servizi offerti e collocazione, per andare incontro alle esigenze di ogni tipologia di ospite.";;4;2023-10-02 16:34:53;2023-10-02 16:34:53;NULL
137;NULL;DOLOMITI: Bellitalia Piani di Luzza;Località Piani di Luzza, 4, 33020 Forni Avoltri UD;"Nella località Piani di Luzza, con le Dolomiti a far da cornice, sorge il villaggio Bella Italia & Efa Village Dolomiti, ideale per chi anche in vacanza non vuole rinunciare allo sport. Il Bella Italia ospita infatti non solo gruppi e famiglie, ma anche club sportivi, culturali, religiosi e scolastici.
Il villaggio è composto da 5 residence diversi per servizi offerti e collocazione, per andare incontro alle esigenze di ogni tipologia di ospite.";;4;2023-10-02 16:35:06;2023-10-02 16:36:33;2023-10-02 16:36:33
138;NULL;DOLOMITI: Bellitalia Piani di Luzza;Località Piani di Luzza, 4, 33020 Forni Avoltri UD;"Nella località Piani di Luzza, con le Dolomiti a far da cornice, sorge il villaggio Bella Italia & Efa Village Dolomiti, ideale per chi anche in vacanza non vuole rinunciare allo sport. Il Bella Italia ospita infatti non solo gruppi e famiglie, ma anche club sportivi, culturali, religiosi e scolastici.
Il villaggio è composto da 5 residence diversi per servizi offerti e collocazione, per andare incontro alle esigenze di ogni tipologia di ospite.";;3;2023-10-02 16:35:20;2023-10-02 16:36:33;2023-10-02 16:36:33
139;NULL;DOLOMITI: Bellitalia Piani di Luzza;Località Piani di Luzza, 4, 33020 Forni Avoltri UD;"Nella località Piani di Luzza, con le Dolomiti a far da cornice, sorge il villaggio Bella Italia & Efa Village Dolomiti, ideale per chi anche in vacanza non vuole rinunciare allo sport. Il Bella Italia ospita infatti non solo gruppi e famiglie, ma anche club sportivi, culturali, religiosi e scolastici.
Il villaggio è composto da 5 residence diversi per servizi offerti e collocazione, per andare incontro alle esigenze di ogni tipologia di ospite.";;3;2023-10-02 16:35:50;2023-10-02 16:36:33;2023-10-02 16:36:33
140;NULL;DOLOMITI: Bellitalia Piani di Luzza;Località Piani di Luzza, 4, 33020 Forni Avoltri UD;"Nella località Piani di Luzza, con le Dolomiti a far da cornice, sorge il villaggio Bella Italia & Efa Village Dolomiti, ideale per chi anche in vacanza non vuole rinunciare allo sport. Il Bella Italia ospita infatti non solo gruppi e famiglie, ma anche club sportivi, culturali, religiosi e scolastici.
Il villaggio è composto da 5 residence diversi per servizi offerti e collocazione, per andare incontro alle esigenze di ogni tipologia di ospite.";;3;2023-10-02 16:36:02;2023-10-02 16:36:02;NULL
141;20;Meininger Venezia Mestre;Via Ca' Marcello, 8C, 30172 Mestre, Venezia;Situato a Mestre, nelle vicinanze della stazione, il MEININGER Venezia Mestre offre una sala in comune, camere non fumatori, la connessione WiFi gratuita nell’intero edificio e un bar.  A disposizione una reception aperta 24 ore su 24, una cucina in comune e un deposito bagagli. Le camere dell’albergo sono provviste di scrivania. Tutte le sistemazioni presentano 1 bagno privato con doccia, set di cortesia e asciugacapelli. Le camere del MEININGER Venezia Mestre sono dotate anche di lenzuola e asciugamani.;;0;2023-10-02 19:50:43;2023-10-02 19:50:43;NULL
142;NULL;Hotel Budapest (ex Hotel Danubius);SZILAGYI ERZSEBET 47 Budapest;Situato in una verdeggiante area residenziale che domina la città, ai piedi delle Colline di Buda e vicino al quartiere del Castello Reale, l’Hotel Budapest presenta una vista panoramica mozzafiato sulla città. Nelle camere, completamente attrezzate, potrete ammirare una splendida vista. L’Hotel Budapest ospita un ristorante aperto a pranzo e a cena che serve piatti della cucina ungherese e internazionale. Avrete a disposizione anche una terrazza stagionale. Dista 10 minuti a piedi dalla stazione della metropolitana Széll Kálmán tér, che porta in centro in circa 10 minuti. Il tram ferma di fronte ed è disponibile parcheggio bus privato.;;3;2023-10-03 12:56:23;2023-10-03 12:56:23;NULL
143;NULL;hotel della catena MASA ***S (Masa Alimrante o Masa 5 Otoubro);NULL;NULL;;3;2023-10-04 11:23:43;2023-10-04 11:23:43;NULL
144;20;Hotel Garibaldi;Via Pasquale Stanislao Mancini, 11, 80139 Napoli;Situato di fronte alla stazione centrale di Napoli, l'Hotel Garibaldi deve il suo nome alla piazza adiacente, Piazza Garibaldi. Ogni giorno, qui si svolge un caratteristico mercato napoletano, dove potrete sperimentare la vera cultura di questa città. Questo accogliente hotel si trova vicino a tutte le principali attrazioni storiche e culturali della città. Tutte climatizzate, le camere dispongono di TV, minibar, connessione Wi-Fi gratuita (fruibile anche nel resto della struttura) e bagno con set di cortesia e asciugacapelli. Accanto alla stazione principale, il Garibaldi Hotel fornisce facili collegamenti con i mezzi pubblici.;;3;2023-10-04 20:29:26;2023-10-04 20:29:26;NULL
145;15;Vergilius Billia Hotel;Via Giuseppe Pica, 2/16, 80142 Napoli;Ubicato a soli 200 metri dalla Stazione Centrale di Napoli e a 10 minuti di autobus dal porto, l'Hotel Vergilius Billia offre camere semplici e climatizzate con TV LCD. Le sistemazioni dell'Hotel Vergilius Billia sono dotate di un bagno completamente attrezzato e, su richiesta, di un minibar. Il ristorante dell'Hotel Vergilius Billia propone specialità napoletane e piatti classici italiani. Il Vergilius Billia dista 20 minuti di auto dall'Aeroporto di Napoli Capodichino e 15 minuti a piedi dal Duomo.;;4;2023-10-04 20:32:58;2023-10-04 20:32:58;NULL
146;NULL;Hotel Wenceslas Square;Mezibranská 1450, 110 00 Nové Město, Praga;Il Wenceslas Square Hotel, a 100 metri da Piazza Venceslao, vanta un ristorante, una reception aperta dalle 07:00 alle 23:00 e la connessione Wi-Fi gratuita. Il parcheggio privato è disponibile a pagamento, previa prenotazione. Le camere sono molto luminose e sono dotate di TV a schermo piatto, ventilatore e bagno privato con doccia e set di cortesia. Tra gli altri servizi del Wenceslas Square Hotel figurano un giardino, un bar e un deposito bagagli. La stazione della metropolitana più vicina è Muzeum, a 120 metri di distanza.;;3;2023-10-04 21:09:49;2023-10-04 21:09:49;NULL
147;NULL;Hotel Vergilius Billia 4* 160m da Stazione Centrale– Napoli;NULL;NULL;;4;2023-10-05 10:05:33;2023-10-05 10:05:33;NULL
148;20;Hotel Nazionale;Rio Terà Lista di Spagna, 158, 30121 Venezia;Situato in prossimità della stazione ferroviaria Santa Lucia e a pochi minuti dalla stazione degli autobus di Piazzale Roma. Grazie al vicino molo per vaporetti si possono raggiungere facilmente tutti i famosi luoghi di interesse di Venezia. Tornando al sestiere di Cannaregio, dove è ubicato l'Hotel Nazionale, potrete si può godere della vasta scelta di ristoranti che soddisfano tutti i gusti e tutte le tasche, nonché esclusivi negozi e boutique e una vasta gamma di locali e discoteche. La reception è aperta 24 ore su 24 e fornisce informazioni e biglietti per escursioni, eventi, visite ai musei, alla città e all'intera Laguna, nonché alle fabbriche di vetro dell'isola di Murano.;;3;2023-10-06 19:41:33;2023-10-06 19:41:33;NULL
149;20;casa soggiorno Giuochi Delfici Roma;Piazza dei Giuochi Delfici,;La struttura, immersa nel verde, vanta una posizione strategica, vicina a luoghi di maggiore interesse turistico della città eterna, quali la basilica di S. Pietro e lo Stato Città del Vaticano, Ponte Milvio con i suoi locali alla moda, il centro storico, Piazza di Spagna, l’Auditorium e lo Stadio Olimpico.;;3;2023-10-06 21:50:22;2023-10-06 21:50:22;NULL
150;20;Roma: hotel Orazia 3***;Via Buonarroti, 51, roma;L’Hotel Orazia è un albergo nel centro storico di Roma, situato al quinto piano di un palazzo storico dei primi anni del Novecento in Via Buonarroti 51, nei pressi della Basilica di Santa Maria Maggiore e della Stazione Ferroviaria Termini.;;3;2023-10-06 22:04:08;2023-10-06 22:04:08;NULL
151;NULL;Hotel Kazimierz III;Podbrzezie 5, 31-054 Cracovia;L’albergo a 3 stelle Hotel Kazimierz III si trova nel quartiere ebraico di Kazimierz, a 650 metri dal parco Planty, che circonda la città vecchia, e a 700 metri dal Castello Reale di Wawel. Arredate in stile classico, le camere dispongono di bollitore e TV a schermo piatto con canali via cavo. Godono inoltre di un bagno privato completo di set di cortesia. L’albergo presenta una reception aperta 24 ore su 24. L’Hotel Kazimierz III dista 800 metri dalla Galeria Kazimierz, 1 km dalla Piazza Principale del Mercato e 10 km dall’Aeroporto di Cracovia-Balice.;;3;2023-10-07 12:22:32;2023-10-07 12:22:32;NULL
152;27;MADRID : VALENCIA HOSTAL 2**;C.Gran Vía, 44, 28013 Madrid, Spagna;Ricavato in un magnifico edificio sulla famosa Gran Vía, nel centro di Madrid, questo affascinante albergo è il luogo di soggiorno perfetto per visitare la vivace capitale spagnola. Dall'Hostal Valencia Madrid potrete raggiungere a piedi molte famose attrazioni della città, fra cui la Puerta del Sol, Plaza Mayor e il Palacio Real. Il famoso quartiere dei musei si trova anch'esso a breve distanza a piedi dall'hotel. Dopo una lunga giornata di visite turistiche, potrete tornare nella vostra camera e rilassarvi. Concedetevi un bagno rilassante nella vostra sala da bagno interna prima di accomodarvi davanti alla TV per guardare un film. L'hotel offre la connessione internet Wi-Fi gratuita che copre tutta la struttura, nonché internet point gratuiti presso la reception. Di sera potrete vagare per le vivaci strade di Madrid e gustare l'ottima cucina spagnola o trascorrere la serata in un club.;;2;2023-10-09 06:36:34;2023-10-09 06:36:34;NULL
153;NULL;Hotel Atrium Charlottenburg;Kaiser-Friedrich-Straße 53, 10627 Berlino;Situato a soli 200 metri dalla stazione dell'S-Bahn (metrotramvia) Charlottenburg, l'Hotel Atrium Charlottenburg di Berlino offre camere non fumatori e una reception aperta 24 ore su 24. Distante appena 500 metri dalla zona pedonale di Wilmersdorfer Straße, il 3 stelle Hotel Atrium Charlottenburg vanta ampie camere in stile contemporaneo dotate di TV via cavo, scrivania, cassaforte e accesso al Wi-Fi. Al mattino potrete usufruire di una colazione opzionale servita nell'apposita sala dell'Atrium, caratterizzata da uno stile classico con eleganti mobili in legno. Ogni giorno vengono forniti quotidiani in omaggio. Ubicato a 800 metri dalla via dello shopping Kurfürstendamm, l'Atrium Charlottenburg è ben servito dalla stazione dell'S-Bahn Charlottenburg, con treni diretti per lo Stadio Olimpico e per il centro espositivo ICC, a 10 minuti di tragitto. Proprio di fronte all'hotel transita un autobus turistico che vi consentirà di esplorare Berlino.;;3;2023-10-10 07:24:56;2023-10-10 07:24:56;NULL
154;NULL;Hotel City Residence Access;11 Rue des Magasins, 67000 Strasburgo, Francia;"Struttura semplice vicino alla stazione ferroviaria, situata a 2 km da luoghi d'interesse come Place de Haguenau e Cattedrale. Dotata
da ascensore, sala colazioni (fino a max 30 pax) e wifi. I 125 appartamenti con servizi privati dispongono di TV sat, cucina con frigorifero, piano cottura e microonde. (gli appartamenti non hanno balconi).";;2;2023-10-10 09:10:36;2023-10-10 09:10:36;NULL
155;NULL;berlino : AM SCHLOSS KOEPENICK BERLIN BY GOLDEN TULIP;Grünauer Str. 17-21, 12557, Berlino, GERMANY, BERLIN (GERMANY);"Situato nel verdeggiante quartiere Köpenick di Berlino, questo hotel raffinato offre una ristorazione gourmet, la connessione WiFi gratuita e una vista panoramica sul fiume Dahme e sullo Schloss Köpenick. Le spaziose camere dell'Hotel am Schloss Köpenick Berlin by Golden Tulip includono una TV satellitare, letti ortopedici e tende oscuranti. Al mattino vi attende una colazione a buffet, che comprende specialità del nordiche, mentre il ristorante Il Colosseo serve piatti italiani. Al bar della hall, invece, potrete invece gustare cocktail e vini pregiati. L'Hotel am Schloss Köpenick rappresenta la base ideale per esplorare l'Altstadt di Köpenick (centro storico) e propone un molo privato dal quale potrete salpare per una gita in barca. L'Hotel am Schloss Köpenick Berlin by Golden Tulip dista appena 10 minuti a piedi dalla stazione della S-Bahn (metrotramvia) di Spindlersfeld, soli 50 metri dalla fermata del tram di Köllnischer Platz e 45 minuti con i mezzi pubblici dal centro di Berlino.Alle prenotazioni di oltre 5 camere la struttura potrebbe applicare differenti condizioni e supplementi. 
Internet WiFi disponibile gratuitamente nelle camere. 
Parcheggio privato disponibile in loco e non prenotabile al costo di 10 EUR al giorno . 
Animali ammessi su richiesta. Potrebbe essere richiesto un supplemento. 
Sono ammessi bambini di tutte le età. I bambini fino a 3 anni inclusi possono soggiornare gratis in una culla (se disponibile). I bambini fino a 12 anni inclusi possono soggiornare gratis in uno dei letti già presenti. Gli ospiti di qualsiasi età possono soggiornare al costo di € 20 a persona a notte in un letto extra (se disponibile). Qualsiasi tipo di letto supplementare o culla è disponibile su richiesta e previa conferma da parte della struttura. I supplementi non sono inclusi nell’importo totale e devono essere pagati separatamente durante il soggiorno.";;3;2023-10-11 10:03:29;2023-10-11 10:03:29;NULL
156;NULL;SOLO VOLO;NULL;VOLO A/R LOW COAST;;0;2023-10-11 10:10:06;2024-01-03 22:02:38;NULL
157;NULL;Hotel Carmen;Hansastraße 146, 81373 München;L'Hotel si trova in una zona residenziale di Monaco, immersa nel verde, a 200 metri dalla stazione ferroviaria Harras che lo collega direttamente con il centro di Monaco in 7 minuti. In soli 5 minuti a piedi sono raggiungibili i giardini Westpark, e a 10 minuti la birreria Hofbräuhaus e Marienplatz. Fermata U6 a circa 350 metri dall'Hotel. Strutturata su 3 piani con ascensore. Dispone di 63 camere con TV, bagno privato con phon, Wi-Fi gratis in tutta la struttura. Il parcheggio Bus si trova nella Hanstastrasse 51.;;3;2023-10-11 11:32:11;2023-10-11 11:32:11;NULL
158;NULL;Aguilar Hostal Madrid;Carrera San Jeronimo 32 2 Planta, 28014 Madrid Spagna;"Questa struttura offre alloggi semplici, puliti, un buon rapporto prezzo qualità e si trovano a breve distanza di cammino dalle principali attrazioni turistiche di questa capitale monumentale, compresa la storica Puerta del Sol e la Plaza Mayor.
Tutte le camere dell Hostal Aguilar dispongono di bagno interno, di TV e sono ideali per rilassarsi la sera, dopo una lunga visita della città durata tutto il giorno.
La struttura dispone anche di una reception aperta 24 ore su 24 che vi consente di godere, fino alle prime ore del mattino, di questa vivace città, grazie alla presenza di molti ristoranti, bar e discoteche.";;0;2023-10-12 17:52:18;2023-10-12 17:52:18;NULL
159;NULL;The Brand Hotel;Via Degli Aldobrandeschi 295, Aurelio, 00163 Roma;Situato in verdeggiante e tranquillo quartiere di Roma, l’Hotel The Brand propone un parcheggio gratuito e un garage accessibile. Si può raggiungere la stazione della metropolitana Baldo degli Ubaldi (linea A) approfittando di collegamenti tramite un autobus pubblico, con corse ogni 30 minuti. Il Brand mette a disposizione una sala lettura, ampi giardini privati e una sala TV. Tutte le camere del Brand sono dotate di ambienti luminosi e aria condizionata.;;4;2023-10-12 21:21:37;2023-10-12 21:25:28;NULL
160;NULL;Hotel dei Gonzaga e Residenze adiacenti;NULL;Situato proprio sulla meravigliosa Piazza Sordello, ad appena pochi passi dal Palazzo Ducale e dal Duomo di Mantova, l’Hotel dei Gonzaga offre l’opportunità di soggiornare nel cuore della città.;;3;2023-10-13 07:52:48;2023-10-13 07:52:48;NULL
161;NULL;HOTEL 3*** TIPO CATALONIA;NULL;NULL;;3;2023-10-13 09:20:29;2023-10-13 09:20:29;NULL
162;NULL;Hotel Cristallo;Via Los Angeles 195 06081 Assisi (PG);L’Hotel Cristallo grazie alla sua perfetta posizione a Santa Maria degli Angeli, gode di una splendida vista su Assisi.;;4;2023-10-13 10:27:41;2023-10-13 10:27:41;NULL
163;NULL;Elba Lanzarote royal village resort 4****;Av. Faro Pechiguera, 1, 35580 Playa Blanca, Las Palmas, Spagna;"Situato a Playa Blanca sull'Isola di Lanzarote, a 15 minuti a piedi dalla spiaggia Flamingo, l'Elba Lanzarote Royal Village Resort è progettato come una tipica cittadina di Lanzarote e offre la connessione WiFi gratuita in tutte le aree.

Questo complesso offre camere climatizzate e dotate di TV satellitare a LED, cassaforte, minibar, set per la preparazione di tè e caffè, ventilatore e bagno privato con spaziosa doccia, asciugacapelli e specchio ingranditore.

Sul posto troverete un bar a bordo piscina e 4 ristoranti, con opzioni di menu alla carta e a buffet.

L'hotel presenta un solarium con lettini e varie piscine, complete di cascate e area per bambini. Potrete inoltre dedicarvi ad attività come il calcio, il tennis e la pallavolo, e usufruire di una palestra con corsi di yoga, Pilates e Zumba. A disposizione anche un centro benessere con diverse opzioni e trattamenti.

L'Elba Lanzarote Royal Village Resort dista 5 minuti in auto da Playa Blanca, 20 km dal Parco Nazionale di Timanfaya e 28 km dall'Aeroporto di Lanzarote.";;4;2023-10-13 17:15:26;2023-10-13 17:15:26;NULL
164;NULL;Hotel Residence Bologna;Konviktská 263 /5, 110 00 Staré Město, Cechia;Il Residence Bologna vi accoglie nel cuore di Praga, a soli 6 minuti a piedi dal Ponte Carlo e a 10 minuti di passeggiata dalla Piazza della Città Vecchia. La struttura offre la connessione WiFi gratuita in tutte le aree. Tutte le camere del Residence Bologna sono climatizzate e dispongono di TV satellitare a schermo piatto e bagno. Al mattino presso questo hotel viene servita una colazione a buffet. Il Residence Bologna si trova a circa 1 km da Piazza San Venceslao e dal Museo Nazionale. Il Teatro Nazionale si trova a una sola fermata di tram di distanza.;;4;2023-10-13 19:43:35;2023-10-13 19:43:35;NULL
165;NULL;Via Hostel Amsterdam;20 Diemerhof Via Amsterdam, 1112 XN Amsterdam;Situato ad Amsterdam, l'ostello offre una terrazza, un salotto in comune, una reception aperta 24 ore su 24. La struttura si trova a 1,6 km dallo stadio Amsterdam Arena e dal centro conferenze Amsterdam Studio, a 5 km dal centro congressi Amsterdam RAI e a 9 km da Piazza Dam. Le vicine stazioni del tram e della metropolitana permettono di spostarsi facilmente in città. Le camere dell'ostello sono dotate di TV e bagno privato.;;0;2023-10-13 20:48:53;2023-10-13 20:48:53;NULL
166;NULL;MONACO BENTO INN;Stahlgruberring 45, 81829 München, Germania;"Situato a Monaco di Baviera, a 2,9 km dal centro congressi ICM-Internationales, il Bento Inn Munich Messe offre procedure di check-in/check-out express, camere non fumatori, un centro fitness, il WiFi gratuito in tutte le aree e un salone in comune. Questo hotel a 3 stelle mette a disposizione un deposito bagagli. In loco è presente un parcheggio privato.
Le camere dispongono di una scrivania e di una TV. Inoltre, gli alloggi comprendono un bagno privato con doccia e asciugacapelli.
 Al mattino vi attende una colazione a buffet, continentale o vegetariana. Durante la permanenza al Bento Inn Munich Messe, potrete inoltre usufruire di un centro business e di alcuni distributori automatici di snack e bevande. Il personale della reception, aperta 24 ore su 24, parla arabo, bosniaco, tedesco e inglese. La struttura dista 7,4 km dalla stazione ferroviaria di Monaco Ost e 7,6 km dal Museo Nazionale Bavarese. L’Aeroporto di Monaco di Baviera è lo scalo più vicino, a 35 km dal Bento Inn Munich Messe.";;0;2023-10-16 09:51:14;2023-10-16 09:51:14;NULL
167;NULL;Hotel Daniel;Sonnenstraße 5, 80331 Monaco;Ubicato nel centro di Monaco, a pochi passi da Karlsplatz (Stachus) e a 6 minuti a piedi dalla stazione centrale, l'Hotel Daniel è una struttura a 3 stelle e presenta ampie camere, una sala conferenze e una prima colazione a buffet ogni mattina. Tutte le sistemazioni includono una TV e un bagno privato. L'edificio è interamente coperto dalla connessione WiFi gratuita. L'Hotel Daniel si trova nei pressi del centro storico e delle vie dello shopping dell'area pedonale di Monaco, a 10 minuti a piedi dalla piazza del municipio Marienplatz. Le stazioni della S-Bahn (metrotranvia) e della metropolitana di Karlsplatz (Stachus), raggiungibili in 2 minuti di cammino, offrono collegamenti rapidi con l'Aeroporto di Monaco di Baviera e il centro espositivo Neue Messe München.;;3;2023-10-16 11:09:54;2023-10-16 11:09:54;NULL
168;NULL;Hotel Matejko;plac Jana Matejki 8, 31-157 Cracovia;Situato nel centro storico di Cracovia, a soli 650 metri dalla Piazza del Mercato Principale, a 500 metri dalla stazione ferroviaria di Krakow Glowny e soli 2 minuti a piedi dal centro commerciale Galeria Krakowska. Struttura: 48 camere, Ristorante, WiFi gratuito. Consigliato perché: struttura centralissima, offre camere semplici ed accoglienti con TV satellitare e connessione WiFi.;;3;2023-10-16 12:12:28;2023-10-16 12:12:28;NULL
169;18;JC Jardines;C. de los Jardines, 3, 28013 Madrid;Situato in una posizione ideale nel quartiere del centro di Madrid, il Jc Rooms Jardines dista meno di 1 km dal Mercado de San Miguel, 12 minuti a piedi dal Museo Thyssen-Bornemisza e 1 km dal Museo del Prado. La struttura si trova a 400 metri dalla Gran Via, a 1 km dal Palazzo Reale di Madrid e a 1,7 km dal Museo Reina Sofia. Avrete a disposizione una reception attiva 24 ore su 24 e il WiFi gratuito in tutte le aree. Le camere sono dotate di armadio, TV a schermo piatto, bagno privato, lenzuola e asciugamani. Al mattino il Jc Rooms Jardines propone una colazione continentale.;;3;2023-10-16 20:27:53;2023-10-16 20:27:53;NULL
170;NULL;Hotel Catalonia Roma;Av. de Roma, 31, 08029 Barcelona;Coperto dal WiFi gratuito, il Catalonia Roma sorge a 600 metri dalla stazione dei treni AVE e della metropolitana di Sants. Questa struttura con WiFi si trova a 10 minuti di metropolitana o di autobus dal centro di Barcellona. Potrete raggiungere l’Aeroporto di Barcellona con un treno diretto dalla stazione di Sants o con l’autobus che ferma davanti a tale stazione. Le camere, tutte moderne e climatizzate, sono dotate di pavimenti in legno, mini frigo con acqua gratuita e TV satellitare. Inoltre dispongono di cassaforte e bagno privato con asciugacapelli. Il ristorante dell’hotel propone la colazione a buffet.  A 15 minuti a piedi dall'hotel scoprirete Plaza Espanya, la Fontana Magica di Montjuic e il Centro Congressi Fira. La reception del Catalonia Roma, aperta 24 ore su 24, presenta un grande lucernario in vetro colorato.;;3;2023-10-16 21:12:42;2023-10-16 21:12:42;NULL
171;NULL;Hotel Vienna House Easy Kracow;Przy Rondzie 2, 31-547 Cracovia;Vienna House Easy by Wyndham Cracow si trova a pochi passi dal centro di Cracovia, a 900 metri dalla stazione ferroviaria Kraków Główny. Offre camere climatizzate con TV satellitare e connessione Wi-Fi gratuita, affidabile e veloce.Le came re accoglienti ma moderne e funzionali dell'hotel dispongono di bagno privato e scrivania. Al mattino è disponibile una colazion con prodotti caldi e freddi. Il personale della reception del Vienna House Easy by Wyndham Cracow è disponibile 24 ore su 24. Gli ospiti possono utilizzare gratuitamente il centro fitness dell'hotel, mentre l'accesso alla sauna è a pagamento. L'hotel mette a disposizione degli ospiti anche un servizio taxi privato. Vienna House Easy by Wyndham Cracow si trova a circa 1,5 km dalla piazza del mercato principale. Il Castello di Wawel dista 2 km. Si trova molto vicino ai quartieri degli affari, alla Tauron Arena, all'Opera Krakowska e ai tribunali regionali.;;3;2023-10-17 20:59:46;2023-10-17 20:59:46;NULL
172;NULL;Meininger Krakow Centrum;Grzegórzecka 10, 31-530 Cracovia;Situato in una buona posizione a Cracovia, il MEININGER Kraków Centrum offre camere climatizzate, un salone in comune, la connessione Wi-Fi gratuita e un bar. La struttura si trova a 2,5 km dal Museo della Fabbrica di Schindler, a 1,2 km dalla Porta di San Floriano e a 1,2 km dalla Galeria Krakowska. In loco è disponibile un parcheggio privato. Le camere dell'ostello sono dotate di vista sulla città e bagno privato con doccia e asciugacapelli. Tutte le camere del MEININGER Kraków Centrum sono dotate di scrivania e TV a schermo piatto. Come ospiti della struttura potrete gustare una colazione a buffet. Parlando sia inglese che polacco, il personale della reception potrà aiutarvi a pianificare il vostro soggiorno. I luoghi di interesse nelle vicinanze del MEININGER Kraków Centrum includono la Basilica di Santa Maria, il viale Lost Souls e la stazione ferroviaria centrale di Cracovia. L'aeroporto più vicino è quello internazionale Giovanni Paolo II di Cracovia-Balice, a 25 km dall'ostello.;;0;2023-10-17 21:13:51;2023-10-17 21:13:51;NULL
173;NULL;Hotel Bernardino;Via di Tiglio, 109, 55100 Lucca;"L'Hotel Bernardino si trova appena fuori le antiche mura di Lucca, nei pressi di Porta Elisa, e offre camere con aria condizionata, TV satellitare e WiFi.
Le sistemazioni sono dotate di bagno privato con asciugacapelli. Il Bernardino dista 15 minuti a piedi dalla Cattedrale di Lucca e 50 metri dal Monastero e Santuario di Santa Gemma Galgani.";;3;2023-10-18 11:08:56;2023-10-18 11:08:56;NULL
174;NULL;Academy Plaza Hotel;10-14, Findlater Pl, O'Connell Street Upper, Rotunda, Dublino;"Situato nelle immediate vicinanze di O’Connell Street e a 5 minuti a piedi dalla stazione ferroviaria di Connolly, l’Academy Plaza Hotel offre un ristorante ed eleganti camere climatizzate con connessione WiFi gratuita. Le sistemazioni dell’Academy Plaza Hotel sono moderne, decorate con colori vivaci e dotate di TV a schermo piatto, scrivania e bagno rifinito in marmo. Il Plaza Bar & Grill propone tè e caffè assortiti, e piatti tradizionali a base di prodotti freschi e locali. Presso il ristorante Oscars, ubicato all’interno dell’edificio, vi attende invece una prima colazione continentale o all’irlandese.
L’albergo è accessibile in 10 minuti di cammino dal quartiere Temple Bar e si avvale di una reception aperta 24 ore su 24. Sede di una fermata della L’Academy Plaza dista infine circa 10 minuti a piedi dal Trinity College e dal Castello di Dublino.";;3;2023-10-18 20:07:13;2023-10-18 20:07:13;NULL
175;NULL;Hotel Campanile Cracovia;Świętego Tomasza 34, 31-023 Cracovia;Situato nel cuore della Città Vecchia di Cracovia, accanto al Parco Planty, il Campanile Cracovie gode di una posizione strategica, dalla quale potrete raggiungere con facilità i tanti negozi, bar, pub e ristoranti della zona. Le camere, ampie e climatizzate, sono tutte dotate di una TV a schermo piatto con canali via cavo e di un bagno con vasca e doccia, mentre la connessione Wi-Fi è disponibile nelle aree comuni e gratuita. Si possono raggiungere a piedi i principali luoghi di interesse di Cracovia, quali la Basilica di Santa Maria, il Palazzo del Tessuto (Sukiennice) e l'Università Jagellonica. Il Campanile Cracovia dista 14 minuti a piedi dal Castello di Wawel, 1,2 km dall'antico quartiere ebraico Kazimierz e soli 700 metri dalla principale stazione ferroviaria e dei bus navetta di Cracovia.;;3;2023-10-19 11:15:05;2023-10-19 11:15:05;NULL
176;NULL;Meininger Bruxelles Gare du Midi;Rue Bara 101, 1070 Bruxelles;Situato a Bruxelles, a 400 metri dalla Stazione di Bruxelles-Midi, il MEININGER Hotel Bruxelles Gare du Midi offre un salone comune, un parcheggio privato, una terrazza e un bar. La connessione WiFi gratuita è fruibile in tutte le aree e avrete a disposizione  una reception attiva 24 ore su 24. Questa struttura per non fumatori si trova a 1,2 km da Porte de Hal. Tutte le camere dell’hotel sono dotate di area salotto e TV a schermo piatto. Il bagno privato è munito di doccia, set di cortesia e asciugacapelli. Le camere del MEININGER Hotel Bruxelles Gare du Midi sono corredate di biancheria da letto e asciugamani.;;0;2023-10-19 12:08:59;2023-10-19 12:08:59;NULL
177;NULL;A&O Budapest City;Budapest, Csengery u. 11, 1074;Situato in una posizione incantevole a Budapest, l'a&o Budapest City offre camere climatizzate, un salone in comune, la connessione WiFi gratuita e un bar. Tra i luoghi di interesse nei dintorni figurano l'Opera di Stato Ungherese, la Stazione Ferroviaria Keleti e Piazza degli Eroi. In loco avrete a disposizione una cucina in comune e un bancomat. Tutte le sistemazioni dell’ostello sono dotate di TV a schermo piatto. Tutte le camere includono un bagno privato, un asciugacapelli e le lenzuola.;;0;2023-10-22 13:27:11;2023-10-22 13:27:11;NULL
178;NULL;ALETTO KUDAMM GMBH;Hardenbergstraße 21, 10623 Berlin, Germania;"La Porta di Brandeburgo si trova a una distanza di circa 10 minuti di macchina e il Museo di Pergamon può essere raggiunto in 10 minuti in macchina.
Una cassetta di sicurezza, una TV a schermo piatto con canali satellitari e dei rilevatori di fumo vegono offerti nelle camere adatte agli ospiti allergici.";;3;2023-10-23 11:31:33;2023-10-23 11:31:33;NULL
179;NULL;LISBONA HTL 3 *** o similare;FORMULA ROULETTE CENTRALE;NULL;;3;2023-10-23 12:45:45;2024-10-24 10:21:09;NULL
180;NULL;LA THUILE: HOTEL PLANINBEL;NULL;La Thuile è il comune più occidentale della Valle d’Aosta ed è situato a 1441 m.s.l.m. Il paese, con le case in pietra e legno e i caratteristici tetti in “losa” conserva il sapore di un autentico borgo di montagna. Collocato fra il massiccio del Rutor, la piramide del Grand Assaly e la catena del Monte Bianco, Il TH La Thuile - Planibel Hotel & Residence è un articolato complesso in stile alpino situato a pochi passi dal paese di La Thuile. I residence e l’hotel sono collegati tra loro da una piazzetta su cui si affacciano negozi e boutique, un luogo di ritrovo, eventi, shopping e svago, in cui i bambini possono giocare in sicurezza e serenità.;;4;2023-10-24 07:27:15;2023-10-24 07:27:15;NULL
181;NULL;A&O;Via Ca' Marcello, 19, 30172 Venezia VE;"L'ostello, si trova a circa 600 m dalla stazione ferroviaria di Mestre, molto ben collegata con la città di Venezia (10 minuti in bus per
arrivare a Santa Lucia). Tutte le camere (4/6/8 posti letto la maggior parte con nuova generazione di letti a castello) sono dotate di
presa USB in ogni posto letto, bagno, tv, aria condizionata, armadietti, wii-fi, i bagni dispongono di asciugacapellii e dispencer sapone
sia vicino al lavandino che nella doccia. L'hotel dispone di 1 camera per disabili in ogni piano. La colazione e la cena sono a buffet.
L'Ostello offre Bar e reception, deposito gratuito bagagli per i gruppi, Wi-Fi gratuito anche nelle aree comuni, angolo per i bambini,
TV nella lobby, sala meeting, biliardo, calcio balilla, noleggio biciclette, biglietti per i trasporti Actv (la fermata dei bus per Venezia è
fronte hotel), lavanderia a gettoni, working space. L'ostello non dispone di un parcheggio per il bus.";;0;2023-10-25 17:05:29;2023-10-25 17:09:21;2023-10-25 17:09:21
182;NULL;A&O VENEZIA;Via Ca' Marcello, 19, 30172 Venezia VE;"L'ostello, si trova a circa 600 m dalla stazione ferroviaria di Mestre, molto ben collegata con la città di Venezia (10 minuti in bus per
arrivare a Santa Lucia). Tutte le camere (4/6/8 posti letto la maggior parte con nuova generazione di letti a castello) sono dotate di
presa USB in ogni posto letto, bagno, tv, aria condizionata, armadietti, wii-fi, i bagni dispongono di asciugacapellii e dispencer sapone
sia vicino al lavandino che nella doccia. L'hotel dispone di 1 camera per disabili in ogni piano. La colazione e la cena sono a buffet.
L'Ostello offre Bar e reception, deposito gratuito bagagli per i gruppi, Wi-Fi gratuito anche nelle aree comuni, angolo per i bambini,
TV nella lobby, sala meeting, biliardo, calcio balilla, noleggio biciclette, biglietti per i trasporti Actv (la fermata dei bus per Venezia è
fronte hotel), lavanderia a gettoni, working space. L'ostello non dispone di un parcheggio per il bus.";;0;2023-10-25 17:09:45;2023-10-25 17:09:45;NULL
183;20;Hotel Villa Rosa;Via Giovanni Prati, 1, 00152 Roma;"Situata a soli 5 minuti a piedi dalla Stazione di Trastevere, la Villa Rosa dispone di ottimi collegamenti col centro storico di Roma e col Vaticano e di un facile accesso dall'Aeroporto di Fiumicino. Le camere dell'Hotel Villa Rosa sono semplici e moderne e dotate di TV satellitare e aria condizionata.
Potrete usufruire di un deposito bagagli gratuito. Sono presenti un lounge-bar e una reception sempre aperta.";;3;2023-10-25 20:34:06;2023-10-25 20:34:06;NULL
184;18;EUROHOTEL MILANO;Via Giuseppe Sirtori, 24, 20129 Milano MI;"Situato nel quartiere di Porta Venezia, nel cuore di Milano, soli 10 minuti a piedi dalla via della moda di Montenapoleone, l'hotel offre
la connessione Wi-Fi gratuita in tutte le camere. Ricavato in un edificio in stile Liberty risalente al 1920 ubicato in una strada
tranquilla, dista 250 metri dalla fermata della metropolitana di Porta Venezia e 3 fermate dalla Stazione Centrale di Milano.";;3;2023-10-27 12:57:55;2023-10-27 12:57:55;NULL
185;NULL;La Lanterna Hotel ***;Corso Europa, 534 – 80010 Villaricca (NA);"A Villaricca, sulla circumvallazione esterna a Nord di Napoli, sorge il prestigioso complesso turistico alberghiero “La Lanterna”, azienda leader nel settore della Ristorazione e dell’industria Alberghiera, a breve distanza da Napoli. Il complesso è adeguato alle esigenze dettate dal turismo più funzionale; le sue 55 confortevoli e sobrie camere sono dotate di tutto quanto si può chiedere ad un moderno Hotel: telefoni a ricerca automatica,  frigobar, TV color con SKY (in tutta la struttura), porte a chiusura elettronica.";;3;2023-10-27 14:01:12;2023-10-27 14:01:12;NULL
186;NULL;Hotel Theatrino;Bořivojova 53, 130 00 Praha 3-Žižkov;Situato a Praga 3, nel quartiere di Zizkov, nel centro di Praga, dista solo 4 fermate di tram dalla famosa Piazza Venceslao. La struttura dispone di 73 camere rinnovate nel 2020 su 5 piani raggiungibile con l'ascensore. Tutte le camere dispongono di bagno privato con asciugacapelli, cassaforte, Wi-Fi gratuito, bar, ristorante, ampia sala colazione.;;4;2023-10-28 14:05:21;2024-02-16 10:59:08;NULL
187;NULL;H2 HOTEL MUENCHEN NEUE MESSE ***;NULL;"Situato direttamente di fronte al centro fieristico internazionale Messe München. Struttura con 205 Camere - Ristorante - WiFi - Camere per disabili - Parcheggio gratuito. Consigliato perché: le camere sono spaziose, moderne e confortevoli. La struttura è ben collegata con i mezzi pubblici, con facilità
potrete raggiungere le principali attrazioni della città.";;3;2023-10-28 14:38:21;2023-10-28 14:38:21;NULL
188;NULL;Hotel Plaza Regency;248 Tower Road, Sliema, Malta;Il Plaza Regency Hotels sorge proprio sul lungomare di Sliema e offre splendide viste su St. Julian's Bay e Balluta Bay. La struttura vanta una piscina all’ultimo piano e una terrazza solarium. Potrete usufruire del WiFi gratuito in tutti gli ambienti. Il Plaza Regency comprende 2 diversi hotel collegati da un ponte al 6° piano. Provviste di aria condizionata, tutte le camere presentano stili diversi, dal classico al moderno. La maggior parte regala una vista parziale o completa sul mare. Dotati di 2 bar, di una pizzeria e di un ristorante, gli hotel servono cibo e bevande tutto il giorno. L’ultimo piano è utilizzato per l'intrattenimento serale. Munito di 2 piscine, il Plaza Regency vi aspetta vicino alla spiaggia e accanto a una fermata dell’autobus. Potrete facilmente raggiungere La Valletta e l'Aeroporto Internazionale di Malta.;;3;2023-10-29 12:50:19;2023-10-29 12:50:19;NULL
189;NULL;VILLAGGIO OLIMPICO BARDONECCHIA;Viale della Vittoria, 46, 10052 Bardonecchia TO;Il Villaggio Olimpico è situato a poca distanza dagli impianti di risalita di Campo Smith, (dove si trova il deposito sci&scarponi riscaldato), raggiungibile in pochi minuti a piedi o usufruendo del servizio navetta gratuito del Comune. Lo spirito olimpico del Villaggio si riconosce negli ampi spazi dedicati alle attività sportive tra cui campi da basket, calcio, pallavolo e una palestra attrezzata. Le 310 camere, doppie, triple o a più posti letto sono tutte dotate di servizi privati, televisore, telefono, asciugacapelli e frigobar. Completano l’offerta ampie sale ricreative, sale giochi con playstation, biliardi, ping pong, biliardini, teatro con maxischermo, pianobar, discoteca, un deposito sci e scarponi e un’area benessere con piscina, sauna, bagno turco, idromassaggio e doccia emozionale. La cucina del Villaggio valorizza la tradizione montana e i prodotti tipici della Val di Susa. Un’attenta selezione delle materie prime e una rigorosa applicazione di tutti i piani di autocontrollo in materia di sicurezza alimentare, garantiscono ai nostri menù gusto e qualità.;;4;2023-10-30 21:26:20;2023-10-30 21:26:20;NULL
190;20;Hotel Toscana Verde;Via Penna, 2, 52020 Laterina Arezzo;A soli 20 minuti da Arezzo, l'Hotel Toscana Verde occupa un'antica piantagione di tabacco. È ancora circondato da un parco secolare di 35.000 m2, in cima a una collina panoramica. La struttura è stata trasformata in un grande complesso dotato di piscina all'aperto riscaldata, area benessere con vasca idromassaggio, sauna e bagno turco, e ristorante che serve deliziose specialità toscane. Le camere sono arredate in stile classico e dispongono di TV, aria condizionata e minibar. Il bagno privato è completo di asciugacapelli e articoli da toeletta. La Toscana Verde occupa una buona posizione per visitare non solo Arezzo, ma anche una varietà di città umbre e toscane da Perugia a Firenze.;;3;2023-11-02 12:26:49;2023-11-02 12:26:49;NULL
191;27;BOLOGNA: Falco d'oro Hotel 4 stelle;Via Venola, 27, 40038 Tole' BO;"Hotel e Ristorante immerso nel verde del paese di Tolè e a pochi km da Bologna. L'hotel è adatto ad una vacanza piacevole e rilassante, a contatto con la natura
A conduzione della famiglia Bertoni, che da più di 50 anni gestisce l’albergo e lavora per regalare esperienze indimenticabili ai propri ospiti";;4;2023-11-04 12:45:27;2023-11-04 12:45:27;NULL
192;NULL;VILLA ROSA HOTEL *** ROMA;Via Giovanni Prati, 1 00152 Roma,;"Situato nei pressi del caratteristico quartiere di Trastevere e non lontano da San Pietro; a pochi minuti a piedi dalla Stazione di
Trastevere, dispone di ottimi collegamenti col centro storico e col Vaticano.";;3;2023-11-04 17:59:30;2023-11-04 17:59:30;NULL
193;NULL;residencia micampus rector estanisio del campo;Ctra. Su Eminencia, 2A, 41013 Sevilla, Spagna;residenza per studenti in visita per stage linguistico vicino la scuola.;;0;2023-11-06 11:37:45;2023-11-06 11:37:45;NULL
194;NULL;Hotel formula roulette 3 stelle tipo Days Inn Hotel o Plaza Regency;NULL;Sistemazione in camere multiple per i ragazzi e singole per i docenti. Trattamento di pensione completa.;;3;2023-11-08 17:06:25;2023-11-08 17:06:25;NULL
195;NULL;Hotel Real Park;SS 1, 2242, 16030 Lavagna;Situato sul lungomare di Cavi di Lavagna, il Real Park Hotel presenta una splendida vista sul Golfo del Tigullio. La struttura ospita un ristorante mediterraneo specializzato in frutti di mare. Nelle camere apprezzerete la TV satellitare e la connessione WiFi gratuita. In ogni alloggio troverete un bagno privato con asciugacapelli e set di cortesia. Potrete iniziare la giornata consumando una colazione continentale. Presso il ristorante potrete gustare piatti della cucina mediterranea e specialità liguri. L'Hotel Real Park mette a vostra disposizione un parcheggio gratuito.;;3;2023-11-08 20:34:05;2023-11-08 20:34:05;NULL
196;18;H2 HOTEL MUENCHEN NEUE MESSE;NULL;"Posizione: SEMICENTRALE. Situato direttamente di fronte al centro fieristico internazionale Messe München.
Struttura: 205 Camere - Ristorante - WiFi - Camere per disabili - Parcheggio gratuito.
Consigliato perché: le camere sono spaziose, moderne e confortevoli. La struttura è ben collegata con i mezzi pubblici, con facilità
potrete raggiungere le principali attrazioni della città.
max 5 singole a Gruppo
Posizione: SEMICENTRALE. Situato direttamente di fronte al centro fieristico internazionale Messe München.
Struttura: 205 Camere - Ristorante - WiFi - Camere per disabili - Parcheggio gratuito.
Consigliato perché: le camere sono spaziose, moderne e confortevoli. La struttura è ben collegata con i mezzi pubblici, con facilità
potrete raggiungere le principali attrazioni della città.
Deposito cauzionale Euro 20,00 per persona.
minimo stay 2 notti
max 2 free à gruppo
Da parte del Hotel circa 6 settimane prima dell'arrivo viene comunicato se il Gruppo sta all Htl H2 Neue Messe
o Hotel H2 Olympiapark";;3;2023-11-08 21:46:28;2023-11-08 21:46:28;NULL
197;18;HOTEL AMBER ECONTEL BERLIN;NULL;"Posizione: CENTRALE. Situato nel quartiere berlinese di Charlottenburg.
Struttura: 205 Camere - Ristorante - Bar - Noleggio Biciclette - Parcheggio Bus nelle vicinanze dell'hotel.
Consigliato perché: si trova a soli 100 metri dalla fermata dell'autobus di Quedlinburger Str. e a 200 metri dalla stazione della
metropolitana Mierendorffplatz. Le camere sono dotate dei comfort di categoria e dispone di un ristorante che serve specialità
internazionali e piatti tipici.
Attenzione, dal 2014, anche la Germania applica la tassa di soggiorno, da pagare direttamente dai clienti al momento del check-in,
precisamente:
- la tassa verrà quantificata prima della partenza direttamente dai fornitori, al momento non è quantificabile esattamente pur avendo
come indicazione il 5% del prezzo delle camere.
Le varie allergie/intolleranze/esigenze alimentari sono da comunicare
almeno 14 gg prima della partenza,altrimenti non sarà garantito il
servizio.
Deposito cauzionale Euro 20,00 per persona.
Viene richiesta almeno un HB in Hotel che può essere: 1 cena o 1 pranzo( cena la domenica su richiesta)
Cena in Hotel si intende con menu à 2 portate ( secondo con contorno -Dessert-Acqua in caraffe + pane) in forma di self service.
E' gradito massimo rispetto dell'orario della cena e controllo degli studenti da parte degli insegnanti durante i pasti.
Think Green !
Per salvaguardare l'ambiente,
le camere vengono pulite ogni secondo giorno.
Se il gruppo vuole avere le pulizie tutti i giorni, da segnalare in Hotel.(servizio gratuito)";;3;2023-11-08 21:47:07;2023-11-08 21:47:07;NULL
198;NULL;HOTEL ZUM STORCH;NULL;"Questo hotel a conduzione familiare si trova nella piazza del mercato del centro storico di Schlüsselfeld. Offre camere moderne, una
prima colazione a buffet servita ogni mattina e ottimi collegamenti con l'autostrada A3.
Posizione: CENTRALE. Si trova sulla piazza del mercato della storica città di Schlüsselfeld.
Struttura: WiFi - Camere con Servizi Privati.";;0;2023-11-08 21:47:46;2023-11-08 21:48:03;2023-11-08 21:48:03
199;NULL;HOTEL ZUM STORCH;NULL;"Questo hotel a conduzione familiare si trova nella piazza del mercato del centro storico di Schlüsselfeld. Offre camere moderne, una
prima colazione a buffet servita ogni mattina e ottimi collegamenti con l'autostrada A3.
Posizione: CENTRALE. Si trova sulla piazza del mercato della storica città di Schlüsselfeld.
Struttura: WiFi - Camere con Servizi Privati.";;3;2023-11-08 21:51:25;2023-11-08 21:58:51;2023-11-08 21:58:51
200;18;HOTEL ZUM STORCH;NULL;"Questo hotel a conduzione familiare si trova nella piazza del mercato del centro storico di Schlüsselfeld. Offre camere moderne, una
prima colazione a buffet servita ogni mattina e ottimi collegamenti con l'autostrada A3.
Posizione: CENTRALE. Si trova sulla piazza del mercato della storica città di Schlüsselfeld.
Struttura: WiFi - Camere con Servizi Privati.";;3;2023-11-08 21:59:27;2023-11-08 21:59:27;NULL
201;NULL;ALLOGGI A GRANADA C/O FAMIGLIE;NULL;"l’opzione di vivere con una famiglia spagnola così potrai immergerti appieno nella lingua e nella cultura spagnola, non solo a scuola, ma in tutta la tua quotidianità. Le famiglie con le quali lavoriamo accolgono i nostri studenti come fossero della famiglia stessa. 
Tutte le famiglie dispongono di rete WIFI, forniscono le lenzuola ed asciugamani, ma non solo: si occupano anche di lavare i tuoi indumenti e ti preparano i pasti. 
Puoi scegliere tra pensione completa che include tutti i pasti della giornata o mezza pensione che include colazione e pranzo o colazione e cena; in qualunque di questi casi non è possibile il libero utilizzo della cucina. Avrai una camera con un armadio per le tue cose e una scrivania per studiare, inoltre potrai usufruire degli spazi comuni, in questo modo avrai l’opportunità di condividere la vita di tutti i giorni con la famiglia, cenare e pranzare insieme come da abitudini spagnole e condividere momenti di convivialità.";;0;2023-11-08 22:05:16;2023-11-08 22:05:16;NULL
202;NULL;PLUS FLORENCE HOSTEL;NULL;"Situato a 900 m dalla stazione centrale di Santa Maria Novella, nel pieno centro della città. Le camere,spaziose e luminose, sono
organizzate al meglio per rispondere alle varie esigenze. Sistemazione dei gruppi in camere 4/6 posti letto : tutte le sistemazioni sono composte da letti a castello, con letto matrimoniale per le camere doppie. Possibilità di assegnazione camere 7/8 posti letto in base ad esigenze della struttura, non modificabili. TUTTE con bagno privato interno. Ognuna di queste al suo interno è provvista bagno e doccia, televisione, aria condizionata.";;0;2023-11-09 11:10:05;2023-11-09 11:10:05;NULL
203;NULL;accomodation Malta: residence o Europa hotel;AM Hostel, 8/9 Triq Sir G. Borg, Tas-Sliema;sistemazione in residence : 23 camere divisi in 2 building, camere da 6/8 posti letto con bagno privato, aria condizionata e riscaldamento. lavanderia.Camere doppie uso singolo per docenti.  Si trovano a 10 minuti a piedi dalla main school e 15 dalla teenage school. Si trovano fronte mare a 10 minuti a piedi dalla main school e 15 dalla teenage school. Si trovano fronte mare a 10 minuti a piedi dal centro cittadino, dove si trovano bar ristoranti negozi.;;0;2023-11-09 20:21:14;2023-12-26 17:38:37;NULL
204;NULL;CABINN Esbjerg Hotel;Skolegade 14, 6700 Esbjerg, Danimarca;Cabinn Esbjerg è ospitato in un elegante edificio del 1914 nel centro di Esbjerg. Tutte le camere sono dotate di bagno privato, TV a schermo piatto e set per la preparazione di tè e caffè gratuiti. Il design si ispira alle cabine delle navi con particolare attenzione alla funzionalità. La reception aperta 24 ore su 24 offre snack e bevande da gustare in una delle aree lounge. La stazione centrale di Esbjerg è raggiungibile in 5 minuti a piedi. Negozi e ristoranti sono appena fuori dalla porta.;;3;2023-11-10 12:40:16;2023-11-10 12:40:16;NULL
205;NULL;HOTEL ZANHOTEL TRE VECCHI ****;NULL;"Hotel 4* situato vicino alla Stazione Ferroviaria di Bologna Centrale. L'hotel è ubicato in un edificio storico lungo una delle strade principali della città.
Le camere sono tutte in stile classico, sono dotate di aria condizionata, minibar, TV satellitare, asciugacapelli e cassaforte. Wi-fi gratuito";;4;2023-11-10 17:56:48;2023-11-10 17:56:48;NULL
206;27;Nuovo B&b Palazzo di Giustizia hotel 3*** Firenze;Viale Alessandro Guidoni, 87, 50127 Firenze FI;"Situato a 3 km dal cuore di Firenze e di fronte alla fermata degli autobus per il centro storico, il B&B Hotel Firenze Nuovo Palazzo Di Giustizia offre la connessione WiFi gratuita e moderne sistemazioni con TV LCD.
Tutte le camere del Nuovo Palazzo di Giustizia sono dotate di climatizzatore indipendente e bagno privato con asciugacapelli.";;3;2023-11-10 22:28:11;2023-11-10 22:28:11;NULL
207;NULL;Hotel Crystal City;Achilleos 4, Atene 104 37, Grecia;Situato ad Atene, in una posizione centrale ad appena 100 metri dalla stazione della metropolitana Metaxourgeio, il Crystal City Hotel offre la connessione Wi-Fi gratuita nelle aree comuni e un ristorante all'ultimo piano con vista panoramica sulla città. Le camere del Crystal City sono dotate di aria condizionata, TV con canali satellitari e via cavo, frigorifero, cassaforte, bagno interno con asciugacapelli, e in alcuni casi includono un balcone con vista sull'Acropoli. Ogni mattina vi attende una colazione continentale a buffet o una colazione greca, e presso l'Athina Restaurant & Lounge avrete la possibilità di sperimentare piatti greci a pranzo e a cena nell’incantevole scenario dell'Acropoli e del Monte Licabetto, mentre al bar all'ultimo piano potrete gustare specialità greche preparate al momento e prodotti da forno. Ubicato a pochi passi da musei, bar e ristoranti, il Crystal City si trova a 1 km dal quartiere Plaka e a 2 km dall'Acropoli e dal Museo Archeologico Nazionale.;;3;2023-11-11 14:22:46;2023-11-11 14:22:46;NULL
208;NULL;HOTEL ITALIA *** Verona;Via Mameli, 58/66 Verona;"Questo Hotel si trova in un tranquillo quartiere di Verona, a soli 10 minuti a piedi dal centro di Verona e a soli 15 minuti a piedi dalla
famosa Piazza delle Erbe e dal Balcone di Giulietta. L'Hotel si trova in centro città a 3 chilometri dalla stazione ferroviaria di Verona
ed é raggiungibile con gli autobus (fermata OSP. Borgo Trento). Caratterizzate da una combinazione di stile classico e moderno, le
55 camere (nessuna attrezzata per i disabili) divise su 3 piani, dispongono tutte di TV satellitare, connessione WiFi gratuita e aria
condizionata. Alcune di esse, vantano letti a baldacchino, altre includono una piccola terrazza. L'hotel propone ascensore, bar con
terrazza-giardino e sala riunioni con una capienza massima di 60 persone. Parcheggio BUS: parcheggio autorizzato a 3 km dall'hotel";;0;2023-11-11 19:10:31;2024-09-30 08:09:28;NULL
209;18;Express Hotel*** Pollein (Aosta);Località Autoporto, 33/E, 11020 Pollein AO;"L’Hotel Express Aosta East si trova accanto all’uscita dell’Autostrada A5 Aosta East e ca. 3 Km dal centro Storico della città Romana di Aosta raggiungibile anche con comodo bus di linea in partenza dall’Hotel ogni ora dalle 7.30 alle 19.00. La sua location si presta a qualsiasi tipo di soggiorno, per vacanza, lavoro, benessere, sport invernali, trekking naturalistici, la visita ai parchi avventura ai Castelli Medioevali, il Forte di Bard, lo Sky way del Monte Bianco (Ottava meraviglia del Mondo), le stazioni Termali di S.Vincent e Prè S. Didier, Il Casinò di Saint Vincent. La reception è aperta 24h con personale poliglotta che garantisce supporto per informazioni/prenotazioni di escursioni/biglietti, ristoranti e Spa delle Terme convenzionati.
Le camere di diversa tipologia sono tutte spaziose (25 mq), climatizzate ed insonorizzate, dispongono di un angolo soggiorno, Tv color Satellitare a schermo piatto, frigobar e bagno completamente attrezzato.
Wifi e Internet point gratuito. A ca.3 Km. si trova la funivia per Pila – Courmayeur e Cervinia si trovano rispettivamente a 20 e 40 minuti d’Auto. Nei pressi dell’Hotel si trova una grande area verde un campo da Golf a 9 buche aperto da febbraio a novembre con annesso un piccolo Resort sul laghetto dotato di spiaggia, bar, ristorante e piscina riscaldata.";;3;2023-11-13 08:52:21;2023-11-14 08:27:01;NULL
210;NULL;MAXIM HOTEL **** VERONA;NULL;L'hotel è situato a Verona, 3 km dal centro. Le camere sono tutte con servizi privati, telefono e TV. Sale soggiorno, bar, sal congressi, parcheggio e garage. La struttura dista circa 20 minuti di autobus dal centro di Verona. Sono disponibili le linee 11/12/13 a 5 minuti a piedi dall'hotel, le linee sono attive dalle 6:00 alle 23:00.;;4;2023-11-13 10:30:31;2023-11-13 10:30:31;NULL
211;NULL;HOTEL ASTOR ***;Via Aristotile Fioravanti, 42/2 - 40129, Bologna (BO);Struttura semplice a soli 2 km dal centro di Bologna. Strutturata su 5 piani con ascensore, bar, sala TV e wifi gratuito. Dispone di 47 camere, tutte con box doccia, phon, aria condizionata, frigo, TV, cassaforte e telefono. Dista 16 min dal centro con la linea urbana 11 e 15 min dalla stazione centrale.;;3;2023-11-13 11:37:04;2023-11-13 11:37:04;NULL
212;27;3*** a Santa Maria degli Angeli - Aprile 2024;Assisi;"- Trattamento: mezza pensione.
- Acqua potabile inclusa ai pasti.
- Prima colazione continentale con cornetto.
- DEPOSITO CAUZIONALE euro 10,00 a studente da versare all'arrivo
- Imposta di soggiorno € 2,00 a persona a notte (per le prime 3 notti) da pagare in contanti in hotel al check-out;  Esenti dal pagamento gli autisti di pullman e gli accompagnatori turistici che prestano
assistenza a gruppi organizzati delle agenzie di viaggi e turismo; l'esenzione si applica per ogni autista di pullman e per un accompagnatore ogni venticinque partecipanti.
- SISTEMAZIONE: camere multiple per studenti, doppie e singole per gli accompagnatori secondo disponibilità.";;3;2023-11-14 10:39:22;2023-11-14 10:39:22;NULL
213;NULL;PLUS FLORENCE HOSTEL;NULL;"Pur non essendoci la categoria adatta, questa struttura può essere equiparata ad un ostello 4* per i servizi che offre'
Situato a 900 m dalla stazione centrale di Santa Maria Novella, nel pieno centro della città. Le camere,spaziose e luminose, sono
organizzate al meglio per rispondere alle varie esigenze.
Sistemazione dei gruppi in camere 4/6 posti letto : tutte le sistemazioni sono composte da letti a castello, con letto matrimoniale per le
camere doppie. Possibilità di assegnazione camere 7/8 posti letto in base ad esigenze della struttura, non modificabili. TUTTE con
bagno privato interno.
Ognuna di queste al suo interno è provvista bagno e doccia, televisione, aria condizionata.
Il servizio include le lenzuola e asciugamani e tutti i servizi all'interno della struttura: piscina, sauna, bagno turco, WiFi, area fitness.
Possibilità di cenare nel ristorante interno alla struttura";;0;2023-11-15 21:26:44;2023-11-15 21:26:44;NULL
214;NULL;HOSTEL TOC BARCELONA;Gran Via de les Corts Catalanes, 580, 08011 Barcelona, Spagna;"TOCHostel Barcelona è un ostello unico e dal design accattivante in cui il tuo soggiorno sarà confortevole e indimenticabile. Trova la sistemazione perfetta scegliendo una delle nostre camere private o un comodo letto in una delle nostre camere condivise.
Un programma perfetto per le giornate di sole: rilassati, fai nuove amicizie, goditi alcune tapas e sorseggia un gustoso mojito a bordo piscina sulla nostra famosa terrazza. Troverai la migliore tecnologia di sicurezza con sistema di controllo degli accessi alle camere con impronta digitale, reception 24 ore su 24, 7 giorni su 7, telecamere di sicurezza, cassaforte per i tuoi effetti personali in tutte le camere e dormitori e molte altre funzionalità, come Wi-Fi gratuito, bar e ristorante, cucina , soggiorno principale, sala giochi e molto altro!";;0;2023-11-16 08:16:08;2023-11-16 08:16:08;NULL
215;NULL;A&O HOSTEL BERLIN MITTE o similare;Köpenicker Str. 127-129 Deutschland - 10179 Berlin;"Situato nell'omonimo quartiere cittadino, l'ao Berlin Mitte dista solo due fermate di metropolitana dalla stazione S+U Alexanderplatz e dieci minuti a piedi dalla Ostbahnhof. La sua posizione centrale lo rende facilmente raggiungibile sia in auto, che in treno o con altri mezzi pubblici e ne fa il punto di partenza perfetto per varie escursioni alla scoperta della metropoli.

La caratteristica clou dell’ao Berlin Mitte è indubbiamente l’ineguagliabile posizione centrale, proprio nel cuore di Berlino! Grazie alle sue dimensioni, la struttura è perfetta per i viaggi di gruppo o per una vacanza con i bambini. Chi arriva in auto troverà molti parcheggi sia nel cortile interno che nel garage sotterraneo.";;0;2023-11-16 09:32:48;2024-11-11 17:23:37;NULL
216;NULL;Hotel Plaza Santa Lucia;Sta. Lucía, 35, 41003 Sevilla, Spagna;"La struttura è a circa 500 metri dal magnifico complesso del Metropol Parasol e offre una terrazza all'ultimo piano con piccola piscina.
Le camere sono complete di servizi privati, wifi, TV sat, scrivania e telefono.";;3;2023-11-16 12:08:19;2023-11-16 12:08:19;NULL
217;NULL;The Central House Lisbon Baixa;R. dos Fanqueiros 300, 1100-233 Lisboa, Portogallo;In un ottimo punto di Lisbona, The Central House Lisbon Baixa è un alloggio che prevede camere climatizzate, un bar e il WiFi gratuito. La struttura si trova a circa 1,2 km da Miradouro da Senhora do Monte, 7,5 km da Monastero dos Jerónimos e 7,9 km da Estádio da Luz. L'alloggio è interamente non fumatori ed è situato a 700 metri da Praça do Comércio. Questo ostello mette a disposizione certe unità che includono la vista sulla città, e inoltre tutte le camere includono un bagno privato e una scrivania. Le camere presentano le lenzuola. The Central House Lisbon Baixa offre ogni giorno una colazione continentale.;;0;2023-11-16 12:43:57;2023-11-16 12:43:57;NULL
218;NULL;The Central House Ribeira;R. de São João 40, 4050-492 Porto, Portogallo;In un punto attraente nel centro di Porto, The Central House Porto Ribeira propone camere climatizzate, una sala comune, il WiFi gratuito e un ristorante. Con un bar, l'ostello è vicino a diverse attrazioni famose, a circa 100 metri da Ribeira Square, 400 metri da Palácio da Bolsa e 300 metri da Mercato Ferreira Borges. L'alloggio prevede il karaoke e una reception 24 ore su 24. Questo ostello mette a disposizione alcune camere che hanno la vista sul fiume, e inoltre tutte le camere sono dotate di un bagno privato con doccia. Tutte le camere includono le lenzuola. The Central House Porto Ribeira offre la mattina una colazione continentale.;;0;2023-11-16 12:46:34;2023-11-16 12:46:34;NULL
219;NULL;roma: Pineta Palace;Via S. Lino Papa, 35, 00167 Roma RM;Siamo un accogliente hotel 4 stelle, sito in zona Pineta Sacchetti/Aurelia, in una via residenziale e tranquilla, strategicamente posizionato tra il centro di Roma (facilmente raggiungibile con i mezzi pubblici) e le maggiori vie di accesso alla capitale (Grande Raccordo Anulare/Aeroporto di Fiumicino). Offriamo ai nostri ospiti tutta la nostra passione e la cortesia del nostro staff oltre che un’ampia gamma di servizi tra i quali: wifi gratuito in tutto l’hotel, ricca colazione a buffet inclusa, ristorante con cucina tipica romana e creativa, lounge bar e parcheggio auto.;;0;2023-11-17 09:09:51;2023-11-17 09:09:51;NULL
220;NULL;Hotel 3*** Montecatini;NULL;NULL;;3;2023-11-17 16:13:33;2023-11-25 18:59:18;NULL
221;NULL;Msc Splendida;NULL;"Msc Splendida, ammiraglia della compagnia MSC Crociere. Cabine interne, v/mare. 
Attività ludiche a bordo crociera, sport, giochi, e possibilità di organizzare attività, sale riunioni disponibili per attività didattiche.";;0;2023-11-20 06:44:35;2023-11-20 06:44:35;NULL
222;NULL;firenze roulette 3 *;NULL;"HOTEL tipo Annabella, Golf, Cimabue, Bonifacio, Donatello, Rex, Arcadia, Panorama, Diana, Meridiana, Leopolda, Villa Liana o
similare situati in centro a Firenze ben collegati con i mezzi pubblici, o comunque raggiungibili a piedi dalla stazione ferroviaria Sm. Novella e dal centro storico.";;0;2023-11-20 22:32:20;2024-10-03 09:19:10;NULL
223;NULL;Hotel Adonis;5 Rue Turenne, 67000 Strasbourg, Francia;"situato a soli 850 metri dalla Cattedrale e a 20 km dall'Aeroporto Internazionale di Strasbourg-Entzheim, l'hotel dispone di 29 camere
con telefono, TV sat, asciugacapelli e bagno privato. La struttura offre terrazza, ascensore e wifi. L'hotel possiede solo 2 twins + 1 quadrupla (composta da 1 letto matrimoniale + 1 sofà bed matrimoniale) + 2 triple (composto da 1
letto matrimoniale + 1 letto singolo) + resto camere matrimoniali e singole";;3;2023-11-21 08:33:29;2023-11-21 08:33:29;NULL
224;NULL;Ibis Styles Muenchen Perlach;Thomas-Dehler-Straße 13, 81737 München, Germania;Situato a circa 8 km dal centro di Monaco di Baviera, offre spazi comuni climatizzate, luminosi e ampi. Tutte le 172 camere sono dotate aria condizionata, TV a schermo piatto, bagno privato, phon .Reception attiva 24 ore su 24. La stazione della metropolitana Neuperlach Zentrum, a due passi dall'hotel, permette di raggiungere il centro città in ca. 20 minuti ( cambio a Ostbahnhof ). Reception e Hotel situato al primo piano.  In zona nuova con Mezzi pubblici vicino, centro commerciale di fronte.;;3;2023-11-21 08:36:29;2023-11-21 08:36:29;NULL
225;NULL;berlino :HOTEL ART'OTEL BERLIN KUDAMM ****;NULL;"HOTEL ART'OTEL BERLIN KUDAMM 
Ubicato a 300 metri dal viale dello shopping Kurfürstendamm, ricco di boutique e gallerie d'arte, questo hotel di design vi offre la
connessione Wi-Fi gratuita, interni moderni e camere con una TV a schermo piatto.
I luminosi alloggi del Kudamm art'otel berlin by park plaza sono climatizzati
L'art'otel kudamm sorge vicino a numerosi ristoranti e bar. Lo Zoo di Berlino e il grande magazzino KaDeWe si trovano a 10 minuti a
piedi, mentre la stazione della metropolitana di Kurfürstendamm dista 500 m
Camere: 133, Catena alberghiera : Park Plaza Hotels & Resorts, art'otel.
Attenzione, dal 2014, anche la Germania applica la tassa di soggiorno, da pagare direttamente dai clienti al momento del check-in,
precisamente:";;0;2023-11-21 13:32:41;2023-11-21 13:32:41;NULL
226;18;YOUTH FIRENZE 2000 **S;Viale Raffaello Sanzio, 16, 50124 Firenze FI;"Coperto dal WiFi gratuito, lo Youth Firenze 2000 offre camere con WiFi gratuito a Firenze, a 6 minuti a piedi dalla riva sud del Fiume Arno e a 1,5 km dalla vivace Piazza Santo Spirito.
In ogni sistemazione troverete aria condizionata, armadio, TV a schermo piatto e bagno privato completo di doccia e set di cortesia. Alcuni alloggi presentano anche un balcone.
Al mattino gusterete una colazione dolce e salata, servita nel cortile interno, mentre al bar in loco potrete concedervi drink.
Lo Youth Firenze 2000 dista 20 minuti a piedi dalla stazione ferroviaria di Santa Maria Novella.";;2;2023-11-22 15:20:34;2023-11-22 15:20:34;NULL
227;18;ALPEN HOTEL EGHEL ***;Via A. Maffei, 49, 38064 Folgaria TN;Situato nel centro di Folgaria, l'Hotel sorge a 25 minuti di auto da Trento. Offre un ristorante, un parcheggio, una piscina coperta e un giardino con sedie a sdraio e vasca idromassaggio. Le camere presentano tutte pavimenti in legno, una TV a schermo piatto e una scrivania. Alcune sono provviste di balcone o vantano viste sulla vallata circostante o sulla città. Il ristorante serve piatti della cucina italiana e specialità della regione Trentino, con antipasti e verdure a buffet. L'enoteca propone una selezione di oltre 100 vini. L'area benessere è provvista di una sauna e sale massaggi.;;3;2023-11-22 17:04:50;2023-11-22 17:04:50;NULL
228;NULL;Firenze: Panorama hotel 3***;via Cavour 60;"Hotel Panorama Firenze si torva davanti al Museo dell'Opificio delle Pietre Dure.
Hotel Panorama si trova nel centro di Firenze, a 4 minuti a piedi da Galleria dell'Accademia di Firenze e 9 minuti da Basilica di San Lorenzo. Questo hotel si trova a 1,8 km da Piazza della Signoria e 1,9 km da Cattedrale di Santa Maria del Fiore.
Camere
Rilassati in una delle 31 camere della struttura, complete di frigorifero e TV LCD. L'Wi-Fi gratuito ti consente di restare connesso con il mondo, mentre la TV con canali in digitale è l'ideale per concedersi un po' di svago. Il bagno in camera dispone di doccia, set di cortesia gratuiti e bidet. I comfort includono scrivanie, tende oscuranti e telefoni con chiamate urbane gratuite.
Servizi ricreativi, premium e spa
Avrai a disposizione una terrazza panoramica da dove ammirare il paesaggio, nonché il Wi-Fi gratuito e servizi di concierge.
Pasti
Hotel Panorama include uno snack bar. Dissetati con il tuo drink preferito! Presso questa struttura troverai un bar/lounge. La colazione a buffet è disponibile tutti i giorni dalle ore 08:00 alle ore 10:00.";;3;2023-11-22 22:26:28;2024-03-20 21:11:32;NULL
229;NULL;Roma : Casa tra noi Hotel;Via di Monte del Gallo, 113, 00165 Roma RM;L'Hotel Casa Tra Noi è un'ampia ed accogliente Struttura a tre stelle. Situata in posizione tranquilla, immersa nel verde a soli 800 mt. dalla Città del Vaticano. La posizione centrale, a pochi minuti da San Pietro, permette di assaporare appieno il fascino della Città Eterna. In pochi minuti potrete raggiungere i monumenti più importanti della città. L’ambiente semplice e cordiale offre la migliore attenzione e confort. Le terrazze panoramiche Vi offriranno un indimenticabile veduta sul Cupolone di San Pietro ed il balcone ove la domenica Papa Francesco ed il balcone ove la domenica Papa Francesco recita l’Angelus. Il personale sarà a vostra disposizione 24 ore su 24 e sarà lieto di prenotare escursioni e biglietti per il vostro soggiorno a Roma. Potete inoltre gustare un caffè od un aperitivo nel bar.;;0;2023-11-22 22:56:42;2023-11-22 22:56:42;NULL
230;NULL;HOTEL ST. JAMES **;Via XXVII Aprile 18, 50129 Firenze;"L'Hotel St. Il James è un incantevole hotel situato in posizione centrale, vicino ai principali capolavori artistici di Firenze. La connessione Wi-Fi è disponibile in tutta la struttura.
Si trova vicino alla Galleria dell'Accademia, dove il David di Michelangelo è conservato, la chiesa e il museo di San Marco, il mercato di strada e la chiesa di San Lorenzo.
Il Duomo, con la zona pedonale, il Museo degli Uffizi, Palazzo Vecchio e Ponte Vecchio sono raggiungibili a piedi in meno di 10 minuti.";;2;2023-11-23 02:58:32;2023-11-23 02:58:32;NULL
231;NULL;HOTEL IBIS BUDGET ROUEN PETIT QUEVILLY **;NULL;Sistemazione in camere multiple per i ragazzi e singole per i docenti. Trattamento mezza pensione con colazione e cena in hotel o in ristorante convenzionato.;;2;2023-11-23 17:45:04;2023-11-23 17:45:04;NULL
232;18;Formula Roulette hotel 3 stelle;NULL;"Hotel 3 stelle indicati qui sotto o similari, nei punti nevralgici della città e ben collegati con i mezzi pubblici.
- Hotel Lisbon Art Stay
- Hotel della Catena Masa
- Hotel Vip Berna
- Hotel Dos Anjos";;3;2023-11-23 19:25:22;2023-11-23 19:25:22;NULL
233;NULL;HOTEL BUDAPEST ****;NULL;"Posizione: SEMICENTRALE. Ubicato in una zona residenziale verdeggiante, ai piedi delle colline di Buda e nei pressi del quartiere del Castello Reale, il Danubius Hotel Budapest vanta viste panoramiche mozzafiato sulla città grazie alla sua posizione sopraelevata. Struttura: 289 Camere - Ristorante - Wifi.
Consigliato perchè grazie alla sua postizione, ben collegato ai mezzi pubblici, potrete raggiungere facilmente tutte le attrazioni della capitale ungherese.";;4;2023-11-24 16:17:42;2023-11-24 16:17:42;NULL
234;NULL;Holiday Inn Express Strasbourg Sud;Za de L'Ill, 5 Rue de l'Ill, 67118 Geispolsheim, Francia;Immerso nel verde, questo albergo vi offre una piscina all'aperto e sorge a 20 minuti d'auto dal centro di Strasburgo e dalle sue istituzioni europee. Tutte le camere vantano una TV satellitare a schermo piatto, il WiFi gratuito, un set per la preparazione di tè/caffè e un bagno privato con doccia e asciugacapelli. Tra i servizi figurano la possibilità di acquistare biglietti per il parco divertimenti Europa-Park presso la reception, un parcheggio privato custodito in grado di accogliere anche pullman, una terrazza soleggiata e un centro business. Distante solo 500 metri dalla strada nazionale N83, l'Holiday Inn Express Strasbourg Sud è raggiungibile in auto in appena 15 minuti dall'itinerario turistico Route des Vins d'Alsace, in 35 minuti dall'Europa-Park e in 10 minuti dall'Aeroporto di Strasburgo.;;3;2023-11-24 21:03:24;2023-11-24 21:03:24;NULL
235;NULL;Hotel 3 * lidi ferraresi;NULL;strutture di categoria 3 *** dislocati nell area dei Lidi Ferraresi. Tipo Oceano Mare, Astoria, Ariston;;0;2023-11-25 10:04:19;2023-11-25 10:04:19;NULL
236;NULL;Hotel Saphir Lyon;18 Rue Louis Loucheur, 69009 Lyon;L'Hôtel Saphir Lyon è situato nel quartiere degli affari di Gorge de Loup, a 350 metri dalla stazione della metropolitana di Gorge de Loup e ad appena 1 fermata dal quartiere di Vieux Lyon. La Stazione Ferroviaria di Lione Perrache e la Stazione Ferroviaria di Part-Dieu sono raggiungibili in 15 minuti di auto. La connessione WiFi è disponibile gratuitamente. Le camere sono climatizzate e dotate di cassaforte e TV a schermo piatto da 32 pollici con Chromecast. Dispongono inoltre di un bagno privato con specchio con illuminazione integrata, asciugacapelli e set di cortesia a basso impatto ambientale. Avrete modo di consumare snack caldi e freddi tutti i giorni 24 ore su 24. Tra gli altri servizi figura una sala riunioni.;;3;2023-11-25 13:33:32;2023-11-25 13:33:32;NULL
237;NULL;Hotel*** Valle Roma;Via Cavour 134, Rione Monti, 00184 Roma, Italia;"L'Hotel Valle gode di una posizione ideale proprio nel centro di Roma, nel pittoresco quartiere di Monti, a un paio di minuti dalla Stazione Termini.
Esplorate questa popolare zona di Roma, nelle vicinanze del Colosseo e dei Fori Imperiali, con le sue stradine cosparse di accoglienti wine bar e ristoranti.
L'Hotel Valle è situato in un edificio del XVIII secolo, rinnovato di recente e dotato di tutti i comfort moderni. Potrete gustarvi una prima colazione continentale a buffet tutte le mattine prima di cominciare la vostra giornata di visite turistiche.
Se arrivate a Roma in aereo o treno, l'Hotel Valle è ubicato a 300 metri dalla Stazione Termini, che è ben collegata anche con gli aeroporti di Fiumicino e Ciampino.";;3;2023-11-25 16:31:19;2023-11-25 16:31:19;NULL
238;18;Hotel La Meridiana ***;Via Urbinate, 43, 61020 Trasanni PU;"Situato nel cuore del Montefeltro in zona tranquilla e con splendido panorama, a soli 5 minuti di auto dal centro storico di Urbino e 25 minuti dal mare, l’Hotel è dotato di 45 confortevoli camere con servizi di telefono, televisore via satellite, climatizzatore regolabile, minibar, wifi.
Inoltre, sala per meeting, sala ristorante, ampio parcheggio, piscina per il periodo estivo, postazione internet con accesso riservato ai propri clienti. Accesso garantito a disabili. Ogni ambiente è pensato e realizzato per offrire il servizio migliore e di qualità. Di recente la struttura è stata rinnovata per continuare a soddisfare al meglio la propria clientela proveniente da tutto il mondo. Qualità, cortesia e simpatia sono le caratteristiche principali del nostro lavoro.
In bellissima e tranquilla posizione panoramica, nella suggestiva cornice naturale delle colline del Montefeltro e lontano dal caos cittadino, rappresenta il crocevia ideale per raggiungere le caratteristiche localita’ di interesse storico, artistico e naturalistico dell’Italia centrale quali: San Leo, Gradara, Mondavio, Gola del Furlo, San Marino, Gubbio, Loreto, Recanati, Assisi e tante altre.";;3;2023-11-25 17:08:53;2023-11-25 17:08:53;NULL
239;NULL;Roma . Hotel Mondial 4****;Via Torino, 127, 00184 Roma RM;"Tra gli hotel 4 stelle del centro di Roma, l’Hotel Mondial gode di un’eccellente posizione, tra la Basilica di Santa Maria Maggiore e la facciata barocca della Chiesa di Santa Susanna, vicino alle terme di Diocleziano. Questo hotel quattro stelle di Roma si trova in posizione estremamente centrale, in Via Torino, a pochi passi della famosa Via Nazionale, nel cuore di Roma.
L’hotel è di fronte al Teatro dell’Opera, a soli 5 minuti dalla famosa Via Veneto, con le fermate dei trasporti pubblici a portata di mano. La stazione centrale di Roma Termini è a soli cinque minuti a piedi dall’hotel e Piazza della Repubblica si trova dietro l’angolo.";;4;2023-11-27 23:00:51;2023-11-27 23:00:51;NULL
240;NULL;hotel Vioz 3***;Via dei Cavai, 10, 38024 Peio Fonti TN;Situato a Peio Fonti, a 1380 metri di altitudine, l'Hotel Vioz offre un centro benessere e un ristorante tradizionale. Il centro termale della città e gli impianti di risalita Skirama Adamello-Brenta distano solo 300 metri. Il WiFi è fruibile gratuitamente in tutto l’hotel. Ex caserma militare, il Vioz Hotel è immerso in un parco di 10.000 m². La tenuta si trova all'interno del Parco Nazionale dello Stelvio, ideale per escursioni a piedi e in canoa in estate, e sci e passeggiate sulla neve in inverno. Le camere presentano un design rustico di montagna e dispongono di TV satellitare e bagno privato. Gli alloggi sono ospitati in 2 edifici diversi.;;3;2023-11-28 11:24:17;2023-11-28 11:24:17;NULL
241;18;Hotel 3/4 stelle Torino ****;NULL;NULL;;4;2023-11-28 13:19:08;2023-11-28 13:19:08;NULL
242;27;Dolomiti Hotel ***;Traversa Lido, 8, 38056 Levico Terme TN;Nel cuore della Valsugana, a due passi dalle splendide montagne trentine e al lago di Levico, sorge l'Hotel Dolomiti. Si tratta di un delizioso ed elegante Hotel, in cui gli Ospiti godranno di un' atmosfera intima ed accogliente.;;3;2023-11-28 14:27:10;2023-11-28 14:27:10;NULL
243;27;Hotel Sterling;C. de San Bernardo, 29, 31, 28015 Madrid, Spagna;Situato in posizione strategica nel centro di Madrid, nei pressi della Gran Via e a 200 metri dalla stazione della metropolitana Santo Domingo, lo Sterling offre spaziose sistemazioni climatizzate dotate di arredi essenziali e bagno privato. Le camere dello Sterling presentano una TV, una cassaforte, una scrivania, un divano e la possibilità di accogliere un letto supplementare. Lo Sterling mette a vostra disposizione una reception operativa 24 ore su 24, un banco escursioni, che vi aiuterà con l'organizzazione del vostro soggiorno, e un deposito bagagli. La struttura dista appena 10 minuti a piedi da Puerta del Sol e dal Palazzo Reale e sorge vicino alla Gran Via, dove troverete un'ampia scelta di negozi, bar e locali per il vostro intrattenimento, tra cui teatri e cinema.;;3;2023-11-28 21:32:08;2023-11-28 21:32:08;NULL
244;NULL;HOSTEL A&O BUDAPEST CITY;NULL;"L'ostello è situato nel cuore della meravigliosa capitale ungherese. La sua posizione centrale consente di avventurarsi comodamente
alla scoperta di questa metropoli pulsante e vivace. La struttura è dotata di 114 moderne camere distribuite su tre piani, di cui alcune
singole, doppie, familiari e multiple, per un totale di 412 posti letto. Grazie alla sua modernità, all'offerta diversificata delle camere e al
servizio attento e cortese, l'A&O è una soluzione accogliente per backpacker, coppie, famiglie, gruppi. Le camere comode e
dall'arredo moderno renderanno il vostro viaggio un'esperienza indimenticabile.
La struttura è situata al centro del vivace quartiere Erzsebetvaros, a solo 15 minuti dalla stazione centrale e dal Danubio. Da qui è
possibile raggiungere senza difficoltà le principali attrazioni turistiche prendendo il tram o l'autobus dalla fermata che dista soli 2
minuti a piedi. Anche le suggestive sponde del Danubio e la famosissima isola di Margherita sono raggiungibili in soli 15 minuti. La
sera è immancabile una visita ai caffè e bar del quartiere per tuffarsi nel pieno della vita notturna ungherese.";;0;2023-11-29 10:20:48;2023-11-29 10:20:48;NULL
245;NULL;A&O Hostel Berlin Kolumbus;Genslerstraße 18, 13055 Berlin, Germania;Situato nel quartiere Lichtenberg, a 5 minuti a piedi dalla fermata del tram che lo collega in 15 minuti alla famosa Alexanderplatz. Le camere sono fino a 8 letti a castello, con bagno privato, doccia e alcuni con phon. La struttura dispone inoltre di sala giochi, cucina in comune, biliardo, snack-bar e parcheggio pagamento. WiFi gratuito. Attrezzato per disabili. Dispone di parcheggio bus!;;0;2023-11-29 12:26:34;2023-11-29 12:26:34;NULL
246;NULL;Reiners Hotel**** Vienna;NULL;"Posizione: l'hotel è ubicato a 10 minuti con i mezzi pubblici dal centro di Vienna e dal teatro lirico Staatsoper
Consigliato perché: la struttura offre eleganti sistemazioni con TV satellitare a schermo piatto, un lettore CD/DVD/MP3, un set per la preparazione di tè e caffè, e una cassaforte con caricabatterie per computer portatili e telefoni cellulari. Inoltre il Rainers Restaurant propone pietanze austriache e internazionali e ottimi vini austriaci. L'hotel offre in aggiunta la possibilità di godere della bellissima terrazza, dove vi potrete rilassare.
Struttura: 79 camere - ristorante - bar - wifi - parcheggio bus.";;4;2023-11-29 16:42:48;2023-11-29 16:42:48;NULL
247;NULL;HOTEL ARGENTINA;NULL;"Hotel*** situato in una posizione ideale, a soli pochi metri dalla spiaggia principale, dalle vasche termali e dal parco. In hotel sono
presenti una zona giochi per bambini, un incantevole giardino solarium e una sala TV. Nelle aree comuni è disponibile un computer
con connessione a internet. Il ristorante propone una cucina locale e internazionale. Le camere completamente accessoriata, dotate
di un balcone privato o di una terrazza in comune.";;3;2023-11-29 18:43:30;2023-11-29 18:43:30;NULL
248;NULL;HOTEL RESIDENCE AL GRANZO ***;NULL;"L' Hotel si apre su piazza Venezia, nel cuore culturale della città, a due passi dal centro commerciale e al centro congressi. In
prossimità di Piazza Unità d'Italia, l'hotel offre una piacevole permanenza a tutti i suoi ospiti in appartamenti completi di ogni comfort e
particolarmente curati. Il personale altamente qualificato è in grado di soddisfare qualsiasi esigenza.
Posizione: CENTRALE. Si trova a circa 1,5 km a piedi dalla stazione centrale e 700 mt dalla Piazza Unità d'Italia.
Struttura: 20 camere - Ristorante - Bar - WiFi.
Consigliato perché: offre appartamenti indipendenti nel centro della città di Trieste completi di ogni comfort.";;3;2023-11-29 21:07:48;2023-11-29 21:07:48;NULL
249;NULL;HOTEL VALLE ***;Via Cavour, 134 - 00184 Roma;Situato in posizione ideale nel centro della città, nel quartiere Monti, sulla via Cavour. Nelle vicinanze si trovano le principali piazze, il Colosseo, i Fori Imperiali, Via Nazionale ed a circa 300 mt la stazione Termini.;;3;2023-11-30 09:54:30;2023-11-30 09:54:30;NULL
250;27;Hotel Assenzio;Wenzigova 1870/3, 120 00 Nové Město, Cechia;Ospitato in un edificio storico nel cuore della Città Nuova di Praga, l'Hotel Hotel Assenzio Prague dista appena 5 minuti a piedi dalla Stazione della Metropolitana I.P. Pavlova e 10 minuti da Piazza Venceslao e ospita un incantevole ristorante italiano nella cantina a volta. Tutte le camere sono dotate di aria condizionata, TV satellitare, minibar e connessione internet gratuita. Al mattino vi attende una colazione a buffet. In 20 minuti a piedi potrete raggiungere l'Orologio Astronomico e il Ponte Carlo. Nei dintorni dell’Hotel Assenzio Prague troverete numerosi ristoranti e caffetterie. La reception, aperta 24 ore su 24, vi permetterà di godere di una completa indipendenza.;;4;2023-12-02 14:28:33;2023-12-02 14:28:33;NULL
251;NULL;HOTEL BELL'EPOQUE ***;NULL;"Hotel*** a 10 minuti a piedi dalla stazione ferroviaria di Venezia Santa Lucia e dal capolinea degli autobus di Piazzale Roma. La
fermata del vaporetto più vicina è Ferrovia. La struttura sorge su una strada centrale ed è circondata da negozi e ristoranti. Dotato di
camere dagli arredi originali del '700, con aria condizionata e TV satellitare, sono servite da un ascensore panoramico e vantano tutte
raffinati dettagli in vetro di Murano e un bagno in marmo bianco.";;3;2023-12-02 14:31:23;2023-12-02 14:31:23;NULL
252;NULL;Hotel Casual del Cine;C/ del Convent de Sant Francesc, 7, 46002 València;Situato a 50 metri dalla Piazza del Municipio di Valencia, il Casual del Cine Valencia offre una reception aperta 24 ore su 24, il WiFi gratuito in tutte le aree e camere insonorizzate con TV satellitare a schermo piatto, alcune dotate di un balcone con viste sulla città. Ogni piano dell'hotel vanta un arredamento diverso e le sistemazioni includono una TV e un bagno interno con set di cortesia e asciugacapelli. La struttura si trova a 150 metri dalla piazza della città e a pochi passi da vari ristoranti e tapas bar tradizionali. Ben servito dai mezzi pubblici e provvisto di un parcheggio privato a pagamento, il Casual del Cine Valencia dista 30 minuti a piedi dalla famosa Città delle Arti e delle Scienze, 250 metri dalla stazione ferroviaria di Valencia Nord e appena 100 metri da una fermata dell'autobus con corse regolari per l'aeroporto.;;2;2023-12-02 14:56:11;2023-12-02 14:56:11;NULL
253;NULL;HOTEL SIRACUSA/NOTO/LAZIO o similari;NULL;"Situato vicino la stazione di Termini, offre camere climatizzate e arredi classici, TV a schermo piatto, un mini frigorifero e un bagno
privato con asciugacapelli.";;3;2023-12-02 18:36:33;2024-09-26 08:40:02;NULL
254;NULL;YOUTH FIRENZE 2000 **S;NULL;"Struttura situata centralmente a Firenze, a pochi minuti a piedi o con i mezzi pubblici, dai Quartieri di San Frediano e di Santo Spirito,
dalla Stazione di San Maria Novella sulla sponda a sud dell'Arno. Tutte le sistemazioni sono dotate di bagni docce/wc privati, aria
condizionata, Wi-Fi.";;0;2023-12-03 08:37:13;2023-12-03 08:37:13;NULL
255;NULL;Hotel Luna **** o similare - Granada;NULL;NULL;;4;2023-12-04 14:32:49;2023-12-04 14:32:49;NULL
256;NULL;Hispalis *** o similare - Siviglia;NULL;NULL;;3;2023-12-04 14:34:08;2023-12-04 14:34:08;NULL
257;NULL;Hotel H2 Munchen Olympiapark;Moosacher Str. 82, 80809 München, Germania;Situato nel quartiere Milbertshofen - Am Hart di Monaco di Baviera, a 1,7 km dal BMW Welt e dal Museo BMW, e a 2,5 km dall'Olympiapark, l'H2 Hotel München Olympiapark offre camere con aria condizionata e connessione WiFi gratuita. Le sistemazioni presentano una scrivania, una TV a schermo piatto e un bagno privato. L’H2 Hotel München Olympiapark vanta anche una terrazza solarium. Il personale della reception sarà lieto di assistervi 24 ore su 24. L’H2 Hotel München Olympiapark dista 6 km dall'Alte Pinakothek e dal Kunstareal Munchen, e 35 km dall’aeroporto più vicino, quello di Monaco di Baviera.;;3;2023-12-06 16:36:46;2023-12-06 16:36:46;NULL
258;20;Albani hotel 4**** Roma vicino Villa Borghese;via adda 45 Roma;L’Hotel Albani Roma è situato in una tranquilla zona residenziale fra i quartieri Parioli e Salario, da dove è possibile raggiungere a piedi Villa Borghese, il Pincio, Via Veneto e il quartiere Coppedé. Trasporti pubblici lo collegano comodamente ai principali punti di interesse della Capitale.;;4;2023-12-07 10:45:13;2023-12-07 10:45:37;NULL
259;NULL;roulette 4 **** tipo Archimede, Lux, Luce;tutti ubicati nei dintorni della stazione ferroviaria di Roma termini;"Archimede: Ubicato in una posizione strategica, l'Hotel Archimede è un hotel 4 stelle nel centro di Roma a soli 400 metri dalla Stazione Ferroviaria Roma Termini. 
Lux: Situato in una posizione tranquilla e centrale, l'Hotel Lux si trova in un palazzo ottocentesco, a soli 10 minuti a piedi dalla Stazione Ferroviaria Roma ...
Luce: Raffinato ed accogliente l'Hotel Luce è la struttura ideale per chi ricerca tranquillità ed eleganza per il proprio soggiorno nel cuore di Roma.";;4;2023-12-07 13:41:50;2023-12-07 13:41:50;NULL
260;NULL;HOTEL *** TIPO HOTEL SAN GIUSTO BEST WESTERN O SIMILARE;NULL;A pochi minuti dal centro storico di Trieste e dal porto, tra Mare e Carso. Al Best Western San Giusto Hotel Trieste 3 Stelle è l'hotel ideale per dormire a Trieste, sia che vi soggiornate per lavoro o per una vacanza alla scoperta della città di Trieste e delle sue meraviglie.;;3;2023-12-08 08:27:42;2023-12-08 08:27:42;NULL
261;NULL;HOTELLO HOSTEL TRIESTE o similare;NULL;Hotello è dormire, mangiare, lavorare e divertirsi. Tutto nello stesso spazio. Camere singole, doppie, per famiglie, femminili e condivise fino a 12 posti, tutte complete di bagni privati. Spazi comuni per il divertimento o per lavorare: Coffee and Beer al piano terra collegato alla Corte, 7th Rooftop con lo Skybar sulla grande terrazza panoramica per aperitivi vista mare e Meet-in, area cooworking al primo piano, ideale anche per meeting.;;0;2023-12-08 08:29:52;2024-10-08 14:19:41;NULL
262;NULL;Hotel AI Koenigshof;Stuttgarter Platz 7, Charlottenburg-Wilmersdorf, 10627 Berlino;Situato nel quartiere berlinese di Charlottenburg, a soli 10 minuti a piedi dalla famosa via dello shopping Kurfürstendamm, l'Hotel AI Königshof offre la colazione a buffet, camere con connessione WiFi gratuita e ottimi collegamenti con i mezzi pubblici. Nelle sistemazioni dell'Hotel Al Königshof troverete arredi luminosi, TV a schermo piatto, telefono e bagno privato completo di asciugacapelli e set di cortesia. Alcuni alloggi vantano anche un balcone. L'Hotel AI Königshof vi attende in comoda posizione di fronte alla Stazione S-Bahn (metrotramvia) Charlottenburg e alla Stazione Metro Wilmersdorfer Strasse, mentre numerosi autobus fermano in Stuttgarter Platz.;;3;2023-12-09 14:07:15;2023-12-09 14:20:50;NULL
263;NULL;OSTELLO A MADRID TIPO MOTION O SIMILARE MADRID;NULL;NULL;;0;2023-12-09 21:27:52;2023-12-09 21:27:52;NULL
264;NULL;HOSTAL CONTINENTAL **;NULL;"Hostal centralissimo, affacciato sulla Gran Via, la strada più importante della città e a pochi minuti dalla Plaza Mayor, Palazzo Reale e Puerta del Sol.
Ottimo rapporto qualità/prezzo, l'hotel dispone di camere con letti singoli e matrimoniali con servizi privati e mette a disposizione una sala comune.
Consigliato perché: struttura semplice, dall'ottimo rapporto qualità-prezzo. Struttura: 30 camere - WiFi - Reception 24/24h. Le camere dotate di bagni privati, tv , cassaforte e aria condizionata. La struttura dispone anche di deposito bagagli,ascensore e servizio pulizia giornaliero. Le camere triple e quadruple dispongono di 1 letto matrimoniale e 1 o 2 letti singoli. La colazione sarà servita in bar di fronte all'hotel e consiste in 1 bevanda calda + 1 brioche. Posizione: CENTRALE. Affacciato sulla Gran Via.";;2;2023-12-09 21:30:40;2023-12-09 21:30:40;NULL
265;NULL;HOTEL HARCOURT ***;60 Harcourt St, Saint Kevin's, Dublin 2, D02 P902, Irlanda;"Situato nel cuore di Dublino, a 5 minuti a piedi dal St. Stephens Green, L'Harcourt si trova sulla linea tranviaria Luas, che fornisce collegamenti diretti con Grafton Street, zona di prim'ordine dello shopping irlandese. Il Trinity College e la Cattedrale di San Patrizio sono raggiungibili a piedi. L'hotel è composto da 8 case in stile georgiano, tra cui l'ex dimora del poeta George Bernard Shaw; tutte le camere e le aree comuni sono coperte dalla connessione WiFi gratuita.";;3;2023-12-09 22:47:31;2024-09-18 11:42:08;NULL
266;NULL;HOTEL LODGE IN MIS ***;NULL;L'hotel Lodge In sorge a 500 metri dalla fermata della metropolitana Porte d'Ivry, a 650 metri dalla stazione del tram Porte d'Ivry, a 3,7 km dall'International University Campus, ad appena 8 km dal centro espositivo di Porte de Versailles, accessibile con il tram diretto T3, e a 12 km dall'Aeroporto di Orly. Vi attende con la copertura integrale del WiFi gratuito nel 13° arrondissement di Parigi, a soli 2 km dalla Biblioteca Nazionale di Francia. Le camere presentano interni moderni, decorati con toni caldi e completi di TV satellitare e bagno privato.;;3;2023-12-09 23:46:07;2023-12-09 23:46:07;NULL
267;NULL;Hotel Allegro - Vienna;NULL;"Hotel  a 3 stelle si trova proprio di fronte alla stazione ferroviaria e alla fermata del tram di Matzleinsdorfer Platz, a soli 10 minuti di tram dall'Opera di Stato. La connessione Wi-Fi gratuita è disponibile in tutto l'Hotel Allegro Wien.

Le eleganti e insonorizzate camere presentano un arredamento luminoso e sono dotate di TV via cavo a schermo piatto, scrivania e bagno con doccia o vasca e asciugacapelli.

Numerose linee di tram della metropolitana partono da Matzleinsdorfer Platz, proprio di fronte all'hotel, e vi porteranno direttamente in centro in soli 8 minuti. L'hotel utilizza elettricità verde.";;0;2023-12-15 10:21:20;2023-12-15 10:21:20;NULL
268;NULL;Hotel Saracen Palermo;palermo;l Saracen Sands Hotel: un’area di oltre 3 ettari caratterizzata da una grande struttura principale, riconoscibile dai dintorni e dal mare per il suo candido colore bianco, immerso in un giardino lussureggiante e a pochi passi dalla spiaggia. Tra i monti Mollica e Raffo Rosso, il promontorio di Capo Gallo con la sua Riserva Naturale e tra i suggestivi borghi marinari di Mondello e Sferracavallo, Saracen Sands Hotel offre il giusto compromesso tra relax, vacanza in famiglia e momenti coinvolgenti. Un soggiorno unico all’interno di un’area dall’inestimabile valore naturalistico e a pochi km da Palermo, la culla della civiltà Arabo-Normanna. Il Saracen Hotel è la risposta a svariate esigenze di stay: la tradizionale vacanza al mare in famiglia, il long stay rilassante per i seniors, le cerimonie e gli eventi MICE, il punto di appoggio business grazie al vicino aeroporto, una soluzione per la remise in forme di corpo e mente… il tutto supportato da uno staff qualificato e professionale e da una calda accoglienza siciliana.;;4;2023-12-15 11:28:41;2025-07-17 01:59:16;NULL
269;NULL;conchiglia d'oro Palermo;Mondello;"Situato a Mondello, a soli 800 m dalla sua spiaggia di sabbia, l'Hotel Conchiglia d'Oro offre una piscina all'aperto, un ristorante tradizionale e camere arredate in stile classico. La connessione Wi-Fi è gratuita nelle aree comuni.
Le sistemazioni del Conchiglia d'Oro, struttura a 3 stelle, sono dotate di aria condizionata, TV satellitare e cassaforte. Il bagno privato è completo di doccia o vasca.";;3;2023-12-15 11:43:43;2023-12-15 11:43:43;NULL
270;NULL;hotel casena dei colli PALERMO;PALERMO;"L'Hotel è situato in una location tranquilla e gode di una posizione strategica, proprio a metà strada tra lo splendido mare di Mondello ed il centro città di Palermo, dalla quale è possibile raggiungere con facilità le principali mete attrattive, infatti dista 6 km dal Centro città, 5 km dal Porto, 7 km dalla spiaggia di Mondello, 12 km dal Duomo di Monreale, 25 km dall'Aeroporto , inoltre è a pochi passi dallo Stadio ""Renzo Barbera - La Favorita"" e dal Teatro di Verdura.";;3;2023-12-15 11:45:29;2023-12-15 12:01:28;NULL
271;NULL;ASTORIA PALACE PALERMO o similare;PALERMO;Hotel situato a Palermo, a un paio di km dal centro storico. Dista ca 5 km dalla stazione ferroviaria e dispone di una fermata bus di fronte la struttura. Le 310 camere disposte su 14 piani ( di cui 15 strutturate per l'accoglienza di persone disabili) sono tutte dotate di aria condizionata, TV, cassaforte, frigobar, asciugacapelli e wifi. Offre inoltre bar, ristorante, sala colazioni, 8 sale convegni, sala lettura, sala TV, giardino e ascensore. Parcheggio bus esterno a 150 mt.;;4;2023-12-15 12:00:10;2024-02-01 17:36:02;NULL
272;NULL;Londra: HOTEL PREMIER INN LONDON HAMMERSMITH (RAVENSCOURT PARK ***S;NULL;Le strutture alberghiere ed i servizi includono: reception 24 ore, bar, ristorante e accesso WiFi. Tutte le camere sono dotate di: bagno / doccia, asciugacapelli, caffè / tè, telefono e TV. Indirizzo: 255 King Street, Hammersmith, W6 9LU Londra, Regno Unito.;;3;2023-12-15 23:42:14;2023-12-15 23:42:14;NULL
273;NULL;OSTELLO BELLO GRANDE;NULL;"Ostello Bello Grande, vincitore dei premi Best Large Hostel Worldwide e Most Popular Hostel in Milan di Hostelworld, si trova a soli
100 metri dalla Stazione Centrale di Milano, punto di arrivo di tutti i viaggiatori e punto strategico per la mobilità locale. Grazie alle
linee della metropolitana che passano per la Stazione Centrale si possono raggiungere velocemente tutti i luoghi d'interesse della
città di Milano. Altrimenti, piacevoli passeggiate potranno portarvi alla piazza del Duomo, ma anche alle nuove aree in voga come il
centro direzionale di Garibaldi e il quartiere Isola. Dispone di 198 posti letto, 6 piani, tutte le stanze dispongono di bagno privato, Aria
Condizionata in tutte le stanze e aree comuni, lenzuola in ogni stanza, portaoggetti in ogni stanza condivisa, reception e bar aperti 24
ore, free WI-FI in in tutte le stanze e aree comuni, ascensore e chiavi elettroniche e presa USB accanto a ogni letto.";;0;2023-12-18 11:36:25;2023-12-18 11:36:25;NULL
274;NULL;Hoteol Anette;Svornosti 812, 150 00 Praha 5-Anděl, Cechia;L'Anette Hotel si trova a 300 metri dalla fermata della metropolitana e dal centro commerciale Andel, e offre una sauna e il WiFi gratuito. Le camere dispongono di bagno privato e TV satellitare. Ben collegato a tutte le attrazioni tramite i mezzi pubblici, l'Anette Hotel occupa un edificio storico a circa 2 km dal cuore di Praga.;;3;2023-12-19 11:01:02;2023-12-19 11:01:02;NULL
275;NULL;Club Village Residence;NULL;"Camere: piccoli appartamenti all’interno del Club Village, composti da 2 o 3 camere triple con bagno condiviso.
Trattamento: pensione completa.
Caratteristiche: belle verande e ampi spazi comuni a disposizione dei ragazzi.";;0;2023-12-19 16:55:09;2023-12-19 16:55:09;NULL
276;NULL;Meininger Hotel Munich Olympiapark o Similare;Landshuter Allee 174, 80637 München, Germania;"MEININGER HOTEL di Monaco di Baviera è situato nel distretto di Neuhausen-Nymphenburg in comoda posizione sulla Landshuter Allee, vicino al Parco Olimpico. Si raggiunge il centro città in soli 10 minuti di auto. La stazione della metropolitana più vicina è la fermata GERN con le linee U1, U2 e U7. Sistemazione per studenti in moderne camere da 4-6 letti con doccia / WC, asciugacapelli e TV. Inoltre dispone di lounge, bar, area
giochi, reception aperto 24h su 24h, sala colazioni, Wi-Fi gratuito in tutta la struttura";;3;2023-12-20 20:33:38;2025-01-16 22:32:04;NULL
277;18;Trieste : hotel San giusto o similare 3***;NULL;"A pochi minuti dal centro storico di Trieste e dal porto, tra Mare e Carso.
Al Best Western San Giusto Hotel Trieste 3 Stelle è l'hotel ideale per dormire a Trieste, sia che vi soggiornate per lavoro o per una vacanza alla scoperta della città di Trieste e delle sue meraviglie.
Ubicato in via Cristoforo Belli 1, a 700 metri dal castello di San Giusto e dall'omonima cattedrale, a 400 metri dall'ospedale Burlo Garofolo, dal centro direzionale di Allianz, dal palazzo di vetro di Fincantieri e l'area portuale.";;3;2023-12-21 09:31:13;2023-12-21 09:31:13;NULL
278;NULL;Hotel The Cross;Via di S. Croce in Gerusalemme, 40, 00185 Roma;Situato in una posizione centrale ma tranquilla, questo hotel a 3 stelle occupa una villa del 19° secolo, a 8 minuti a piedi dalla Basilica di San Giovanni in Laterano. La struttura offre un giardino terrazzato, camere climatizzate e la connessione WiFi gratuita in tutte le aree. Le camere del Cross Hotel presentano arredi classici e pavimenti in moquette. Ogni alloggio è dotato di TV LCD e bagno privato completamente attrezzato. Al mattino vi aspetta una colazione a buffet con torte, pasticcini e cereali. La struttura dista meno di 5 minuti a piedi da una varietà di ristoranti, bar e caffetterie. L'Hotel Cross si trova a 450 metri dalla stazione della metropolitana Manzoni, con collegamenti diretti per Piazza di Spagna e Città del Vaticano. La Chiesa di Santa Croce in Gerusalemme è raggiungibile a piedi in 4 minuti.;;3;2023-12-22 09:41:27;2023-12-22 09:41:27;NULL
279;NULL;Pejo: hotel europa;NULL;"Situato nel centro di Peio Fonti, tranquilla e soleggiata località nel Parco Nazionale dello Stelvio, a 50 metri dalle Terme recentemente rinnovate e ampliate con un ""centro benessere termale"" con il quale è convenzionato, a 50 metri dal centro sportivo e dal parco giochi, a 200 metri dagli impianti di risalita che con la nuovissima funivia PEJO3000 hanno ripristinato la famosa pista ""Val de la Mite"". E’ in posizione comoda per tutti i servizi di Peio Terme e come partenza di gite ed escursioni di ogni genere. L’hotel dispone di un ampio giardino solarium durante la stagione estiva.";;3;2023-12-22 10:38:11;2023-12-22 10:38:11;NULL
280;NULL;Famiglia selezionata;NULL;L'opzione di vivere con una famiglia francese è sempre la soluzione migliore perché potrai immergerti appieno nella lingua e nella cultura francese. Le famiglie con le quali lavoriamo accolgono i nostri studenti come fossero della famiglia stessa. Tutte le famiglie  forniscono le lenzuola ed asciugamani, ma, per questi ultimi, ti consigliamo di portane un paio da casa.  La tua famiglia ospitante si occuperà di prepararti i pasti (colazione, pranzo - packed lunch -  cena) e ti fornirà una camera che potrai condividere con altro studente della tua scuola. Inoltre potrai usufruire degli spazi comuni, in questo modo avrai l’opportunità di condividere la vita di tutti i giorni con la famiglia, fare colazione e cenare insieme come da abitudini spagnole e condividere momenti di convivialità. La famiglia ospitante può ospitare anche altri studenti stranieri.;;0;2023-12-27 10:39:44;2024-09-09 15:15:59;NULL
281;27;Hotel Cimabue;Via Bonifacio Lupi, 5a, 50129 Firenze;Ubicato in un edificio del 19° secolo che sorge in una zona tranquilla di Firenze, a soli 5 minuti a piedi dalla Galleria dell'Accademia, l'Hotel Cimabue offre camere climatizzate con WiFi gratuito. Gli alloggi del Cimabue sono arredati individualmente con mobili restaurati del 18° secolo. Alcuni vantano soffitti affrescati e una bella vista sugli edifici storici fiorentini che circondano l'albergo. Al piano terra dell'Hotel Cimabue troverete un accogliente lounge-bar aperto dal mattino fino a tarda sera. Sono inoltre disponibili un internet point e quotidiani in omaggio. L'albergo dista 2 minuti a piedi dall'Università di Firenze e 1,6 km dalla stazione ferroviaria di Santa Maria Novella.;;3;2023-12-28 13:12:53;2023-12-28 13:12:53;NULL
282;NULL;Hotel Senator;Hernalser Hauptstraße 105, 17. Hernals, 1170 Vienna;Situato a soli 12 minuti di tram dal centro di Vienna, dal municipio e dall'Università della città, il Senator Hotel Vienna offre la connessione WiFi gratuita, un bar aperto 24 ore su 24 e camere completamente climatizzate con TV satellitare a schermo piatto. Le spaziose stanze sono dotate di cassaforte e di bagno privato con asciugacapelli e set di cortesia. Dalla fermata Rosensteingasse, la linea del tram 43 conduce direttamente al centro, mentre la linea 9 vi porterà alla stazione ferroviaria Westbahnhof.;;4;2023-12-28 21:44:22;2023-12-28 21:44:22;NULL
283;27;FIRENZE HOTEL MERIDIANA 4****;NULL;Distante appena 300 metri da Piazza della Libertà, l’Hotel Meridiana può contare su ottimi collegamenti in autobus per la stazione ferroviaria di Firenze Santa Maria Novella. La struttura dista 1,6 km dallo Stadio Artemio Franchi, dove potrete assistere alle partite di calcio della Fiorentina o godervi un concerto.;;0;2023-12-29 11:07:35;2023-12-29 11:07:35;NULL
284;NULL;HOSTEL MEININGER AMSTERDAM AMSTEL;Julianaplein 6, 1097 DN Amsterdam, Paesi Bassi;L’hotel di recente costruzione è situato accanto alla stazione Amsterdam Amstel, nella zona sud-est della città. Con i mezzi pubblici, il centro storico e i monumenti si raggiungono in soli 10 minuti. Ma oltre al centro, anche i dintorni dell’hotel hanno molto da offrire a famiglie, gruppi e viaggiatori low cost.;;0;2024-01-05 12:12:46;2024-10-01 19:44:16;NULL
285;NULL;hotel california 4**** Firenze;via ricasoli;"L'hotel California si trova nel Palazzo Poccianti ,edificio storico della centralissima via Ricasoli; la stessa strada dove si trova anche la statua originale del David di Michelangelo. La recente ristrutturazione e la raffinatezza degli ambienti e dei particolari architettonici , tutti originali e sapientemente riportati alla luce renderanno il vostro soggiorno indimenticabile .";;4;2024-01-05 17:50:29;2024-01-05 17:50:45;NULL
286;NULL;Novotel Paris Est Bagnolet;1 Av. de la République, 93170 Bagnolet, Parigi, Francia;Situato a Bagnolet, a soli 5 minuti a piedi dalla Stazione della Metropolitana Gallieni, il Novotel Paris Est è un hotel moderno che mette a disposizione uno snack bar aperto 24 ore su 24 e l’accesso gratuito a un centro fitness e a un hammam. Le camere sono spaziose, insonorizzate e dotate di TV a schermo piatto e connessione WiFi gratuita. Il bagno è interno e include vasca o doccia e set di cortesia. La reception dell’hotel sarà a vostra disposizione 24 ore su 24. Il tram che fa il giro di Parigi, raggiungibile con una passeggiata di 10 minuti, e collega l'hotel al Parco La Villette in meno di 5 minuti.;;4;2024-01-06 17:34:39;2025-09-11 11:19:52;NULL
287;NULL;venezia: A&O Vending Mestre;NULL;"L'ostello, si trova a circa 600 m dalla stazione ferroviaria di Mestre, molto ben collegata con la città di Venezia (10 minuti in bus per
arrivare a Santa Lucia). Tutte le camere (4/6/8 posti letto la maggior parte con nuova generazione di letti a castello) sono dotate di
presa USB in ogni posto letto, bagno, tv, aria condizionata, armadietti, wii-fi, i bagni dispongono di asciugacapellii e dispencer sapone
sia vicino al lavandino che nella doccia. L'hotel dispone di 1 camera per disabili in ogni piano. La colazione e la cena sono a buffet.
L'Ostello offre Bar e reception, deposito gratuito bagagli per i gruppi, Wi-Fi gratuito anche nelle aree comuni, angolo per i bambini,
TV nella lobby, sala meeting, biliardo, calcio balilla, noleggio biciclette, biglietti per i trasporti Actv (la fermata dei bus per Venezia è
fronte hotel), lavanderia a gettoni, working space. L'ostello non dispone di un parcheggio per il bus.

A piedi dalla stazione centrale  di Venezia Mestre

Dalla stazione centrale di Mestre girate a destra in viale Stazione e seguite la strada, che curva leggermente a sinistra. Girate a destra in via Ca‘ Marcello e proseguite lungo la strada finché non vedrete l’ao alla vostra sinistra.";;0;2024-01-07 22:18:55;2024-01-07 22:41:41;NULL
288;NULL;Venezia: hotel Nazionale e Depandance 3***;NULL;"Struttura situata vicino la stazione FS Santa Lucia e vicino al molo per i vaporetti.
L'hotel è dotato di 90 camere con doccia, phon, aria condizionata, TV, telefono e cassaforte. Dispone di ascensore. E dependance
nelle immediate vicinanze della nostra struttura principale (ex Hotel Spagna già di loro proprietà) che si trova a 50 mt., nella
medesima via (Lista di Spagna).
Servizio Servizio Prezzo";;0;2024-01-07 22:47:19;2024-01-07 22:47:19;NULL
289;NULL;hotel Riviera di Levante Liguria 3/4 stelle;NULL;"hotel categoria 3/4 stelle, formula roulette. Sono strutture ben selezionate per il soggiorno sulla riviera di Levante per la visita delle 5 terre. 
il nominativo della struttura verrà comunicato una settimana prima della partenza.";;0;2024-01-08 10:15:58;2024-01-08 10:15:58;NULL
290;NULL;Kaiserhof Hotel ***;NULL;Situato a Anif, a 7 km.da Salisburgo, Hotel Kaiserhof vanta una conduzione familiare , ristorante e la connessione WiFi gratuita ovunque. Tutte le camere dispongono di TV a schermo piatto, un bagno privato. Avrete a disposizione set di cortesia e asciugacapelli. Ristorazione con cucina regionale austriaca.;;3;2024-01-08 17:51:48;2024-01-08 17:51:48;NULL
291;NULL;Hotel;NULL;NULL;;0;2024-01-08 21:18:24;2024-01-08 21:18:24;NULL
292;NULL;HOTEL GLOBUS *** o similare;NULL;Hotel 3* semicentrale con perfetto collegamento con il centro della città - 5 minuti a piedi si trova stazione metro Roztyly, linea C, Piazza Venceslao raggiungibile in 13 minuti, pochi passi dall'hotel c'è fermata bus - anche bus notturni, Piazza Venceslao raggiungibile in 15 minuti. Hotel offre 157 camere dotate di servizi privati, TV Sat e telefono con linea diretta. Alcune camere hanno balcone con vista in grande parco e bosco, oasi verde della zona, 8 camere sono accessibili ai disabili. A disposizione c'è reception 24 su 24, ampia hall, lobby bar, ristorante e birreria con terazza estiva, 3 sale conferenze con capacità fino a 150 persone, parcheggio nel garage e per bus davanti all'hotel. 10 minuti a piedi dall'hotel c'è un grande centro commerciale, accanto all'hotel c'è una ristorante tipico con cucina ceca tradizionale.;;3;2024-01-09 17:49:26;2024-12-13 10:01:24;NULL
293;NULL;cracovia : Fero express hotel 3***;NULL;"Situato a soli 7 km dall'aeroporto di Balice a Cracovia, l'Hotel Fero Express POKOJE KLIMATYZOWANE AC offre un parcheggio gratuito e camere con connessione a internet inclusa nella tariffa e TV LCD.

L'hotel sorge in una zona tranquilla, sulle rive del fiume Vistola. La vicinanza con l'uscita dell'autostrada A4 Wezel Tyniecki vi consentirà di raggiungere rapidamente il centro di Cracovia.
Il Fero Express ospita un ristorante con terrazza, dove vengono serviti piatti della cucina polacca ed europea. Al mattino potrete gustare la colazione a buffet con una vasta scelta di prodotti caldi e freddi.";;3;2024-01-10 22:14:30;2024-01-10 22:14:30;NULL
294;NULL;Hotel Meet Me 23;Washingtonova 23, Praga, 110 00, Repubblica Ceca;Situato a 400 metri dal Museo Nazionale di Praga e Piazza San Venceslao. Dispone di ampi spazi comuni, ristorante e bar. La struttura dispone di 54 camere su 5 piani raggiungibile con l'ascensore. Camere base 4-6 letti con servizi privati e phon, aria condizionata, WiFi gratuito in tutto l'edificio.;;3;2024-01-12 08:32:17;2024-09-30 12:42:10;NULL
295;NULL;HOTEL BERANEK ***;NULL;"Praga 2
Situato nei pressi del centro di Praga e a soli cinque minuti di distanza a piedi dalla famosa Piazza Venceslao. Fermata Tram a 200 metri La Reception si trova al piano terra. Lounge e la camere iniziano dal 1° piano. La struttura dispone di 79 camere su 4 piani raggiungibile con ascensore. Camere spaziose con servizi privati e phon, aria condizionata, cassaforte, TV . Free WiFi in tutto l'edificio.";;3;2024-01-12 08:33:32;2024-01-12 08:33:32;NULL
296;27;Kyriad Annemasse Geneve;ZA du Grand Bois, 3 Rue Gaspard Monge BP 80, 74100 Annemasse, Francia;l Kyriad Annemasse Geneve si trova ad Annemasse, a 2 km dalla stazione ferroviaria e a 8 km da Ginevra. Offre gratuitamente la connessione internet Wi-Fi e il parcheggio in loco. Tutte le camere con bagno interno di questo hotel Kyriad sono dotate di aria condizionata, TV satellitare e set per la preparazione di tè e caffè.;;3;2024-01-13 09:10:01;2024-01-13 09:10:01;NULL
297;NULL;Hotel Baross City;Budapest, Baross tér 15, 1077 Ungheria;Situato a soli 50 metri dalla stazione ferroviaria Keleti, il Baross City Hotel - Budapest offre sistemazioni moderne ospitate in un edificio d'epoca provvisto di cortile interno. Dalla stazione della metropolitana keleti (linee M2 e M4) e dalla fermata dei tram e degli autobus potrete raggiungere direttamente le sponde del Danubio e le principali attrazioni turistiche della città. Tutte ampie e climatizzate, le camere presentano una TV a schermo piatto con canali satellitari e un bagno privato con vasca o doccia, mentre la maggior parte di esse regala viste sul tranquillo cortile. Il Baross City dista meno di 10 minuti a piedi dalla rinomata Piazza degli Eroi e dal parco cittadino. La struttura si trova accanto alla fermata dell'autobus della linea numero 7, che vi consentirà di raggiungere Buda. A vostra disposizione la connessione WiFi gratuita e una rastrelliera portabiciclette al piano terra.;;3;2024-01-14 08:57:58;2024-01-14 08:57:58;NULL
298;NULL;HOTEL TRE STELLE;NULL;NULL;;0;2024-01-14 13:42:44;2024-01-14 13:42:44;NULL
299;NULL;HOTEL VALLE***;NULL;"Situato in posizione ideale nel centro della città, nel quartiere Monti, sulla via Cavour. Nelle vicinanze si trovano le principali piazze, il
Colosseo, i Fori Imperiali, Via Nazionale ed a circa 300 mt la stazione Termini. Camera con ampio bagno per accesso ma senza
maniglione in bagno.";;3;2024-01-14 17:01:42;2024-01-14 17:01:42;NULL
300;NULL;Hotel Petrus;ana Pietrusińskiego 12, 30-321 Kraków, Polonia;Dista circa 1.5 km dal Castello Reale di Wawel e dal centro storico della città. L'hotel è situato in prossimità della strada che collega il centro-citta con l'autostrada A-4 e l'aeroporto di Cracovia ''Balice''. Le 27 camere dispongono di servizi privati, telefono e TV. Attenzione: la struttura non dispone di ascensore.;;3;2024-01-15 09:36:20;2024-01-15 09:36:20;NULL
301;NULL;hotel florentia 3*** -lido di Camaiore-;NULL;A pochi passi dal mare l' Hotel Florentia, situato nel cuore di Lido di Camaiore, perla della riviera Versiliese,  è una struttura moderna e accogliente , dotata di tutti i comfort per farti vivere una vacanza indimenticabile all'insegna del relax e della  buona cucina;;3;2024-01-15 15:15:33;2024-01-15 15:15:33;NULL
302;NULL;trieste: Al viale hotel 3***;NULL;"Situato a circa 13 minuti a piedi da Mare Adriatico, quest'albergo a 3 stelle, Albergo Al Viale Trieste, comprende 18 camere per gli ospiti. Dotato di un ristorante e di un deposito bagagli, il l'hotel si trova a pochi minuti di auto dal Canal Grande di Trieste.
Posizione: Quest'albergo è posizionato a soli 7 minuti a piedi dal Museo Kleine Berlin e a 400 metri dalla Chiesa di Sant'Antonio Taumaturgo. Tra i luoghi di intrattenimento nel quartiere Città Nuova-Barriera Nuova-San Vito-Città Vecchia c'è il Teatro Rossetti, a pochi passi da Albergo Al Viale. Ci vogliono circa 14 minuti dalla Piazza Unità d'Italia. La fermata dell'autobus Via della Ginnastica, che offre un collegamento diretto con le attrazioni e i luoghi principali della città, si trova a poca distanza da Albergo Al Viale.";;0;2024-01-16 23:36:26;2024-01-16 23:36:26;NULL
303;NULL;Vicenza: hotel Cristina 3***;Corso SS. Felice e Fortunato, 32 Vicenza;"Il CityHotel Cristina Vicenza si trova nel cuore di Vicenza, a soli 100 metri dalla zona pedonale. Questo accogliente hotel si trova a 650 metri dalla stazione ferroviaria.
Tutte confortevoli, eleganti e climatizzate, le camere sono dotate di TV a schermo piatto. Alcune includono un balcone.";;3;2024-01-17 12:32:21;2024-01-17 12:32:21;NULL
304;NULL;B&B Hotel Trieste;Via Sant'Anastasio, 1 , 34132 Trieste, Italia;Il B&B Hotel Trieste occupa un edificio neoclassico del periodo austro-ungarico, di fronte alla stazione ferroviaria. Usufruirete inoltre della connessione WiFi gratuita nell’intera struttura. Potrete gustare la prima colazione nella confortevole sala ristorazione o semplicemente rilassarvi nell’ambiente elegante del B&B Hotel Trieste dopo una passeggiata in città o una giornata di lavoro. Nelle vicinanze vi attendono punti di interesse come il centro storico della città, il porto e il Castello di Miramare. Piazza Unità d'Italia è raggiungibile in 10 minuti a piedi.;;3;2024-01-17 12:50:14;2024-01-17 12:50:14;NULL
305;NULL;Hotel Pula;Sisplac ul. 31, 52100, Pula, Croazia;L'Hotel Pula, dotato di una piccola piscina all'aperto e di una palestra con sauna, sorge a pochi metri da una foresta verde e da una spiaggia di ciottoli, e nei pressi di una pista da jogging e di campi da tennis. Le camere sono climatizzate e munite di mobili moderni, TV satellitare, scrivania e bagno privato con asciugacapelli. Alcune vantano anche un balcone. L'Hotel Pula offre una spaziosa area ristorante e lounge con bar. L'albergo, provvisto di un parcheggio privato gratuito, si trova a soli 100 metri da una serie di bellissime spiagge e a 2 km dall'anfiteatro, con i suoi 3000 anni di storia.;;3;2024-01-17 12:52:22;2024-01-17 12:52:22;NULL
306;NULL;Jadran Hotel;Obala dr. Franje Tuđmana 52, 22000, Šibenik, Croazia;L'Hotel Jadran sorge nel centro storico di Sebenico accanto alla Cattedrale di San Giacomo, dichiarata patrimonio dell'umanità dall'UNESCO, e di fronte a un porto turistico con 50 yacht, e vanta un bar, un ristorante e una terrazza. Le camere dispongono di una TV satellitare e di un bagno privato con vasca. Alcune sono anche climatizzate. La taverna Kula serve specialità di pesce e vini pregiati in un'autentica atmosfera dalmata. Presso il ristorante à la carte e al bar con terrazza sul mare, potrete invece gustare vari piatti, bevande calde e fredde o torte fatte in casa.;;3;2024-01-17 12:53:57;2024-01-17 12:53:57;NULL
307;NULL;Hotel Omorika;Ul. Milovana Muževića 20, 51260, Crikvenica, Croazia;L'Annex Omorika offre un ristorante, una piscina stagionale all'aperto, un bar e un giardino a Crikvenica. Dotato di connessione WiFi gratuita, questo hotel a 3 stelle offre un bancomat. La reception è operativa 24 ore su 24. Le camere sono dotate di scrivania, TV a schermo piatto, bagno privato, biancheria da letto e asciugamani. Tutte climatizzate, le camere dell'Annex Omorika dispongono di armadio. Al mattino vi attende una colazione a buffet.;;3;2024-01-17 12:55:45;2024-01-17 12:55:45;NULL
308;NULL;vicenza: Ostello Olimpico di Vicenza;NULL;"L’Ostello di Vicenza si trova in posizione centrale a Vicenza e dispone di camere e dormitori climatizzati con vista sul fiume Bacchiglione. La struttura si trova a 300 metri dal Teatro Olimpico e a 350 metri dalla Basilica Palladiana. La connessione WiFi è disponibile gratuitamente in tutte le aree.
camere:
Le camere, da 2 a 6 posti letto con bagno privato, sono dotate di aria condizionata, illuminazione a led, Wi-fi gratuito e accesso H24 con card elettronica. Comprese nella proposta sia la biancheria da letto che un telo doccia per persona.";;0;2024-01-17 20:29:29;2024-01-17 20:29:29;NULL
309;NULL;Soreda hotel 4**** Malta;Malta zona St. Paul;"Situato a Qawra, con Bugibba da un lato e Baia di San Paolo dall'altro, il Soreda Hotel dispone di 2 piscine all'aperto e di una piscina coperta con idromassaggio, inoltre in loco si trova l'Express Fitness Club, completo di palestra e sauna.
Le ampie camere sono dotate di aria condizionata, balcone, TV satellitare, minibar, bollitore e bagno privato con asciugacapelli.
Tutti i giorni sono organizzate attività di intrattenimento serale, inoltre l'hotel dispone di un lounge-bar con una TV wide-screen per i principali eventi sportivi internazionali, e di una piccola sala per i giochi con 2 tavoli da biliardo.
Il ristorante del Soreda è aperto a colazione, pranzo e cena. La colazione e la cena sono servite a buffet. Durante l'estate potrete gustare drink e snack sulla terrazza all'ultimo piano con vista panoramica sul Mar Mediterraneo.";;4;2024-01-17 22:57:50;2024-09-12 05:43:26;NULL
310;NULL;HOTEL UPPER ROOM O SIMILARE***S;www.upper-room-hotel.de;NULL;;3;2024-01-19 07:55:28;2024-01-19 07:55:28;NULL
311;NULL;Hotel Golden Tulip Kazimierz;Krakowska 28, 31-062 Kraków, Polonia;Situato nello storico quartiere Kazimierz di Cracovia, a pochi passi dalla vivace piazza Wolnica, il Golden Tulip Krakow Kazimierz, 4 stelle, offre il WiFi gratuito, un'area giochi per bambini, un ristorante e un parcheggio privato. Moderne e climatizzate, le camere dispongono di bagno privato con set di cortesia e asciugacapelli, TV a schermo piatto, minibar e set per la preparazione di tè/caffè. In loco troverete una reception aperta 24 ore su 24, un ristorante, un bar e un servizio navetta a pagamento. Il Golden Tulip Krakow Kazimierz dista 200 metri dal quartiere ebraico Kazimierz, 800 metri dal Castello Reale del Wawel e 11 km dall'Aeroporto di Cracovia-Balice.;;4;2024-01-20 13:13:29;2024-05-22 11:07:55;NULL
312;NULL;Hotel Admiral o similari;NULL;"Posizione: CENTRALE. Ubicato in una tranquilla via laterale, nelle immediate vicinanze della più rinomata via dello shopping della
città 'Mariahilfer Straße'. Struttura: 80 Camere - WiFi - Cassaforte. Consigliato perché: si trova in centro a pochi passi dalle principali attrazioni come il Palazzo Imperiale Hofburg, l'Opera, il Parlamento, i musei e il mercato all'aperto 'Naschmarkt'. Nelle vicinanze dell'hotel si trova anche l'animato quartiere di Spittelberg con gallerie e
locali alla moda.";;3;2024-01-22 15:58:19;2024-01-22 15:58:19;NULL
313;NULL;vicenza M14 hotel;NULL;situato in centro storico a 5 minuti a piedi dalla Cattedrale.;;4;2024-01-24 07:29:38;2024-01-24 07:29:38;NULL
314;NULL;ISOLA ELBA: HOTEL BELMARE di Patresi o similare;Marciana / Patresi (LI) - 57030;"Albergo si trova sulla costa occidentale dell'Isola d'Elba inserito nell'area del Parco Nazionale dell'Arcipelago Toscano, su un poggio a 150 metri s.l.m., circondato da una rigogliosa vegetazione mediterranea, con una bellissima vista mare e indimenticabili tramonti.
La caratteristica del nostro hotel è l'ambiente tranquillo e familiare; è arredato in maniera sobria, moderna ed elegante.
L'hotel Belmare è composto da un corpo centrale, dove è situta una parte delle camere, la reception, il ristorante e da due corpi adiacenti di cui uno di recente costruzione.";;2;2024-01-25 21:05:10;2025-07-29 16:00:29;NULL
315;NULL;Copenhagen Downtown Hostel;Vandkunsten 5, 1467 København, Danimarca;A soli 5 minuti a piedi dalla Piazza del Municipio e dai Giardini di Tivoli, questo ostello aperto 24 ore su 24 offre un famoso bar con musica dal vivo occasionale. Semplici e fresche, le sistemazioni del Copenhagen Downtown includono un bagno privato o in comune, Le lenzuola sono incluse. La maggior parte delle camere si affaccia sulla piazzetta Vandkunsten.;;0;2024-01-26 12:17:15;2024-01-26 12:17:15;NULL
316;NULL;HOTEL ASTORIA PALACE ****;www.ghshotels.it;Hotel situato a Palermo, a un paio di km dal centro storico. Dista ca 5 km dalla stazione ferroviaria e dispone di una fermata bus di fronte la struttura. Le 310 camere disposte su 14 piani ( di cui 15 strutturate per l'accoglienza di persone disabili) sono tutte dotate di aria condizionata, TV, cassaforte, frigobar, asciugacapelli e wifi. Offre inoltre bar, ristorante, sala colazioni, 8 sale convegni, sala lettura, sala TV, giardino e ascensore. Parcheggio bus esterno a 150 mt.;;4;2024-01-30 10:23:24;2024-01-30 10:23:24;NULL
317;NULL;verona : HOTEL ANTARES ***;NULL;"l'Hotel è situato a 10 km da Verona e 20 km da Mantova e vicino alle uscite autostradali. Dispone di bar, sala colazioni, ristorante
interno, aria condizionata, ascensore, piscina, sala convegni e ampi spazi comuni. A pagamento area wellness e beauty. Le 198
camere (di cui 4 a norma disabili) divise su 4 piani, tutte dispongono di phon, box doccia, aria condizionata, TV, wifi e cassaforte. Il
wifi é presente sia nelle camere sia negli spazi comuni. Il bus può parcheggiare negli ampi spazi interni alla struttura.";;3;2024-01-30 14:37:38;2024-01-30 14:37:38;NULL
318;NULL;PERE TARRES YOUTH HOSTEL BARCELONA;www.peretarres.com;Situato a Barcellona, nei pressi del Camp Nou, in ottima zona moderna e facilmente raggiungibile, a due passi dai maggiori centri commerciali della città. Collegato al centro con metropolitana diretta, fermata linea verde Maria Cristina/Les Corts. Struttura moderna, premiata per la qualità dei servizi e pulizia, dispone di spaziosi ambienti comuni, sale, patio interno, ristorante,dotati di wi fi gratuito. Sistemazione in camere multiple con 10 letti castello con servizi privati e armadietti individuali.;;0;2024-01-30 19:26:39;2024-01-30 19:27:50;NULL
319;NULL;Room007 Salvador Hostel;Buiza y Mensaque 2-4, Old Town, 41004 Seville, Spain;"In posizione privilegiata nel centro di Siviglia, il Room00 Salvador Hostel offre camere climatizzate, un salotto in comune, connessione WiFi gratuita e una terrazza. La struttura si trova a circa 2,6 chilometri da Plaza de España, 3,1 chilometri dal Parco Maria Luisa e a 15 minuti a piedi da Plaza de Armas. L'intera struttura è non fumatori e dista 9 minuti a piedi da La Giralda e dalla Cattedrale di Siviglia.

Con bagno privato dotato di doccia e asciugacapelli, alcune unità del ostello offrono anche vista sulla città. Presso il Room007 Salvador Hostel tutte le camere sono fornite di lenzuola e asciugamani.

Il personale, che parla tedesco, inglese, spagnolo e francese alla reception aperta 24 ore su 24, sarà lieto di fornire agli ospiti informazioni pratiche sulla zona.

I punti di interesse popolari nelle vicinanze dell'alloggio includono la Chiesa di Santa María La Blanca, il Palazzo dell'Alcazar e il Ponte di Triana - Ponte Isabel II. L'aeroporto più vicino è l'Aeroporto di Siviglia, a 10 chilometri dal room00 Salvador Hostel.

L'ostello offre una sistemazione di mezza pensione, con colazione e cena.";;2;2024-01-30 20:22:35;2024-01-30 21:15:11;NULL
320;NULL;Residenza studentesca;NULL;La residenza studentesca della St  Gabriel School offre un trattamento di mezza pensione con colazione e cena. Tutte le camere sono singole con bagno privato, una zona comune a disposizione oltre a sale comuni, piscina, palestra e luoghi per rilassarsi.;;0;2024-01-30 21:19:31;2024-01-30 21:20:21;NULL
321;NULL;Dos Anjos Hotel ***;dos-anjos.hotels-lisbon-portugal.com;Hotel centrale recentemente rinnovato situato a soli 200 metri dalla fermata metro Intendente.;;3;2024-01-31 21:05:20;2024-01-31 21:05:20;NULL
322;NULL;UNIVERSITY HOTEL VSE **;NULL;L'University Hotel è situato in un campus dell'Università di Economia a Praga 3. È stato istituito per separazione da un complesso più grande di edifici del dormitorio Jarov I. Hotel offre una capacità totale di 56 camere con bagno e cucina. Tutte le camere e le aree interne dell'hotel sono non fumatori e coperte dalla connessione Wi-Fi gratuita. I campi sportivi dietro l'edificio offrono una vasta gamma di attività sportive a prezzi molto ragionevoli. La fermata del tram Strážní si trova a soli 200 metri e offre un collegamento facile e veloce con il centro di Praga.;;2;2024-02-01 08:52:13;2024-02-14 15:51:36;NULL
323;NULL;Levico Terme Hotel Dolomiti 3***;NULL;"Struttura situata a 20 km da Trento, a 2 km dalla stazione FS di Levico Terme e 400 m dal Lago di Levico.
Offre bar, ristorante, piscina, giardino, sala TV e wifi gratuito.
Dispone di 70 camere complete di servizi privati con doccia, phon, TV e telefono.
Disponibile parcheggio per bus.";;3;2024-02-01 13:56:49;2024-02-01 13:56:49;NULL
324;NULL;HOTEL ASTORIA PALACE ****;www.ghshotels.it;"Hotel situato a Palermo, a un paio di km dal centro storico. Dista ca 5 km dalla stazione ferroviaria e dispone di una fermata bus di fronte la struttura. Le 310 camere disposte su 14 piani ( di cui 15 strutturate per l'accoglienza di persone disabili) sono tutte dotate di aria condizionata, TV, cassaforte, frigobar, asciugacapelli e wifi. Offre inoltre bar, ristorante, sala colazioni, 8 sale convegni, sala lettura, sala TV, giardino e ascensore. Parcheggio bus esterno a 150.
mt.";;4;2024-02-01 17:21:27;2024-02-01 17:21:27;NULL
325;NULL;Hotel a Roma;NULL;"Sistemazione del gruppo secondo formula roulette su una delle nostre strutture centrali equiparabili per qualità e servizi.
Hotel 3*/4* di qualità, tipo Osimar, Laura o similare.
Nome hotel 15 giorni circa ante partenza.
Sistemazione in camere multiple per gli studenti e singole per gli insegnanti accompagnatori. Trattamento di mezza pensione co colazione in hotel e cena presso ristorante convenzionato (menu con tre portate e caraffa di acqua)";;0;2024-02-01 17:21:49;2024-02-01 17:44:22;NULL
326;NULL;HOTEL ASTORIA PALACE ****;www.ghshotels.it;Hotel situato a Palermo, a un paio di km dal centro storico. Dista ca 5 km dalla stazione ferroviaria e dispone di una fermata bus di fronte la struttura. Le 310 camere disposte su 14 piani ( di cui 15 strutturate per l'accoglienza di persone disabili) sono tutte dotate di aria condizionata, TV, cassaforte, frigobar, asciugacapelli e wifi. Offre inoltre bar, ristorante, sala colazioni, 8 sale convegni, sala lettura, sala TV, giardino e ascensore. Parcheggio bus esterno a 150 mt.;;4;2024-02-01 17:34:38;2024-02-01 17:34:38;NULL
327;NULL;HOTEL ATHENAEUM *** o similare;www.albergoathenaeum.it;Situato a Palermo, zona università, a poca distanza dal centro . Dispone di 80 camere, di cui 5 a norma disabili, tutte con di servizi privati interni, asciugacapelli, telefono, TV, aria condizionata, wifi. Completano la struttura il ristorante, il bar, la sala TV e la sala colazioni.;;3;2024-02-01 20:50:08;2024-02-01 21:39:25;NULL
328;NULL;Hotel Ibis Paris Pantin Eglise ***;NULL;Situato a 20 metri dalla stazione della Metropolitana Église de Pantin, l'ibis Paris Pantin Eglise offre camere climatizzate, la connessione WiFi gratuita nell'intero edificio e una reception con casseforti. Le sistemazioni dell'ibis Paris Pantin Eglise sono dotate di TV satellitare a schermo piatto e di bagno privato con vasca o doccia. La linea 5 della metropolitana è servita da collegamenti diretti per le stazioni ferroviarie Gare du Nord e Gare de l'Est. L'hotel dista infine appena 10 minuti a piedi dal Parc de la Villette e dalla sala concerti Zénith Paris.;;3;2024-02-06 09:30:02;2024-02-06 09:30:02;NULL
329;NULL;solo bus;NULL;servizio di trasporto per uscita didattica giornaliera;;0;2024-02-09 14:27:56;2024-02-09 14:27:56;NULL
330;NULL;HOTEL IBIS MALA STRANA o similare;NULL;"Praga 5 - al confine con Praga 1
L'hotel vanta un ristorante gastronomico che serve una cucina stagionale. L'hotel rappresenta un esempio di architettura in vecchiostile a Praga. Sorge nei pressi di un grande  centro commerciale circondato da delle aree pedonali con caffè, ristoranti e bar. Le principali attrazioni turistiche possono essere raggiunte facilmente a piedi dall'hotel.";;3;2024-02-10 10:35:26;2024-02-10 14:52:20;NULL
331;NULL;HOTEL IBIS BUDGET SELESTAT **;NULL;"Situato a Sélestat, lungo la Strada del Vino dell'Alsazia, tra Colmar e Strasburgo, a 1,9 km dall'uscita dell'autostrada A35, l'ibis budget
Sélestat offre la connessione WiFi gratuita e una terrazza arredata.
Tutte climatizzate, le camere dispongono di una TV a schermo piatto, di una scrivania e di un bagno privato con set di cortesia.";;2;2024-02-11 11:09:00;2024-02-11 11:09:00;NULL
332;NULL;hotel Kona 3***;Via Giovanni Battista Pighi, 1, 37024 Negrar di Valpolicella VR;KONA HOTEL VERONA è caratterizzato da due differenti building. Il New Building dispone di 92 stanze colorate dai vivaci sommier in tinta con le testate dei letti e con i divani o poltroncine, l' Historical Building dispone invece di 114 stanze, le sue camere sono arredate in modo lineare  e funzionale, sono dotate di servizi privati con doccia, set di cortesia ed asciugacapelli.;;3;2024-02-12 21:49:44;2024-02-12 21:49:44;NULL
333;NULL;Hotel La Carica 3***;Via Rovereto, 42, 37010 Pastrengo VR;"Inserito nel verde dell'entroterra veronese, nel comune di Pastrengo, passato alla storia per i noti fatti d'armi: La Carica dei Carabinieri (30 Aprile 1848). A soli 5 km dal Lago di Garda (Lazise) e 18 dalla città di Verona, l'Hotel ""La Carica***"" con Depandance** e' un Hotel 3 stelle a conduzione familiare.
E' un punto di riferimento anche per coloro che desiderano visitare la città di Verona, raggiungibile in 15 minuti con la tangenziale e per fare escursioni giornaliere su Padova, Venezia, Mantova, Milano, Trentino Alto Adige, data la vicinanza alle grandi vie di comunicazione. Ideale per rappresentanti di passaggio e per i visitatori che arrivano a Verona in occasione delle fiere, che cercano una sistemazione comoda unita ad una cucina dai sapori genuini.";;3;2024-02-12 22:07:03;2024-11-26 16:22:46;NULL
334;NULL;Hotel Ibis Styles Cannes Le Cannet;NULL;"Ubicato alle porte di Cannes, boulevard Carnot. A 7 minuti in autobus e a 5 minuti in auto dalla Croisette, dal Palais des Festivals, dalle spiagge e dal centro di Cannes, l'ibis Styles Cannes Le Cannet offre un facile accesso a Saint-Tropez e Monaco tramite l'autostrada o per visitare le profumerie di Grasse. 
Struttura composta da 80 Camere, Aria Condizionata, TV-Sat, Sala Colazioni, Bar, Reception (24h/24h), WiFi, Terrazza (Solarium), Giardino.
Consigliato perchè situato non lontano da monumenti come La Croix-des-Gardes (1,7 km) e Les Murs Peints (1,9 km), gode di una posizione perfetta per scoprire le varie attrazioni di Cannes.";;0;2024-02-13 10:05:24;2024-02-13 10:05:24;NULL
335;NULL;A&O HOSTEL WIEN STADTHALLE **;www.aohostels.com;"Posizione: CENTRALE. Situato a solo 1 fermata di metropolitana dalla stazione ferroviaria ovest (Westbahnhof) e 5 minuti a piedi dal centro eventi Wien Stadthalle.
Struttura: L'A&O Wien Stadthalle offre camere e dormitori interamente coperti dalla connessione WiFi. Consigliato perché: dista circa 3 e 5 minuti a piedi dalle fermate della metropolitana di Thalistrasse e Burggasse-Stadthalle (entrambe sulla linea U6).";;2;2024-02-14 14:37:24;2024-02-14 14:37:24;NULL
336;NULL;HOTEL THE ORIGINALS ACCESS COLMAR GARE ***;NULL;"Hotel semplice situato tra il centro e la stazione ferroviaria di Colmar, nella splendida regione francese dell'Alsazia. Confortevoli e
insonorizzate, tutte le camere dispongono di comfort standard, tra cui un telefono e una TV con canali satellitari. Inoltre, avrete a
disposizione una reception aperta 24 ore su 24 con uno staff multilingue (francese, inglese e tedesco). Nella zona circostante
sorgono numerose piste da sci alpino e a 1 ora dalla proprietà potrete ammirare la bellezza dei Vosgi.";;3;2024-02-14 16:08:57;2024-02-14 16:08:57;NULL
337;NULL;Hotel Hemus;25, Cherni Vrah Blvd., Lozenets, 1421 Sofia, Bulgaria;Situato di fronte al Centro Commerciale City Center Sofia, l'Hotel Hemus offre eleganti camere con minibar a pagamento, TV via cavo e connessione internet gratuita. Tutte le sistemazioni sono dotate di aria condizionata regolabile autonomamente. Arredato elegantemente, il ristorante serve piatti internazionali e locali. Nei 2 edifici dell’Hemus Hotel troverete un casinò, un nightclub e sale conferenze. La Stazione Metro European Union si trova accanto all'albergo. L'Hotel Hemus sorge a pochi passi dal Palazzo Nazionale della Cultura e dalla Cattedrale di Aleksandr Nevskij. A 700 metri, il famoso Vitosha Boulevard è ricco di negozi.;;3;2024-02-14 21:24:07;2024-02-14 21:24:07;NULL
338;NULL;Hotel Crystal Palace - Praga;Malá Tpánská 17, Prague, 110 00, Czech Republic;"Il moderno Hotel Crystal Palace sorge in una tranquilla strada secondaria nel cuore di Praga, a 150 metri dalla fermata del tram più vicina, a 800 metri da Piazza Venceslao, a 850 metri dalla Casa Danzante Ginger & Fred e a 15 minuti a piedi dal Teatro Nazionale.
Tutte climatizzate, le camere includono la connessione internet via cavo gratuita, una TV satellitare, una cassaforte e un bagno con asciugacapelli.
La struttura vanta, inoltre, un'area relax con sauna finlandese, una sala conferenze per 60 persone e un ristorante con terrazza dove avrete modo di gustare un buffet per la colazione.
Consigliato perché: Situato in una strada tranquilla, l'hotel offre camere accoglienti e silenziose. L'eleganza, il comfort e la centralità rendono questa struttura una delle migliori soluzioni per soggiornare a Praga.";;4;2024-02-16 13:36:49;2024-02-16 13:36:49;NULL
339;NULL;Full Moon Budapest Hostel;1055 Budapest, Szent István körút 11., Ungheria;"Posizionato nel cuore di Budapest e proprio dietro l'angolo dalle rive del fiume Danubio, il Full Moon Budapest offre camere climatizzate con bagno privato e connessione WiFi gratuita.
Ogni camera privata al Full Moon è dotata di una smart TV a schermo piatto. Ogni camera dispone di un bagno privato.
Diversi supermercati e ristoranti si trovano nelle immediate vicinanze del Full Moon Budapest. I negozi nelle strade circostanti offrono innumerevoli opportunità per lo shopping. Il Morrisons Music Pub 2 è situato all'interno dello stesso edificio. Tutti gli ospiti beneficiano dell'accesso gratuito a questo pub musicale.
La fermata del tram Jászai Mari tér dista 200 metri, dove i tram fermano 24 ore al giorno (linea 4 e 6). L'hotel si trova a 450 metri dall'Isola Margherita, a 900 metri dal Parlamento, a 1,3 km dalla Basilica di Santo Stefano e a 1,5 km dal Ponte delle Catene. Il centro commerciale WestEnd City Center si trova a 900 metri di distanza.
L'hotel offre trattamento di mezza pensione (colazione e cena).";;0;2024-02-16 14:28:14;2024-02-17 16:06:58;NULL
340;NULL;Ibis Budget Frejus Capitou;ZI Capitou -1335 ave Jean Lachenaud, 83600 Fréjus, Francia;Le camere dell'ibis budget Frejus Capitou A8 dispongono di TV a schermo piatto, armadio e riscaldamento autonomo. I bagni privati sono completi di doccia e servizi igienici. Completano la struttura reception e parcheggio bus.;;2;2024-02-17 13:41:57;2024-02-17 13:41:57;NULL
341;NULL;Hotel Opera;Tesnov 13, Praga, 110 00, Repubblica Ceca;"Situato nel centro di Praga, in un palazzo neo-rinascimentale, l'Hotel Opera, a conduzione familiare, vanta ambienti completamente ristrutturati, camere non fumatori con aria condizionata e TV LCD satellitare e la connessione via cavo e WiFi gratuita.
Circondato da negozi, banche e dagli edifici storici della Città Nuova di Praga, l'Opera Hotel sorge di fronte alla fermata tranviaria Těšnov e a soli 200 metri dalla stazione della metropolitana Florenc.
Presso il ristorante gusterete piatti tradizionali della cucina locale e specialità internazionali, mentre al bar vi attendono birre ceche classiche.
L'Hotel Opera vi mette a disposizione il servizio concierge, un garage con servizio di parcheggio e riconsegna auto, una sala fitness, una sauna e una vasca idromassaggio.
La sistemazione è in camere doppie per gli studenti e singole per gli accompagnatori. L'hotel offre servizio di B&B.";;4;2024-02-19 17:45:57;2024-02-19 17:45:57;NULL
342;NULL;HOTEL OROLOGIO ****;NULL;"L'Hotel situato lungo la cerchia delle antiche mura e vicino all'approdo turistico lungo un ramo del fiume PO, è di facile accesso
dall'autostrada, a poche centinaia di metri dalla stazione ferroviaria e dal centro storico. L'hotel offre numerosi servizi a vostra
completa disposizione, autonoleggio con autista per qualsiasi meta da e per l'aeroporto di Bologna (su richiesta), biciclette moderne
per rapidi spostamenti cittadini o piacevoli gite, centro benessere convenzionato, collegamento WI-FI ,accesso disabili e sale riunioni
attrezzate con capienza fino ad 70 persone";;0;2024-02-21 21:13:25;2024-02-21 21:13:41;2024-02-21 21:13:41
343;NULL;HOTEL OROLOGIO ****;NULL;"L'Hotel situato lungo la cerchia delle antiche mura e vicino all'approdo turistico lungo un ramo del fiume PO, è di facile accesso
dall'autostrada, a poche centinaia di metri dalla stazione ferroviaria e dal centro storico. L'hotel offre numerosi servizi a vostra
completa disposizione, autonoleggio con autista per qualsiasi meta da e per l'aeroporto di Bologna (su richiesta), biciclette moderne
per rapidi spostamenti cittadini o piacevoli gite, centro benessere convenzionato, collegamento WI-FI ,accesso disabili e sale riunioni
attrezzate con capienza fino ad 70 persone";;4;2024-02-21 21:14:40;2024-02-21 21:14:40;NULL
344;NULL;Ibis Barcellona Meridiana;Passeig Andreu Nin, 9, Nou Barris, 08016 Barcellona, Spagna;"L'Ibis Barcelona Meridiana sorge vicino alla stazione Fabra i Puig e a 10 minuti di metropolitana da Plaza Catalunya. La struttura offre un bar aperto 24 ore su 24 e camere climatizzate con TV satellitare a schermo piatto.
Il bar del Barcelona Meridiana propone un ricco assortimento di snack e bevande.
Nei pressi dell'Hotel Ibis Barcelona Meridiana, il centro commerciale Heron City ospita ristoranti, sale cinematografiche e una palestra. Il parcheggio pubblico coperto è fruibile a pagamento.
La struttura si trova a 600 metri dalla stazione della metropolitana Fabra i Puig, comodamente raggiungibile in 10 minuti a piedi.";;0;2024-02-22 17:23:28;2024-02-22 17:34:36;NULL
345;27;BERLINO: hotel comfort LICHTENBERG 3***;Rhinstraße 159, 10315 Berlin, Germania;Situato in una strada centrale nel quartiere Lichtenberg di Berlino, a soli 30 minuti di auto dall'aeroporto di Berlino Brandeburgo, il Comfort Hotel Lichtenberg combina servizi eccellenti con una posizione vantaggiosa vicino al centro di Berlino. Una base perfetta per gli ospiti che visitano la capitale tedesca per affari o per piacere, il nostro hotel per famiglie offre sistemazioni accoglienti dotate di comfort moderni.;;3;2024-02-22 20:44:39;2024-02-22 20:45:18;NULL
346;NULL;BERLINO: Lette'm sleep;Lettestr. 7, Berlino, Germania;"Il Lette'M Sleep Berlin Ostello è situato nel quartiere Prenzlauer Berg e a pochi minuti di distanza da Helmholtzkiez.
Il luogo è collocato nel quartiere alla moda di Berlino, a pochi passi dal Gethsemane Church. Quest’alloggio è a 2 km di distanza dal Museo di Pergamon. La zona offre varie opzioni gastronomiche, come per esempio Wohnzimmer e il Cafe + Bar MOLOKO, che distano 50 metri dall'ostello. Questo luogo si trova nelle vicinanze di Helmholtzplatz.
Una passeggiata di 10 minuti vi porterà alla stazione della metropolitana Eberswalder Strasse. Gli ospiti possono usufruire di biciclette a noleggio.";;2;2024-02-26 22:35:25;2024-02-26 22:35:25;NULL
347;NULL;Hotel Reseda Bagnolet;2 Avenue Du General De Gaulle, 93170 Bagnolet, Francia;"L'Hotel Reseda sorge a 160 metri da un centro commerciale e dalla stazione della metropolitana Gallieni, che offre l'accesso diretto al centro di Parigi.
Le camere presentano un bagno interno, un telefono, una TV e una zona giorno.
L'Hotel Reseda dista soltanto 20 minuti in auto dall'Aeroporto di Parigi-Charles de Gaulle, direttamente collegato alla struttura tramite l'autobus numero 351. Il personale cordiale parla inglese, spagnolo, tedesco e italiano.
Al mattino vi attende una colazione a consumazione libera. A vostra disposizione inoltre un bar, ideale per rilassarsi sorseggiando un drink.";;3;2024-02-27 09:20:15;2024-02-27 09:20:15;NULL
348;NULL;Hostel Plus Florence;Via Santa Caterina D'Alessandria, 15, 50129 Firenze FI;"Situato a 10 minuti a piedi dalla stazione ferroviaria di Santa Maria Novella, l'ostello Plus Florence offre camere, dormitori e il WiFi gratuito in tutti gli ambienti. La Cattedrale di Santa Maria del Fiore dista 1 km. Tutte le camere e i dormitori del Plus Florence dispongono di TV a schermo piatto, 
 armadietti e bagno privato. Alcune sistemazioni si affacciano sulla Cattedrale. Durante il vostro soggiorno potrete usufruire gratuitamente dell'area fitness e, durante l'inverno, di una piscina coperta. A vostra disposizione un’area comune con microonde, frigorifero e distributori automatici.
Al mattino presso il Plus Florence vi attende una ricca colazione all’inglese a buffet fino alle 11:00. La caffetteria serve drink, spuntini e gelati durante il giorno, e il ristorante propone pizza e altri piatti italiani a cena.";;0;2024-02-27 20:17:14;2024-02-27 20:17:14;NULL
349;NULL;hotel 3 stelle roulette Vicenza e Padova;NULL;hotel 3 stelle tra vicenza e Padova da definirsi 10 gg prima della partenza;;0;2024-02-28 06:04:30;2024-02-28 06:04:30;NULL
350;NULL;Lucca: hotel Barberino 3***;NULL;L'Hotel Barberino rappresenta una valida opportunità sia per chi deve recarsi a Firenze, per lavoro o per una piacevole vacanza L'Hotel è aperto 24 ore su 24 (tutto l'anno) e dispone di 78 camere, tutte con bagno privato.;;0;2024-02-28 15:31:10;2024-02-28 15:31:10;NULL
351;NULL;a&o Nürnberg Hauptbahnhof;Bahnhofstr. 13-15, Mitte, 90402 Norimberga, Germania;"Situato a soli 3 minuti a piedi dalla Stazione ferroviaria di Norimberga e a 5 minuti di cammino dal centro storico, questo ostello offre camere moderne e una reception aperta 24 ore su 24.
Le sistemazioni dell'a&o Nürnberg Hauptbahnhof sono decorate con colori vivaci e dotate di pavimenti in legno, scrivania e bagno privato. Tutte le aree comuni e le camere sono coperte dalla connessione WiFi gratuita.
L'a&o Nürnberg Hauptbahnhof serve la colazione a buffet e la cena. Durante il vostro soggiorno potrete rilassarvi al bar, giocare a biliardo o guardare la TV satellitare con diversi canali sportivi nella hall e nel bar.
La stazione ferroviaria di Norimberga è servita da linee metropolitane che vi consentiranno di raggiungere la Fiera di Norimberga in soli 10 minuti.";;2;2024-02-28 15:36:09;2024-02-28 15:36:09;NULL
352;NULL;Alper Hotel am Potsdamer Platz;Potsdamer Str. 82-84, Mitte, 10785 Berlino, Germania;"Situato a Berlino, a soli 10 minuti a piedi dalla Potsdamer Platz e dal Parco Tiergarten, questo hotel offre sistemazioni luminose con TV e divani. La reception è aperta 24 ore su 24.
La struttura vi attende a pochi passi da numerosi ristoranti.
Arredate in stile tradizionale, le camere dell’Alper Hotel am Potsdamer Platz possiedono un bagno interno. Le cabine doccia sono state rinnovate nel 2013, e su richiesta potrete usufruire di asciugacapelli.
L’hotel si trova a soli 15 minuti di cammino dalla Filarmonica di Berlino e dal Sony Centre.
La stazione della metropolitana di Kurfürstenstrasse, sulla linea U1, dista 600 metri dalla struttura. Da qui potrete raggiungere in appena 5 minuti i famosi grandi magazzini KaDeWe, sulla via dello shopping Kurfürstendamm.";;3;2024-02-28 15:39:18;2024-02-28 15:39:18;NULL
353;NULL;MEININGER Hotel München Olympiapark;Landshuter Allee 174, Neuhausen - Nymphenburg, 80637 Monaco di Baviera, Germania;"Moderno ostello con servizi paragonabili ad hotel 3 stelle, a 1,9 km dall'Olympiapark e a 2,8 km dal BMW Welt, il MEININGER Hotel München Olympiapark offre un parcheggio, il WiFi gratuito, una reception aperta 24 ore su 24 con servizio di biglietteria e una terrazza.
Tutte le camere sono insonorizzate e dotate di area salotto, TV a schermo piatto con canali via cavo e bagno privato con doccia, set di cortesia e asciugacapelli. Al mattino vi attendono una colazione continentale a buffet. Il bar dell'hotel propone una varietà di bevande ogni giorno.
 La stazione della metropolitana più vicina è la fermata GERN con le linee U1, U2 e U7. Sistemazione per studenti in moderne camere da 4-6 letti con doccia / WC, asciugacapelli e TV. Inoltre dispone di lounge, bar, area giochi, reception aperto 24h su 24h, sala colazioni, Wi-Fi gratuito in tutta la struttura.";;0;2024-02-28 15:42:11;2024-06-11 17:05:42;NULL
354;NULL;CASA LA SALLE;NULL;"Una casa per ferie dotata di ampi spazi, immersa nella tranquillità di un parco privato,  perfetta per chiunque sia alla ricerca di un soggiorno a Roma senza allontanarsi dal centro cittadino,130 camere, 10 sale meeting,  Ristorante interno, veranda ed un ampio parcheggio riservato.
Casa La Salle è lieta di darvi il benvenuto con  professionalità, cordialità, e disponibilità.";;0;2024-02-28 15:51:55;2024-03-01 15:56:48;2024-03-01 15:56:48
355;NULL;sardegna : camping cala Ginepro;Viale Cala Ginepro 100;"Camping in Sardegna, il Camping Cala Ginepro sorge tra spiagge di rara bellezza, rigogliosi pini e profumati ginepri. Il Camping Cala Ginepro è un campeggio in Sardegna sul mare, tre stelle, nella costa orientale dell'isola, tra le perle del Golfo di Orosei.

Affacciato su splendide acque cristalline, il campeggio offre tre uscite dirette sul mare: due alle spiagge di fine sabbia bianca di Cala Ginepro e Sa Mattanosa, una alla suggestiva scogliera. Le acque incontaminate, il basso fondale che digrada dolcemente, i servizi offerti e la straordinaria natura rendono Cala Ginepro un campeggio in Sardegna indimenticabile.
Il Camping Cala Ginepro è il campeggio sul mare ideale per le vacanze in Sardegna in famiglia, con i tuoi bambini e ragazzi, in coppia o tra amici; una meta incantevole per tutti gli appassionati di sport e natura, del sano divertimento e del completo relax.";;0;2024-02-28 17:53:50;2024-02-28 17:53:50;NULL
356;NULL;HOTEL GIARDINO D'EUROPA;NULL;"L’Hotel Giardino d’Europa è la struttura ideale per meeting e convention aziendali, dispone di una sala conferenze per 50 persone attrezzata con tecnologie avanzate.
Il giardino lussureggiante che circonda l’hotel e la piscina consentono anche ai visitatori di godersi una pausa di relax senza lasciare l’albergo.
Inoltre, il personale dell’Hotel Giardino d’Europa è a vostra disposizione per assistervi in ogni vostra esigenza di viaggio e soggiorno.";;3;2024-02-29 13:48:21;2024-03-01 15:56:55;2024-03-01 15:56:55
357;NULL;Euro Hotel;Via 1º Maggio, 57, 10042 Nichelino TO;L'Eurohotel sorge a Nichelino. Questo hotel a 3 stelle offre un bar e camere climatizzate con WiFi gratuito e bagno privato. Tutte le sistemazioni dell'hotel sono provviste di scrivania. Le camere dell’Eurohotel dispongono inoltre di TV a schermo piatto e set di cortesia. Il personale della reception, operativa 24 ore su 24, parla italiano, inglese e francese.;;3;2024-03-01 09:40:55;2024-03-01 09:40:55;NULL
358;NULL;CASA RAVASCO SAN PIETRO;NULL;"Situato a 300 mt dalla Basilica di San Pietro, a ridosso delle mura Vaticane ed a pochi passi dalla Basilica e dai Musei Vaticani.
Dispone di 36 camere. Aria condizionata e Tv presente, Cappella";;0;2024-03-01 15:58:43;2024-03-01 15:58:43;NULL
359;NULL;PALAZZO SANT'ANTONIO (EX MADRE CHIARA DOMUS);NULL;"Situato a Roma, a meno di 1 km dalla Stazione Metro Battistini, il Palazzo Sant'Antonio offre un giardino, un parcheggio privato e un bar. La struttura si trova a circa 4,1 km dalla Stazione Metro Ottaviano, dalla Basilica di San Pietro e dai Musei Vaticani. Questo hotel  è coperto dal WiFi gratuito.
Tutte le sistemazioni dispongono di bagno privato con bidet, asciugacapelli e set di cortesia. Le camere sono dotate di aria condizionata e TV a schermo piatto.
Al mattino presso il Palazzo Sant'Antonio vi attende la colazione con opzioni a buffet e all'italiana.";;0;2024-03-01 15:59:53;2024-05-05 12:36:48;NULL
360;NULL;CASA LA SALLE;NULL;NULL;;0;2024-03-01 16:05:04;2024-03-01 22:50:03;2024-03-01 22:50:03
361;NULL;HOTEL GIARDINO D'EUROPA;NULL;NULL;;0;2024-03-01 16:05:18;2024-03-01 22:50:03;2024-03-01 22:50:03
362;NULL;HOTEL M 14 ***;NULL;"Hotel*** sito nel centro di Padova, a 10 minuti a piedi dalla cattedrale. Dispone di camere moderne con TV LCD, eleganti e decorate, insonorizzate e
climatizzate, con balcone. La connessione Wi-Fi è disponibile nelle aree comuni.";;3;2024-03-01 22:50:55;2024-03-01 22:50:55;NULL
363;NULL;Hotel Atos;Melnicka 13, Praga, 150 00, Repubblica Ceca;"Situato nel centro del pittoresco quartiere Malá Strana, vicino al lussureggiante Giardino Kinský, l’Hotel Atos dista appena 10 minuti a piedi dal Castello di Praga, dal Teatro Nazionale e da Piazza San Venceslao.
Ospitato in un edificio storico restaurato risalente alla seconda metà del 19° secolo, l'Hotel Atos offre camere spaziose e arredate. Le sistemazioni sono tutte dotate di TV satellitare.
Al mattino vi attende una ricca colazione a buffet, mentre il ristorante dell'hotel, il Meduzzy, propone piatti della cucina ceca e internazionale.
Nelle vicinanze troverete una fermata del tram, che fornisce un facile e rapido accesso a tutti i punti di interesse della Città d’Oro.";;3;2024-03-02 17:00:51;2024-03-02 17:00:51;NULL
364;NULL;LIBERTY HOTEL MALÈ;Piazza Garibaldi, 33 - Malè (TN);"Albergo di lunga tradizione familiare, gestito direttamente dai proprietari dal 1908, si e` saputo adeguare alle esigenze della clientela ed oggi offre ai propri ospiti un` opportunita` per ritemprarsi, divertirsi, godersi una piacevole vacanza.

La famiglia Marinelli sarà lieta di darvi il benvenuto...
Nella nostra ampia sala ristorante si possono gustare piatti tipici e tradizionali che la nostra cucina, sana e genuina, attenta a soddisfare esigenze particolari, propone quotidianamente.
Ogni mattina troverete e Vostra disposizione un ricco e abbondante buffet.
Per concludere la giornata la quiete e il comfort della Vostra stanza Vi attendono per una notte di tutto riposo, per essere pronti ad affrontare il nuovo giorno in piena forma. Tutte le stanze dispongono di servizi privati, vasca o doccia, televisione";;3;2024-03-02 19:45:30;2024-03-02 19:45:30;NULL
365;NULL;Residence Hotel Campastrello Sport;Località Campastrello 1 57022 - Castagneto Carducci;"Il Residence Hotel Campastrello Sport a Castagneto Carducci, nel cuore della Maremma toscana custodisce il segreto di un’accoglienza genuina e viva come questa terra.  
Circondato da un parco privato di 5 ettari, il Residence Hotel Campastrello Sport offre la quiete di un soggiorno relax, insieme all'opportunità di una vacanza sportiva e dinamica con ampi programmi di attività ed intrattenimento.
Il Residence Hotel Campastrello organizza anche corsi di cucina ed escursioni, dispone anche di Sala meeting 90/100 posti e saletta polifunzionale .";;3;2024-03-03 13:37:43;2024-03-03 13:37:43;NULL
366;NULL;HOTEL TOWER MONTRESOR GROUP ****S;NULL;"Hotel**** sup. elegante a Bussolengo, 15 minuti da Verona e dal Lago di Garda. Il parco divertimenti Gardaland è raggiungibile in 20
minuti. Le sue 144 camere moderne dotate di connessione Wi-Fi molto spaziose e vantano raffinati pavimenti in parquet, ampi letti e
un bagno privato in marmo. Sono tutte dotate di una TV LCD satellitare e di aria condizionata; alcune si affacciano sulla campagna
circostante. Il ristorante è specializzato nella cucina italiana e veneta.";;4;2024-03-03 14:40:37;2024-03-03 14:40:37;NULL
367;NULL;HOTEL MOSAICO ***S;NULL;"Hotel**** vicino al centro storico e alla stazione ferroviaria, a pochi chilometri dalle ampie spiagge di Ravenna
Vari Servizi di Hotel e Residence fra cui : Reception (24 / 24)Due Ascensori Camere con Wi-fi GRATIS Cassetta di sicurezza Riscaldamento Saletta TV Saletta riunioni Deposito bagagli Climatizzazione";;3;2024-03-03 15:05:43;2024-03-03 15:05:43;NULL
368;NULL;Ibis Paris Porte d'Italie;13 rue du Val de Marne, 94250 Gentilly, Francia;Situato a 5 km dal Parc des Expositions Porte de Versailles, a 8,5 km dal Parc des Princes e a 18 km dallo Stade de France, l'ibis Paris Porte d'Italie offre un ristorante francese, un bar e camere climatizzate con bagno interno. Le sistemazioni dell'ibis Paris Porte d'Italie dispongono di TV, WiFi gratuito e bagno con doccia. Al mattino vi attende una colazione a buffet a base di cibi dolci e salati. Avrete anche modo di ascoltare la vostra musica preferita con il tablet digitale fornito nel lounge-bar. L'ibis Paris Porte d'Italie dista 750 metri dalla stazione RER di Gentilly (linea B), 900 metri dalla stazione della metropolitana Porte d'Italie (linea 7), 1,4 km dal Parc Montsouris e 4 km dall'Accorhotels Arena Porte de Bercy.;;3;2024-03-04 12:20:24;2024-03-04 12:20:24;NULL
369;NULL;Hotel Ciudad de Castelldefels;Paseo De La Marina 212, Castelldefel;"Posizione della struttura
Alloggiare in Hotel Ciudad de Castelldefels ti porta nel centro di Castelldefels, a 1 minuti di auto da Riviera di Castelldefels e 6 minuti da Castello di Castelldefels. Questo hotel si trova a 3 km da Parco naturale di Garraf e 7,5 km da Spiaggia di Filipinas.

Camere
Rilassati in una delle 103 camere della struttura, complete di minibar e TV a schermo piatto. L'Wi-Fi gratuito ti consentirà di restare connesso con il mondo. I bagni dispongono di vasca o doccia e set di cortesia gratuiti. I comfort includono telefoni, casseforti e scrivanie.

Servizi ricreativi, premium e spa
Grazie ad un'ampia gamma di servizi ricreativi, che includono una piscina all'aperto e un servizio di noleggio biciclette, il divertimento è assicurato. Questo hotel dispone, inoltre, di il Wi-Fi gratuito, servizi per matrimoni e una TV nelle aree comuni.

Servizi business e altri comfort
Rilassati in una delle 103 camere della struttura, complete di minibar e TV a schermo piatto. L'Wi-Fi gratuito ti consentirà di restare connesso con il mondo. I bagni dispongono di vasca o doccia e set di cortesia gratuiti. I comfort includono telefoni, casseforti e scrivanie.

Pasti
Concludi la giornata in bellezza con il tuo drink preferito! Presso questa struttura troverai un bar/lounge davvero fantastico. La colazione a buffet è disponibile a pagamento tutti i giorni dalle ore 07:30 alle ore 10:30.";;3;2024-03-09 17:10:30;2024-03-09 17:10:43;NULL
370;NULL;hotel 3/4 stelle Pisa e Lucca;NULL;sistemazione in hotel di categoria 3 o 4 stelle formula roulette da assegnarsi in fase di conferma, localizzato al max 600mt dal centro storico di Pisa o di Lucca da confermarsi una settimana prima della partenza;;0;2024-03-12 13:48:08;2024-03-12 13:48:08;NULL
371;NULL;ibis budget Lugano Paradiso;NULL;NULL;;2;2024-03-14 13:50:14;2024-03-14 13:50:14;NULL
372;NULL;CASA RAVASCO SAN PIETRO;NULL;La casa per ferie Ravasco San Pietro, regala un'atmosfera raffinata ed elegante caratterizzata da un significativo connubio tra lo stile classico e una forte connotazione contemporanea. Uno stile raffinato e personale anche nelle 37 camere, molte con vista sulla cupola di San Pietro.;;0;2024-03-15 10:28:07;2024-03-15 10:28:07;NULL
373;NULL;Hostel Pere Tarres;C/ de Numància, 151, Les Corts, 08029 Barcelona;L'Albergue Pere Tarrés sorge 10 minuti a piedi dalla Stazione Ferroviaria di Sants e pochi minuti di metropolitana dal centro di Barcellona. L’ostello offre una cucina, un ristorante e il WiFi gratuito. Le camere del Pere Tarrés Hostel sono dotate di bagno privato, biancheria da letto e armadietti. Il Pere Tarrés propone una colazione a buffet. L'Albergue Pere Tarrés dista 5 minuti a piedi dalla Stazione Metro Maria Cristina. L'ostello sorge a circa 15 minuti dallo Stadio di Calcio Camp Nou e nelle vicinanze del Centro Commerciale L'Illa Diagonal.;;0;2024-03-19 09:46:52;2024-03-19 09:51:35;NULL
374;NULL;CASE ALPINE GINO PISTONI;Via Ondre, 22 Città	Gressoney-Saint-Jean Cap	11025 Provincia	AOSTA;"Trattamento: pensione completa con colazione, pranzo al cestino e cena. Pernottamento in camere multiple per studenti e docenti (come da piano camere).
La Casa Alpina è situata a Gressoney-Saint-Jean , nota località turistica della Valle d’Aosta. Dalla Casa si gode un’invidiabile panorama alpino sulla conca di Gressoney e sull’ampia cerchia del Gruppo del Monte Rosa con i suoi possenti ghiacciai e le poderose formazioni rocciose. La Casa gode della tranquillità di una  posizione “ritirata” pur con la comodità d’avere il centro di Gressoney raggiungibile con soli 10 minuti di cammino su vie di scarso traffico e percorsi pedonali e ciclabili. In pochi minuti di gradevole passeggiata si giunge così in un centro ricco di arte, di negozi e servizi: chiesa parrocchiale, diversi istituti di credito, ufficio postale, attività commerciali per lo shopping. La Casa offre sistemazione in camere da 2, 4 e 6 posti, parecchie di esse sono arredate con letti a castello in stile montano: ogni camera è dotata di servizio privato con doccia.
Un’ala di più recente costruzione è stata configurata in camerate, ognuna ha il proprio blocco servizi e docce. La sistemazione in camerate è ideale per gruppi o famiglie numerose! I pasti vengono serviti nel grande refettorio, si possono eventualmente concordare diete particolari con lo staff della cucina. La Casa offre ampi spazi coperti per attività e gioco ed un ampio cortile all’aperto, oltre al terrazzo/solarium e al boschetto recintato.";;0;2024-03-20 13:29:37;2024-03-20 16:31:09;NULL
375;NULL;hostal Hosho paris sud porte italie;NULL;"https://hosho-paris-sud-porte-italie.premiereclasse.com/en-us/
Hosho, situato a Le Kremlin-Bicêtre, offre camere a 4, 6 o 8 letti, tutte dotate di almeno un bagno privato con doccia e WC separato.";;0;2024-03-20 22:03:42;2024-03-20 22:03:42;NULL
376;NULL;Next House Hostel;Bernstorffsgade 27, 1577 Copenhagen, Danimarca;Situata in una posizione strategica a Copenaghen, la Next House Copenhagen offre camere climatizzate, un giardino, il WiFi gratuito e un salone in comune. La struttura dispone di cucina comune, ristorante e terrazza. Come ospiti, potrete rilassarvi al bar. Tutti gli alloggi dell’ostello includono le lenzuola e un bagno privato. La Next House Copenhagen propone una colazione a buffet o continentale. Tra i principali siti d’interesse nei pressi della Next House Copenhagen, spiccano i Giardini di Tivoli, il Ny Carlsberg Glyptotek e la stazione centrale della capitale. L’Aeroporto di Copenaghen, il più vicino, è ubicato a 7 km dall’ostello.;;0;2024-03-26 10:17:01;2024-03-26 10:17:01;NULL
377;NULL;Hotel Real Orto Botanico;Via Foria, 192, 80139 Napoli;"Piccola ma graziosa struttura in pieno centro a Napoli, in una traversa di Corso Umberto e a soli 200 metri da Piazza Garibaldi e dalla metropolitana.
Non dispone di ascensore, ha una piccola hall e una piccola sala colazioni con una capacità massima di 22/24 posti a sedere (per gruppi piu numerosi vengono organizzati i turni). Le sue 14 camere sono ampie e fino a 5 posti letto (con letti a castello), dispongono di frigo, aria condizionata, phon, cassaforte e 8 sono con balcone.";;3;2024-03-29 14:11:02;2024-03-29 14:11:02;NULL
378;NULL;HOTEL GRAND HOTEL REGINA ****;NULL;"Hotel situato nel centro di Salsomaggiore Terme, accanto alle Terme Berzieri e a soli 100 metri dal Palazzo dei Congressi.. Le
camere luminose e climatizzate, sono tutte dotate di connessione Wi-Fi gratuita, TV, cassaforte e bagno interno con asciugacapelli e
set di cortesia; molte vantano inoltre un balcone con vista sulla vivace Piazza Roma.";;4;2024-03-30 18:25:57;2024-03-30 18:25:57;NULL
379;NULL;B&B Hotel Chioggia Airone;Lungomare Adriatico 50, 30015 Sottomarina;"Posto a 200 metri dalla propria spiaggia privata, l'Hotel Airone sorge sul lungomare di Sottomarina Di Chioggia e offre una piscina scoperta. Le biciclette e la connessione wireless nelle aree pubbliche sono gratuite.
Le camere dell'Airone sono provviste di aria condizionata, di TV satellitare e di minibar. Alcune regalano viste sul Mar Adriatico. I bagni presentano asciugacapelli e articoli da toletta.
Il ristorante dell'Airone Hotel serve piatti italiani e internazionali con menù fisso o a buffet. Potrete inoltre sorseggiare un drink presso la terrazza arredata.
L'hotel dista 50 metri dalle fermate degli autobus diretti al centro storico di Chioggia, a Venezia e a Padova. Il molo per le barche pubbliche e private che portano a Venezia giace a 100 metri.";;4;2024-04-03 23:27:55;2024-04-03 23:27:55;NULL
380;NULL;HOTEL RESIDENCE-SHARING SRL ***;NULL;"Situato vicino alla zona degli affari di Torino, a 15 minuti di strada dallo Juventus Stadium, l'Hotel è un edificio moderno con
decorazioni pop art e offre camere climatizzate e servizi gratuiti come la connessione Wi-Fi e il noleggio di biciclette. La struttura si
trova a 3 minuti di auto dall'autostrada A4 ed è ben collegata al centro della città con il tram. Lo Stadio Olimpico di Torino è
raggiungibile con una corsa di 35 minuti. Le sistemazioni sono dotate di pavimenti piastrellati, di mobili di colore scuro e di bagno
privato con doccia, asciugacapelli e set di cortesia.";;3;2024-04-05 20:53:35;2024-04-05 20:53:35;NULL
381;NULL;Moxy Berlin Airport;Kienberger Allee 2, Schönefeld, 12529 • +49 30 31198987;"Situtato nei pressi di Schönefeld, il Moxy Berlin Airport**** offre il check-in e il check-out rapidi, camere anallergiche, un centro fitness, WiFi gratuito e un bar.
La struttura si trova a 25 km da Gendarmenmarkt, a 26 km da Alexanderplatz e a 26 km dalla Cattedrale di Berlino. La struttura è per non fumatori e si trova a 25 km dalla stazione della metropolitana di Alexanderplatz. 
Presso l'hotel, tutte le camere dispongono di una scrivania, una TV a schermo piatto, un bagno privato, biancheria da letto e asciugamani. Gli ospiti del Moxy Berlin Airport possono gustare una colazione a buffet. Il personale sarà felice di fornire agli ospiti informazioni pratiche sulla zona presso la reception aperta 24 ore su 24.
Le camere messe a vostra disposizione saranno tutte doppie e il trattamento previsto saà di B&B, ovvero pernottamento e colazione.";;4;2024-04-06 19:21:33;2024-04-06 19:21:33;NULL
382;NULL;Camplus Torino Bernini 011 693 9393;C.so Francesco Ferrucci, 12 bis, 10138 Torino TO;NULL;;0;2024-04-06 21:24:43;2024-04-06 21:24:43;NULL
383;NULL;Hotel Palace;Via Monte Grappa 9/2, 40121 Bologna;"Il punto forte dell'Hotel Palace Bologna Centro è la sua ubicazione, nel cuore del centro storico di Bologna e a 5 minuti a piedi da Piazza Maggiore.
Nella hall potrete usufruire gratuitamente della connessione Wi-Fi, mentre su tutti i piani troverete dei distributori automatici di bevande analcoliche.
Le camere sono sempre provviste di TV satellitare e quasi sempre climatizzate, mentre le suite dispongono anche di una terrazza con vista sui tetti del centro storico.
Circondato da bar e ristoranti tipici, il Palace Hotel si trova a pochi passi da tutte le attrazioni della città e possiede un parcheggio coperto custodito.";;3;2024-04-09 20:14:07;2024-04-09 20:37:13;NULL
384;NULL;HOTEL EUROHOTEL ***;NULL;"hotel *** ubicato nella prima cintura di Torino in prossimità dell' uscita Nichelino-Debouche della Tangenziale sud, dista solo 3,5 Km
dal Lingotto e 7 Km dal centro di Torino. La struttura dispone di 123 camere dotate di servizi privati con asciugacapelli, tv sat, aria
condizionata, telefono. L'hotel è dotato di bar, ristorante, internet corner, sala tv, salone congressi fino a 130 posti, sala riunioni fino a
12 posti, garage, parcheggio bus.";;3;2024-04-11 18:34:50;2024-04-11 18:34:50;NULL
385;NULL;Ostello Bello Napoli;Via dei Fiorentini, 10, 80133 Napoli NA;"Buona struttura nel pieno centro storico di Napoli, a ridosso dei principali luoghi turistici della città e a soli 200 metri dalla metropolitana Toledo (conosciuta in tutto il mondo come la metropolitana più bella secondo la CNN e il Daily Telegraph) e a 400 metri dalla metropolitana Municipio. Via Toledo, strada ricca di negozi, è a due passi. La struttura si divide su tre piani di un palazzo, la reception è al terzo dove si trovano anche 10 camere tutte con bagni esterni in comune. Le camere sono ampie, da 12 a 4 posti letto. Al secondo piano della struttura invece si trovano 6 stanze, tutte con due bagni interni, una da 10 posti letto e le altre 5 da 8 posti letto. Trattandosi del classico ostello non ci sono armadi in queste camere ma solo box o armadietti tipo metallo. Al 5° piano invece si trova l'ala hotel, ufficialmente 4 stelle (camere molto carine) con 18 camere prettamente doppie. Generalmente le lasciano per i docenti o gli individuali. Una delle camere ostello è anche per disabili, un altra per disabili è nella parte hotel.
Come tutte le strutture Ostello Bello, offre tanti spazi di svago con varie sale, roof garden, giochi da tavolo e biliardo. Ogni giorno organizzano delle attività.";;0;2024-04-15 11:18:03;2024-04-15 11:18:03;NULL
386;NULL;Hotel Spira Mirabilis Casa per Ferie;Vico Forno alla Solitaria, 5/bis, 80132 Napoli;Lo Spira Mirabilis Napoli sorge nel quartiere Lungomare Caracciolo di Napoli, a 700 metri da Castel dell'Ovo, a 1,4 km dal Molo Beverello e a 1 km dal Maschio Angioino. La struttura si affaccia su un cortile interno e su una strada tranquilla e dista 2 km dalla spiaggia di Mappatella. Il parcheggio privato è fruibile a pagamento. Tutte climatizzate, le sistemazioni sono provviste di TV via cavo a schermo piatto, frigorifero, bollitore, bidet, asciugacapelli e armadio. Gli alloggi presentano la connessione WiFi gratuita, un bagno privato con doccia e set di cortesia e, in alcuni casi, un balcone. Ogni sistemazione è corredata di biancheria da letto e asciugamani.;;3;2024-04-16 09:02:21;2024-04-16 09:08:49;NULL
387;NULL;Hotel La Fenice;Vinohradská 1183/83, 120 00 Vinohrady, Praga;Situato a Praga 2, nel quartiere residenziale di Vinohrady, a 180 metri dalla stazione della metropolitana e a 15 minuti a piedi da Piazza San Venceslao. La struttura si trova a circa 200 metri dalla fermata del tram più vicina e nelle immediate vicinanze di caffetterie e ristoranti. Le camere sono dotate di TV satellitare, divano, piccolo frigorifero e bagno con set di cortesia e asciugacapelli. Su richiesta è disponibile una cassaforte.;;3;2024-04-17 11:03:26;2024-04-17 11:03:26;NULL
388;NULL;Hotel Aida;Kubišova 1953/23, 182 00 Praha 8, Praga;"Situato a 15 minuti di metropolitana da Piazza Venceslao. La stazione della metropolitana di Kobylisy è a 400 m dall'hotel che porta in centro
città con solo 4 fermate. Tutte le camere con TV, asciugacapelli, cassaforte, minibar a pagamento e wifi.";;4;2024-04-17 17:46:06;2024-04-17 17:46:06;NULL
389;NULL;hostal la Contrara di Napoli;NULL;La Controra Hostel Naples si trova a 15 minuti a piedi dalla Certosa di San Martino e a circa 20 minuti dal resto del centro storico. Inoltre si trova molto vicino a una stazione della metropolitana, quindi è facile raggiungere ogni zona della città  in modo rapido. La caratteristica piu popolare di questo ostello ? il suo grande cortile in erba,  come la colazione gratuita molto apprezzata.;;0;2024-04-17 20:06:42;2024-04-17 20:06:42;NULL
390;NULL;Hotel Full Moon;Budapest, Szent István krt. 11, 1055 Ungheria;Hotel rinnovato nel 2021, il Full Moon Design Hotel Budapest sorge nel centro di Budapest, a 450 metri dalla stazione ferroviaria e della metropolitana Nyugati e proprio sopra il Morrison's Music Pub 2. Reception al 2° piano. Dispone di 56 camere su 4 piani raggiungibili con l'ascensore. Camere con servizi privati e phon, aria condizionata, l'asciugacapelli si può chiedere alla reception. WiFi gratuito in tutto l'edificio.;;3;2024-04-18 19:07:26;2024-04-18 19:07:26;NULL
391;NULL;Hotel Hungaria City Center;Budapest, Rákóczi út 90, 1074 Ungheria;Situato in una posizione centrale, a 300 metri dalla stazione ferroviaria di Keleti. Dispone is 499 camere su 8 piani raggiungibile con l'ascensore. Camere con servizi privati e phon, frigo, aria condizionata, cassaforte. All'Ingresso vi attendo una lobby grande con bar, negozio di souvenir e ristorante interno.;;4;2024-04-18 19:12:03;2024-04-18 19:12:03;NULL
392;NULL;NEW GENERATION HOSTEL MILANO;NULL;Situato nel centro di Milano, a 700 metri dalla Darsena, il New Generation Hostel Milan Center Navigli offre un giardino, una sala comune e un bar. La struttura sorge vicino a San Maurizio al Monastero Maggiore, alla Galleria Vittorio Emanuele e a Piazza Duomo. In loco troverete una reception operativa 24 ore su 24 e una cucina in comune.;;0;2024-04-22 10:06:05;2024-04-22 10:06:05;NULL
393;NULL;Hotel Domizia Palace 4*– Baia Domizia;NULL;Bellissimo hotel 4 stelle con tutti i confort. Servizio di cena e pernottamento.;;4;2024-04-28 19:20:11;2024-04-28 19:20:11;NULL
394;NULL;Hotel City Central;Sokolská 1492/21, 120 00 Nové Město, Cechia;Situato a 10 minuti a piedi dalla centrale Piazza Venceslao di Praga e a 50 metri dalla stazione della metropolitana I P Pavlova, il City Central De Luxe offre camere con TV satellitare e WiFi gratuito nella hall. La Piazza della Città Vecchia con l'Orologio Astronomico dista 20 minuti a piedi. Ospitate in un edificio storico, tutte le camere dispongono di un sistema di chiusura elettronica di sicurezza e di bagno privato. Il WiFi nelle camere è disponibile a un costo aggiuntivo. Le unità sono raggiungibili con l'ascensore. La stazione ferroviaria principale è raggiungibile in 7 minuti di metropolitana. Il City Central De Luxe dista 1,4 km dal Castello di Vyšehrad.;;3;2024-04-29 07:41:08;2024-12-14 06:42:38;NULL
395;NULL;MERCURE PARIS GARE DE LYON OPÉRA BASTILLE;3 Rue Parrot, 75012 Parigi,;NULL;;4;2024-04-30 20:26:42;2024-04-30 20:26:42;NULL
396;NULL;Riu Plaza Times Square;305 West, 46th Street  Manhattan, New York - NY, USA  Numero di telefono: (+1) 646 864 1100  Prenotazioni: 800 976 304  Reservation e-mail: reservations.ny@riu.com;NULL;;5;2024-05-03 13:19:43;2024-05-03 13:19:43;NULL
397;NULL;SUORE DEL DIVIN PASTORE;NULL;NULL;;0;2024-05-05 20:41:51;2024-05-05 20:42:07;2024-05-05 20:42:07
398;NULL;HOTEL SEVILLA CENTER;NULL;NULL;;4;2024-05-06 10:26:44;2024-05-06 10:26:44;NULL
399;NULL;CASA DE HUESPEDES El sueño del Quijote;Paseo de Pastrana 33, 28803 Alcalà de Henares, Madrid;"Molto vicino ai luoghi più emblematici della città e con la maggiore attrazione turistica, è l'ideale per godersi qualche giorno di turismo, cultura o semplicemente riposare, in un'atmosfera rilassata e tranquilla.
Le nostre strutture dispongono di un gran numero di servizi, in un ambiente familiare ed accogliente, affinché gli ospiti possano vivere il miglior soggiorno possibile.
Disponiamo di diverse tipologie di alloggio, camere singole, camere doppie con possibilità di letto aggiunto o letto king size.
Camere per famiglie (disponiamo anche di culla per i più piccoli), coppie, per soggiorni di lavoro o di turismo.";;3;2024-05-07 09:27:53;2024-05-07 09:27:53;NULL
400;NULL;HOSTEL ROOM 00 VALENCIA;NULL;"La struttura vanta camere e dormitori luminosi e moderni. Le camere includono un bagno privato, e i dormitori sono dotati di un bagno interno in comune con gli altri ospiti che vi pernottano.
L’edificio è non fumatori ed è provvisto di ascensore e terrazza. Presso la reception del Center Valencia sono disponibili un banco escursioni e una cassaforte. Troverete anche un internet point gratuito.  Il Room00 Valencia Hostel si trova a pochi metri dalle Torres de Serranos, le porte della città vecchia di Valencia. Il Jardí del Túria è raggiungibile in 100 metri.";;0;2024-05-07 13:11:25;2024-05-07 13:11:25;NULL
401;NULL;APPART'CITY CONFORT BORDEAUX CHARTRONS;NULL;Appartamenti;;0;2024-05-07 19:56:01;2024-05-07 19:56:01;NULL
402;NULL;Crown Plaza New York o simile;NULL;NULL;;4;2024-05-08 09:38:47;2024-05-08 09:38:47;NULL
403;NULL;Generator Madrid Hostel;Calle de Silva, 1, Centro, 28013 Madrid, Spagna;Situato a 1 minuto a piedi dalla Gran Via, il Generator Madrid offre una terrazza all'ultimo piano con un bar e 2 vasche idromassaggio. L'ostello dispone di un arredamento industriale nelle aree comuni come il salone, dove potrete guardare la TV, leggere o ascoltare la musica proposta tutti i giorni dai deejay. Le camere del Generator Madrid, tutte luminose, presentano uno stile all'avanguardia con un mix elementi classici e moderni. Queste sistemazioni, suddivise in dormitori e camere private, sono dotate di bagno interno con doccia e aria condizionata. I dormitori dispongono di letti a castello con porta USB, luce notturna, rete da calza e armadietto privato. La biancheria da letto e compreso nella tariffa, mentre gli asciugamani vengono forniti a noleggio presso la reception. Le camere standard familiari e doppi con letti singoli, fruibili in varie configurazioni di letti, presentano un bagno privato con set di cortesia, asciugamani e asciugacapelli. La struttura fornisce anche un parcheggio privato e un deposito bagagli a pagamento. Il Generator Madrid dista 750 metri da Plaza Mayor e 300 metri dal Palazzo Reale.;;0;2024-05-13 11:48:16;2024-05-13 11:48:16;NULL
404;NULL;msc fantasia;NULL;"MSC Fantasia è elegante ed eco-friendly, in grado di bilanciare calore e comfort con un design all'avanguardia. Il cuore della nave è una vera e propria piazza in pietra, con un bar che serve dolci appena sfornati e gelati deliziosi, che la rende il luogo perfetto per prendersi un momento di pausa dallo shopping tra le boutique ed i negozi duty-free.
intrattenimento e tempo libero
Le varie attività per l'intrattenimento a bordo di MSC Fantasia includono musica dal vivo, il lussuoso Casinò delle Palme, la panoramica Liquid Disco e il teatro futuristico L'Avanguardia; mentre coloro che amano l'avventura, avranno a disposizione un eccitante simulatore di Formula 1 e un cinema 4D.
I ristoranti offrono un'esperienza di ristorazione indimenticabile, dall'eccellente Il Cerchio d'Oro e l'intimo Red Velvet con candelabri in vero vetro di Murano, fino al Butcher's Cut e i cocktail, senza dimenticare l'Etoile, il ristorante dedicato ai nostri ospiti MSC Yacht Club.";;0;2024-05-13 14:38:27;2024-05-13 14:38:27;NULL
405;NULL;HOTEL ATLANTIS ****;NULL;"Struttura situata fronte mare, a ca 2 km da Mascali, 15 km da Giardini e 25 km da Taormina
Le 40 camere disposte su 3 piani ( di cui 2 strutturate per l'accoglienza di persone disabili) dispongono di aria condizionata, TV,
cassaforte, frigobar, asciugacapelli e wifi.
L'albergo dispone inoltre di bar, ristorante, sala colazioni, sala convegni, ascensore , sala polivante/discoteca e piscina.";;4;2024-05-13 19:32:12;2024-05-13 19:32:12;NULL
406;NULL;Unite Hostel;Av. d'Icària, 145, BJ, Sant Martí, 08005 Barcelona, Spagna;Situato a Barcellona, a 400 km da Nova Icaria, l’Unite Hostel Barcelona offre un ristorante, il parcheggio riservato, un bar e un salone comune. una reception aperta 24 ore su 24, una cucina condivisa e la connessione WiFi gratuita in tutti gli ambienti In questo ostello disporrete anche di sistemazioni familiari. In tutte le camere troverete l'aria condizionata e un bagno privato. In loco è presente una terrazza. Tra i luoghi d'interesse nelle vicinanze del Unite Hostel Barcelona siete invitati a visitare le spiagge di Somorrostro e Bogatell, e il Porto Olimpico.;;0;2024-05-14 08:20:24;2024-05-14 08:20:24;NULL
407;NULL;Residhome apparthotel Nice Promenade;3-5, Boulevard François Grosso, 06000 Nice;"In grado di ospitare fino a 2 persone, il monolocale comprende: Un soggiorno con un letto matrimoniale o due letti singoli, tavolo e sedie, una zona ufficio con Wifi, uno spazio di lavoro, un televisore LCD, una cucina completamente attrezzata con lavastoviglie.

La quota non comprende la tassa di soggiorno";;0;2024-05-18 09:18:58;2024-05-18 09:18:58;NULL
408;27;REAL PARK HOTEL 3*** (Cavi di Lavagna);Via Aurelia 2242 16030 Cavi di Lavagna (GE) Tel. 0039 0185 395400;"Situato sul lungomare di Cavi di Lavagna, il Real Park Hotel presenta una splendida vista sul Golfo del Tigullio. La struttura ospita un ristorante mediterraneo specializzato in frutti di mare.
Nelle camere apprezzerete la TV satellitare e la connessione WiFi gratuita. In ogni alloggio troverete un bagno privato con asciugacapelli e set di cortesia.
Potrete iniziare la giornata consumando una colazione continentale. Presso il ristorante potrete gustare piatti della cucina mediterranea e specialità liguri.";;3;2024-05-24 08:10:09;2024-05-24 08:10:09;NULL
409;NULL;hotel 4 **** Tenerife;formula roulette 4****  tra  PRECISE RESORT TENERIFE oppure O7 TENERIFE;"la formula roulette garantisce la sistemazione in hotel di categoria indicata con trattamento di mezza pensione hotel. 
L'assegnazione esatta della struttura verrà comunicata quando si avrà il numero esatto dei partecipanti. 
ENTRAMBE LE STRUTTURE SI TROVANO A SANTA CRUZ, ottimo punto di partenza per la visita guidata dell'intera isola.";;4;2024-05-26 23:30:53;2024-05-28 16:03:29;NULL
410;NULL;Hotel Casa Rosa;La, 57037 Biodola LI;Sistemazione in hotel 3*** stelle, in camere multiple per gli studenti, singole per i professori/autisti con servizi privati.;;3;2024-05-27 18:11:03;2024-05-27 18:28:33;2024-05-27 18:28:33
411;NULL;Hotel Casa Rosa;NULL;Sistemazione in hotel 3*** stelle, in camere multiple per gli studenti, singole per i professori/autisti con servizi privati.;;3;2024-05-27 18:29:24;2024-05-27 18:29:24;NULL
412;NULL;HOTEL CAPO DI STELLA;NULL;NULL;;3;2024-05-30 16:04:07;2024-05-30 16:04:07;NULL
413;NULL;Gold Beach Hotel & RESIDENCE;Rue Devonshire Regiment, 14960 Asnelles, Francia;"Il Beach Hotel & RESIDENCE si trova a soli 200 metri dalla spiaggia di Asnelles-sur-Mer ed è a pochi passi dalle altre spiagge dello sbarco del D-Day. Offre accesso Wi-Fi gratuito e camere completamente arredate, alcune delle quali si affacciano sul mare.

Tutte le camere sono completamente attrezzate con servizi privati. Dispongono di TV, minibar, cassetta di sicurezza e doppi vetri. Alcune hanno una vista sul giardino o sulle spiagge.

L'hotel offre un servizio di pernottamento, prima colazione e cena

Ogni mattina è disponibile una colazione con pasticcini e baguette e, su richiesta, sono possibili pasti da asporto. In centro città è possibile trovare una vasta gamma di ristoranti tipici francesi.

Con parcheggio privato gratuito, il Gold Beach Hotel & RESIDENCE è vicino alle spiagge di Asnelles dove è possibile praticare una vasta gamma di sport acquatici. Bayeux è a 20 minuti di auto e Caen è a 30 minuti di auto dalla struttura. Anche Mont Saint Michel è facilmente raggiungibile e l'Aeroporto di Carpiquet dista 25 km dalla struttura.";;3;2024-05-31 10:27:51;2024-05-31 16:44:17;NULL
414;NULL;Hotel Romoli;Via della Caffarelletta, 114, 00179 Roma RM;"L’Hotel Romoli, situato nel quartiere Appio Latino a soli 10 minuti dal centro di Roma, offre una splendida vista sul Parco dell’Appia Antica.
Interamente ristrutturato, dispone di 42 camere di varie tipologie, parcheggio interno e Lounge Bar sulla terrazza panoramica al quarto piano.
La fermata della metropolitana più vicina, quella di Furio Camillo (linea A), dista 10 minuti a piedi.
Grazie al BUS 628 (fermata dietro la struttura) è possibile raggiungere Piazza Venezia, Piazza Navona, il Pantheon e lo Stadio Olimpico.";;3;2024-05-31 12:40:43;2024-05-31 12:40:43;NULL
415;NULL;HOTEL VILLA SOFIA ****;NULL;"Situata a 10 minuti d'auto dal centro storico di Viterbo e a 1 km dalla stazione di Viterbo.
L'hotel è Le 22 camere ( di cui 1 strutturata per l'accoglienza di persone disabili) sono dotate di aria condizionata, TV, asciugacapelli e
wifi. La struttura offre un bar, ristorante, sala colazioni, giardino, piscina, ascensore e parcheggio bus.";;4;2024-06-02 17:39:57;2024-06-02 17:39:57;NULL
416;NULL;Ramada Encore By Wyndham Munich Messe;Stahlgruberring 45-47, Trudering-Riem, 81829 Monaco di Baviera;Situato a Monaco di Baviera, a 2,7 km dal Nuovo Polo Fieristico di Monaco e dall'ICM, e circa 20/30 minuti con mezzi pubblici dal centro storico, il Ramada Encore by Wyndham Munich Messe offre vari servizi, tra cui una terrazza, ristorante e snack bar nonché connessione Wi-Fi. Questa struttura è collegata con bus di linea alla S-Bahn che porta direttamente in centro. Sono presenti 366 camere disposte su 4 piani. Le camere quadruple hanno anche letti a castello. Le sistemazioni sono dotate di cassaforte e di bagno privato con asciugacapelli. L'hotel dispone inoltre di 4 camere per disabili.;;3;2024-06-12 11:10:23;2024-06-12 11:10:23;NULL
417;NULL;Point A Hotel Dublin Parnell Street o similari;NULL;«Point A Hotel Dublin Parnell Street» Il luogo ideale per rilassarsi dopo una giornata piena di emozioni! Hotel aa Dublino. L’hotel si trova a in centro. Prima di andare a dormire, puoi passeggiare ammirando i luoghi di principale interesse della città. Passeggiando puoi esplorare la zona circostante agli all’hotel — Ha' Penny Bridge, The Book of Kells e Trinity College.;;3;2024-06-14 08:04:48;2024-06-14 08:04:48;NULL
418;NULL;king's  House hotel  Resort Mascali -sicilia-;NULL;"Il King’s House Hotel Resort rappresenta una delle nuove e moderne strutture alberghiere del caratteristico litorale Jonico-Etneo, situato sulla parallela del lungomare di Fondachello in Mascali a 200 metri dall’affascinante spiaggia...
Dista 12 km da Giardini-Naxos, 16 km da Taormina, 30 km da Catania e 18 km dal vulcano Etna. E’ al centro di un’area di interesse paesaggistico-naturalistico ed antropologico di pregio. Marina di Riposto 4 km. - Area protetta “Gurna” (zona umida meta di uccelli migratori) 0,2 km. - Oasi Fiume-Fiumefreddo 3 km. - Gole dell’Alcantara 10 km. - Parco dell’Etna 8 km.";;4;2024-06-21 11:39:59;2024-06-21 11:39:59;NULL
419;NULL;Hotel Saint George;Tyršova 2, Praga, 120 00, Repubblica Ceca;L'Hotel Saint George sorge a 700 metri da Piazza Venceslao, in un edificio storico ristrutturato risalente al 18° secolo. Il Saint George presenta arredi confortevoli e raffinati, e ampie camere dotate di TV satellitare e minibar. Presso l’albergo potrete usufruire di una hall provvista di libri e connessione WiFi, quest’ultima fruibile gratuitamente all’interno degli alloggi e nelle aree comuni. La struttura dista 200 metri dallo snodo dei trasporti della stazione I. P. Pavlova, 800 metri da Piazza Carlo e 10 minuti a piedi dall’Opera di Stato e dal Museo Nazionale.;;4;2024-06-25 20:07:20;2024-06-25 20:07:20;NULL
420;NULL;HOTEL ALTAVILLA ***;NULL;"L'Hotel Altavilla vanta una vista mozzafiato sul tranquillo e incantevole centro di Montefiascone, un paese che risale all'epoca degli
Etruschi e che si trova presso il lago di Bolsena.
Tutte le camere sono luminose, eleganti e dotate di tutti i comfort moderni. È presente, inoltre, una sala conferenza che può ospitare
fino a 60 persone";;3;2024-06-30 14:10:00;2024-06-30 14:10:00;NULL
421;NULL;Agriturismo a Campagnatico (Grosseto);NULL;NULL;;0;2024-07-08 17:58:55;2024-07-08 17:58:55;NULL
422;NULL;hotel Bucaneve 3***;NULL;"* L’Hotel Bucaneve***mette a disposizione la struttura alberghiera tre stelle*** con il servizio di pensione completa, sistemazione in camere singole o doppie e  camere multiple 
 delle strutture complementari quali campo sportivo coperto, sala video e sala polifunzionale per l’animazione serale (karaoke, cinema, riunioni).
La piscina non sarà attiva nella stagione invernale.
 L’Hotel è posizionato direttamente sulle piste da sci, vicino alla pista di pattinaggio e a quella riservata agli slittini e ai bob.";;3;2024-07-24 12:02:34;2024-07-24 12:02:34;NULL
423;NULL;TH Marilleva 1400;NULL;Il Villaggio sorge a poca distanza da Madonna di Campiglio e dal Passo del Tonale. Si trova immerso nel comprensorio Folgarida Marilleva, la più vasta ski area del Trentino. Da qui si raggiungono Madonna di Campiglio e Pinzolo con gli sci ai piedi, per un totale di 150 Km di piste e 60 impianti di risalita. Per la sua collocazione è la soluzione ideale per la vacanza di tutta la famiglia.;;0;2024-07-24 14:30:38;2024-07-24 14:30:38;NULL
424;NULL;HOTEL GRAND HOTEL MATTEI ****;NULL;"Moderna struttura situata a Ravenna a soli 3 km dal centro cittadino.
Dispone di ogni comfort, ristorante, spa, sale meeting e ampi spazi comuni coperti da Wi-Fi.
8 piani per 124 camere (di cui 8 per disabili) con servizi privati, vasca o box doccia, phon, TV, telefono, aria condizionata, frigobar e
cassaforte. Ampio archeggio bus fronte hotel.
tassa di soggiorno da pagare in loco";;4;2024-07-25 10:53:22;2024-07-25 10:53:22;NULL
425;NULL;ASTORIA HOTEL RAVENNA;NULL;"Hotel a conduzione familiare sempre pronti ad offrirvi ospitalità e Cortesia insieme ad un ottimo servizio e una simpatica accoglienza perché possiate avere del vostro soggiorno a Ravenna un piacevole ricordo.

Ogni mattina dalle 7 alle 10.30 vi aspetta una colazione piena di energia con torte fatte in casa, brioches , pane, selezione di affettati, formaggi, yogurt dai gusti più svariati, non mancheranno certamente caffè e cappuccini.
Tassa di soggiorno da pagare in loco";;3;2024-07-25 10:57:51;2024-07-25 10:57:51;NULL
426;NULL;Hotel Kaiserhof;Salzachtal-Bundesstraße 135, 5081 Anif, Austria;Situato ad Anif a circa 7 km a sud di Salisburgo, struttura tipica. Dispone di 36 camere su 3 piani senza l'ascensore. Camere con servizi privati e phon, TV, asciugacapelli, Wi Fi gratuito in tutto l'edificio. Parcheggio Bus gratuito .Bar interno.;;3;2024-08-07 11:32:43;2024-08-07 11:32:43;NULL
427;NULL;hotel mediterraneo *** Palermo;Via Rosolino Pilo, 43, 90139 Palermo PA;"L’Hotel Mediterraneo si affaccia su due strade molto tranquille e, pur trovandosi nel centro di Palermo, non è raggiunto dai rumori del traffico cittadino.
Con ingresso in Via Rosolino Pilo, traversa di via Ruggero Settimo, la strada più elegante della città, l’hotel si trova tra il Teatro Massimo e Piazza Politeama, prestigiosi teatri di fama europea, vicino alle strade dello shopping, al porto e al terminal dei bus per/da l’aeroporto.
L’Hotel Mediterraneo vanta una posizione centrale che vi permetterà di scoprire questa favolosa città. L’area è ricca di ristoranti, bar e negozi.
L’hotel offre 104 camere, tutte con servizi privati annessi, e un residence di 20 monolocali. Avrete a disposizione inoltre un bar, un garage privato 24h (non prenotabile e fino a esaurimento posti).";;3;2024-08-07 16:46:52;2024-08-07 16:46:52;NULL
428;NULL;HOTEL RECORD;NULL;"Struttura moderna situata nel nuovo quartiere degli affari di Settimo Torinese, proprio alle porte di Torino, l'Hotel Record dista pochi metri dall'uscita dell'autostrada A4 e offre gratuitamente un parcheggio e la connessione internet.

Climatizzate e arredate in stile contemporaneo, le camere del Record Hotel presentano la connessione internet gratuita, una TV satellitare a schermo piatto con canali pay per view, un minibar e un bagno con doccia, asciugacapelli e set di cortesia. Le suite dispongono di una vasca da bagno con idromassaggio.";;3;2024-08-11 12:35:55;2024-08-11 12:35:55;NULL
429;NULL;Roulette Ibis e/o Ostall Colmar;NULL;strutture della catena Ibis oppure Ostall nella città di Colmar, città distante 33 minuti di treno da Strasburgo oppure 50 minuti di autobus.;;0;2024-08-12 22:05:03;2024-08-12 22:05:03;NULL
430;NULL;Hotel Kennedy Nova;116 The Strand, GZR 1027 Il-Gżira, Malta;"L'Hotel Kennedy Nova è un hotel a quattro stelle ed è situato sul lungomare, nel cuore della località costiera di Sliema, a Malta, a soli 10 minuti a piedi dal capolinea degli autobus di Sliema. È uno degli hotel più popolari dell'isola, ed è il luogo di vacanza perfetto, con spettacolari viste sul porto di Marsamxett dalla terrazza panoramica e dalla piscina sul tetto. L'hotel si affaccia sia sulle cristalline acque blu del Mediterraneo che sulla spettacolare passeggiata costiera che conduce al Manoel Island Marina e al vivace centro commerciale, tutti a pochi passi di distanza. 
A vostra disposizione la connessione WiFi gratuita nell’intero edificio e una reception aperta 24 ore su 24.
L’offerta gastronomica del Kennedy Nova include un bar e un ristorante. Provvista di snack bar stagionale, la terrazza solarium regala inoltre una vista sul porto, sul porto turistico e sulle mura di La Valletta.";;4;2024-08-23 09:12:37;2024-08-23 09:12:37;NULL
431;NULL;Lisbon Art Stay o similare;NULL;Situato nel centralissimo quartiere di Baixa a soli 600 metri da Praça do Comercio e 10 minuti a piedi dalla Cattedrale.;;0;2024-08-23 10:32:03;2024-08-23 10:32:03;NULL
432;NULL;PALAZZO SALGAR;NULL;Una confortevole esperienza di soggiorno nel cuore di una città dalle mille sfumature: Napoli. Gli ambienti moderni e funzionali, la cura nei dettagli e la grande attenzione per il cliente fanno di Palazzo Salgar il luogo ideale per trascorrere piacevoli momenti di relax o per organizzare viaggi di lavoro.;;4;2024-08-27 14:31:46;2024-08-27 14:31:46;NULL
433;NULL;HOTEL SAYONARA *** O SIMILARI;NULL;"L’Hotel New Sayonara, ubicato in Piazza Garibaldi a soli 150 metri dalla Stazione Centrale di Napoli, ha subito una completa ristrutturazione e rinnovamento. Gli arredi, le camere e gli spazi comuni sono stati completamente rivisitati con uno stile moderno ed elegante. L’obiettivo è quello di offrire ai clienti ambienti luminosi, confortevoli e raffinati.
Questo hotel è una scelta ideale per coloro che desiderano soggiornare in prossimità della stazione centrale, rendendo facile l’accesso ai mezzi di trasporto per esplorare la città e i suoi dintorni.
Oltre agli ambienti ben curati, l’Hotel New Sayonara offre anche ottimi servizi per soddisfare le esigenze dei suoi ospiti, garantendo loro un soggiorno piacevole e confortevole durante la visita a Napoli";;3;2024-08-27 14:36:37;2024-08-27 14:36:37;NULL
434;NULL;HOTEL SAN GALLO ****;NULL;"Allegroitalia San Gallo Firenze si trova in una posizione strategica tra Fortezza da Basso (Stazione di Santa Maria Novella) e Duomo.  In soli 15 minuti a piedi si raggiungono tutti i punti di attrazione principali del centro storico fiorentino. L’hotel è facilmente raggiungibile anche in auto, siamo subito fuori dalla zona ZTL, nelle immediate vicinanze di un ampio parcheggio sotterraneo Parterre.
Ospitalità basata sulle tre A: Allegria, Arte e Amore per i Fashion brand!
La struttura è inserita in un palazzo storico residenziale con un ampio salotto all’ingresso, dispone di 56 tra camere e suites, due sale meeting con capienza fino a 50 persone e un giardino dove godersi la tranquillità dopo una giornata nel caos del centro.";;4;2024-08-27 16:49:31;2024-08-27 16:49:31;NULL
435;NULL;HOTEL DONATELLO ***;NULL;"L'hotel Donatello,ubicato all'interno di un palazzo storico dell'800, sorge in una tranquilla zona residenziale a 10 minuti a piedi dalla
stazione ferroviaria Santa Maria Novella di Firenze
Le camere, dalla singola alla quadrupla, sono arredate in modo elegante e dotate di condizionatore, televisione, frigorifero e telefono.
Il bagno, in marmo, è provvisto di asciugacapelli.
Presso l'Hotel Donatello si trovano un giardino interno, con tavolini e sedie, e una reception attiva 24 ore su 24. Gli animali domestici
sono ammessi e sono disponibili i servizi di lavanderia, baby-sitting e navetta aeroportuale. Inclusa nel pernottamento, la colazione
offre specialità dolci e salate e, previa richiesta, prodotti per intolleranze alimentari; d'estate viene servita all'aperto.";;3;2024-08-27 16:52:43;2024-08-27 16:52:43;NULL
436;NULL;HOTEL MINERVA ****;NULL;L'Hotel Minerva è un elegante hotel 4 stelle di Arezzo situato a poca distanza dal centro storico della città e facilmente raggiungibile dall’uscita di Arezzo dell’autostrada A1, che dista dall'hotel circa 7 km.;;4;2024-08-27 17:23:06;2024-08-27 17:23:06;NULL
437;NULL;HOTEL MIRAMARE ****;NULL;"L'Hotel Miramare è l'albergo simbolo di Civitanova Marche, sito in posizione centralissima, di fronte alla piazza principale e a due passi dal mare. Una struttura 4 stelle perfetta per ogni cliente - coppie, business, famiglie o leisure.
La completezza del servizio e la sua posizione felice ne fanno una scelta perfetta tanto per chi vuole trascorrere una vacanza in relax, quanto per chi desidera un hub affidabile per visitare la splendida regione Marche.";;4;2024-08-27 18:20:09;2024-08-27 18:20:09;NULL
438;NULL;HOTEL VIEST ****;NULL;"Situato nelle immediate vicinanze dell'uscita Vicenza Est dell'Autostrada A4, l'Hotel vi attende a 6 km dal centro di Vicenza e vanta
alloggi spaziosi e moderni con connessione WiFi in omaggio e TV a schermo piatto. L'albergo annovera un giardino con piscina e
terrazza solarium munita di lettini, mentre nel centro benessere in loco troverete sauna, bagno turco e palestra. In ogni camera
disporrete di ampia finestra affacciata sul giardino, canali satellitari e Sky. Inoltre, alcune sistemazioni sfoggiano una terrazza con
vista sul giardino. Parcheggio bus a disposizione";;4;2024-08-27 18:56:38;2024-08-27 18:56:38;NULL
439;NULL;HOTEL KEY ***;NULL;"L'Hotel sorge di fronte allo stadio di calcio di Vicenza, a 15 minuti a piedi dal Teatro Olimpico, da Piazza dei Signori e dalla Basilica
Palladiana nel centro storico.Dotato di 53 camere spaziose (di cui 2 attrezzate per disabili) climatizzate con TV e wifi.
Parcheggio gratuito.";;3;2024-08-27 19:00:31;2024-08-27 19:00:31;NULL
440;NULL;HOTEL RELAIS SANTO STEFANO ****;NULL;Un posto da vivere con tutto quello di cui hai bisogno: chiudi gli occhi e immagina un hotel 4 stelle ai piedi delle Alpi Biellesi, circondato da ampi spazi verdi, con una piscina e campi da padel. Impreziosito da un’elegante SPA dove passare del tempo buono, rilassante e arricchito da una cucina ricercata e una carta dei vini espressione del nostro territorio.;;4;2024-08-27 19:30:17;2024-08-27 19:30:17;NULL
441;NULL;HOTEL EUROPA ***;NULL;"L'Hotel Europa di Biella è un albergo a 3 stelle accogliente e confortevole che vi darà il benvenuto in un ambiente curato, semplice ed ospitale. L'atmosfera tranquilla e silenziosa vi permetterà un soggiorno disteso e rilassante.
Situato in un edificio sede di attività polifunzionali con un ampio parcheggio a disposizione, sia interrato che esterno, si trova all'ingresso di Biella città, a un paio di minuti dal centro cittadino, facilmente raggiungibile da qualsiasi provenienza, vicinissimo alla stazione ferroviaria Biella San Paolo.";;3;2024-08-27 19:31:18;2024-08-27 19:31:18;NULL
442;NULL;Meininger Berlin Tiergarten;25 Turmstraße, Mitte, 10559 Berlino, Germania;Situato nel centro commerciale Schultheiss-Quartier a Moabit a Berlino, offre un salone in comune e una reception aperta 24 ore su 24. Si trova vicino al Tiergarten e a 2,4 km dal Museo di Storia Naturale. 2,5 km dalla Porta di Brandeburgo e 2,8 km da Potsdamer Platz. Raggiungi a piedi Turmstrasse dove potrai prendere la metro U9, il tram M10, i bus M7, 101, 123, 187, 245. Tutte le camere dell'hotel sono dotate di TV a schermo piatto. Le camere dispongono di bagno privato con doccia, nonché di connessione Wi-Fi gratuita.;;0;2024-08-31 14:31:00;2024-08-31 14:31:00;NULL
443;NULL;Ibis Old Town;Na Porici 5, Praga, 110 00, Repubblica Ceca;"Situato nel cuore di Praga, l'Ibis Praha Old Town si trova a pochi passi da Na Porici, la principale via dello shopping. Ubicato a 500 metri da Piazza della Città Vecchia, da Piazza Venceslao e dal quartiere ebraico, l'Ibis Praha Old Town dista 1 km dal Ponte Carlo, 1,5 km dal Castello di Praga, 100 metri da Namesti Republiky, lo snodo dei mezzi pubblici più vicino, e 800 metri dal Teatro dell'Opera di Stato.  Ha 288 camere in 9 piani, bar, meeting room piccolina, sala colazione e ristorante con una capienza di 200 persone, possibilità di arrivare con il bus vicino all'hotel per carico/scarico, deposito bagagli. Le camere non hanno cassaforte, balcone e minibar; hanno invece moquette, aria condizionata e phon. I letti non sono separabili.";;3;2024-09-01 12:34:22;2024-09-01 12:34:22;NULL
444;NULL;Hotel Brunnenhof;Schillerstraße 36, 80336 München, Germania;"Situato a soli 5 minuti a piedi dalla stazione centrale di Monaco di Baviera e della Theresienwiese, l'hotel offre sistemazioni moderne e WiFi gratuito.
Dispone di 60 camere su 4 piani raggiungibile con l'ascensore. Camere rinnovate nel 2020 con TV satellitare, bagni privati con phon. Sala colazione e bar rinnovato, più luminoso.";;3;2024-09-04 20:04:26;2024-09-04 20:04:26;NULL
445;NULL;Meininger Wien Downtown Sissi;Schiffamtsgasse 15, 1020 Vienna, Austria;L'ostello si trova nel quartiere Leopoldstadt, a 10 minuti a piedi dalla stazione della metropolitana Schottenring. Le camere moderne e insonorizzate sono dotate di un bagno privato. La connessione internet wireless è gratuita. Tutte le camere del Meininger Downtown Sissi offrono un arredamento moderno e dispongono di TV e servizi privati. Le camere non sono dotate di aria condizionata ma è disponibile un ventilatore in ogni stanza. Sono presenti 2 camere per gli ospiti con disabilità e sono raggiungibili con l'ascensore. La struttura offre anche una cucina in comune, sala giochi, bar e sala colazione. L'hotel dispone di parcheggio per gli autobus.;;0;2024-09-07 13:21:12;2024-09-07 13:21:12;NULL
446;NULL;UAPPALA;NULL;HOTEL PRESSO SESTRIERE;;0;2024-09-09 09:31:53;2024-09-09 09:31:53;NULL
447;NULL;A&O Hostel Muenchen Laim;Landsberger Str. 338, 80687 München, Germania;Situato in una posizione strategica, proprio accanto alla Stazione Ferroviaria di Monaco-Laim, questa struttura offre camere luminose e spaziose e la connessione WiFi gratuita. Dista soli 4 km dal centro di Monaco. Le camere dell’a&o München Laim sono decorate con colori vivaci e dotate di pavimenti in parquet. Le camere sono provviste di armadietti, e tutti i bagni sono completi di doccia. L'a&o München Laim ospita un bar, uno snack bar e una reception aperta 24 ore su 24. Durante il soggiorno si può giocare a biliardo o rilassarsi nel salone in comune. Nella hall e nel bar troverete una TV satellitare con diversi canali sportivi.;;0;2024-09-09 20:25:23;2024-09-09 20:25:23;NULL
448;NULL;Meininger Hostel Berlin Hauptbahnhof o similare;Ella-Trebe-Straße 9, 10557 Berlin, Germania;Questo ostello di nuova generazione è situato nel cuore di Berlino-Mitte, tra la stazione centrale (che dista 150 metri) e il Palazzo del Parlamento-Reichstag. Offre camere insonorizzate dal design moderno con TV a schermo piatto. Le sistemazioni sono tutte dotate di bagno privato e sono coperte dalla connessione WiFi gratuita. Le camere sono tutte dotate di aria condizionata. Gli ospiti possono usufruire della cucina in comune, della TV e dello stereo o rilassarsi nell'area Game Zone. La Porta di Brandeburgo e il viale Unter den Linden sono raggiungibili in 10 minuti a piedi, mentre dalla stazione centrale di Berlino sono disponibili ottimi collegamenti con i mezzi pubblici.;;0;2024-09-10 14:54:02;2024-10-14 09:12:54;NULL
449;NULL;domus hotel 4****;ponzano Romano 4 km da Roma;"Il Roma Domus Hotel vicino Roma vi accoglie con tutti i comfort e l’efficienza che caratterizzano una struttura orientata al nuovo senso di ospitalità, a pochi km da Roma, a 300 metri dal casello Autostradale di Ponzano Romano dell’autostrada A1, in una posizione comoda per i collegamenti di trasporto e servizi con le autostrade e i centri industriali a nord della capitale.
’hotel offre 58 camere, di cui 8 Junior suite, ampie e luminose, tutte con bagno in camera, dotate di aria condizionata e dotate di Tv a schermo piatto, abbonamento SKY completo, cassaforte, minibar e W-iFi gratuito. L’hotel dispone 2 Sale meeting fino ad un massimo di 150 partecipanti.
L’hotel dispone di un ampio parcheggio gratuito, pronto ad accogliere le auto e i pullman.
Sala Giochi attrezzata con Calcio Balilla, Tavolo da Ping Pong e giochi da tavolo.  
Bar & Reception h24";;4;2024-09-10 23:33:56;2024-09-10 23:34:32;NULL
450;NULL;A&O Hostel Frankfurt Galluswarte;Mainzer Landstraße 226-230, 60327 Frankfurt am Main, Germania;Situato a Francoforte, a 1 km dalla Stazione di Frankfurt am Main Hauptbahnhof, 2km dal centro e 1,5 km dalla Fiera, l'A&O Frankfurt Galluswarte offre una reception operativa 24 ore su 24, una biblioteca e sala giochi. Le camere presentano interni in stile contemporaneo. L'ostello dispone anche di attrezzature per barbecue e TV con canali sportivi satellitari nella hall e al bar. La struttura si trova a 15 km dall'Aeroporto di Francoforte. Dormitori fino a 6 letti a castello con bagni privati e doccia. WiFi gratuito. Parcheggio a pagamento.;;0;2024-09-12 12:09:58;2024-09-12 12:09:58;NULL
451;NULL;A&O Hostel Aachen Hauptbahnhof;Hackländerstraße 5, 52064 Aachen, Germania;Situato a soli 100 metri dalla stazione centrale di Aquisgrana, e a soli 10 minuti a piedi dalla Cattedrale di Aquisgrana e dalla Fontana Elisenbrunnen, l'a&o Aachen Hauptbahnhof offre moderne sistemazioni e sorge proprio di fronte a varie fermate di mezzi di trasporto. Dormitori fino a 4 letti a castello con bagno privato, doccia, asciugacapelli. Sala colazioni, sala giochi, biliardo e parcheggio a pagamento completano la struttura. WiFi gratuito. Attrezzati per disabili.;;0;2024-09-12 12:13:05;2024-09-12 12:13:05;NULL
452;NULL;A&O Hostel Koeln Neumarkt;Mauritiuswall 64-66, 50676 Köln, Germania;Questo ostello si trova in una posizione centrale nella Città Vecchia di Colonia, a 10 minuti a piedi dal centro commerciale Neumarkt Galerie e a 350 metri dalla stazione della metropolitana Zülpicher Platz. La struttura offre una sala colazioni, sala giochi, biliardo e bar. I dormitori fino a 6 letti a castello, sono dotate di bagno privato e doccia. WiFi gratuito. Parcheggio a pagamento. Attrezzato per disabili.;;0;2024-09-12 12:16:11;2024-09-12 12:16:11;NULL
453;NULL;The Central House Lavapies;C. de la Encomienda, 16, Centro, 28012 Madrid, Spagna;"Ottimo ostello di nuova generazione situato in pieno centro a Madrid, nel quartiere Lavapiés. Le camere sono tutte dotate di aria condizionata e bagno privato con doccia con getto a pioggia. La connessione WiFi è fruibile gratuitamente nell'intero edificio. Al suo interno troverete anche un bar, un salone in comune e un patio all'aperto. Ogni mattina gusterete una colazione continentale a buffet presso il ristorante Citynizer Plaza, situato al piano terra.
Reception aperta 24 ore su 24.";;0;2024-09-12 12:42:02;2024-09-12 12:42:02;NULL
454;NULL;Host Family a Malta;NULL;L'opzione di vivere con una famiglia è sempre la soluzione migliore perché potrai immergerti appieno nella lingua e nella cultura locale. Le famiglie con le quali lavoriamo accolgono i nostri studenti come fossero della famiglia stessa. Tutte le famiglie forniscono le lenzuola ed asciugamani, ma, per questi ultimi, ti consigliamo di portane un paio da casa. La tua famiglia ospitante si occuperà di prepararti i pasti (colazione, pranzo - packed lunch - cena) e ti fornirà una camera che potrai condividere con altro studente della tua scuola. Inoltre potrai usufruire degli spazi comuni, in questo modo avrai l’opportunità di condividere la vita di tutti i giorni con la famiglia, fare colazione e cenare insieme come da abitudini maltesi e condividere momenti di convivialità. La famiglia ospitante può ospitare anche altri studenti stranieri.;;0;2024-09-12 19:07:48;2024-09-12 19:07:48;NULL
455;NULL;Dolomiti Chalet;NULL;L'Hotel Dolomiti Chalet dista soli 50 metri dagli impianti di risalita e dai noleggi. E' perciò garantito il facile accesso a settanta ettari di piste sempre innevate, compresa la famosa Gran Pista, lunga quasi quattro chilometri, ed eletta tra le migliori 100 piste al mondo.;;3;2024-09-12 21:36:47;2024-09-14 21:10:27;NULL
456;NULL;Hotel 3/4 stelle centrale o semicentrale formula roulette;NULL;NULL;;3;2024-09-13 10:09:37;2024-09-13 10:09:37;NULL
457;NULL;hotel RAFFAELLO 4****;Viale Giovanni Battista Morgagni, 19, 50134 Firenze FI;"Strutturato su 6 piani dispone di 140 eleganti camere; l'hotel è adatto ad ospitare conferenze grazie alle sue 2 sale meeting. Dista
circa 4 km dalla stazione di Santa Maria Novella e 4 km dall'aeroporto Amerigo Vespucci. Centro raggiungibile a piedi tramite tramvia oppure 30 minuti a piedi.";;4;2024-09-14 08:20:29;2024-09-14 08:20:29;NULL
458;NULL;Hotel catena Premier Inn 3* - formula roulette;Londra - zona 1 o 3;Hotel catena Premier Inn sono hotel 3* standard di catena dotati di tutti i comfort.;;3;2024-09-14 12:00:44;2024-09-14 12:00:44;NULL
459;NULL;HOTEL GARDEN BLUE;NULL;"Il Garden Blue Hotel, a 3 stelle, si trova nel quartiere Centro storico di Firenze, a 6 minuti a piedi dal Cenacolo di Sant'Apollonia.
L'hotel si colloca nel centro di Firenze, a 2 km di distanza dal Piazzale Michelangelo e a pochi passi dal Museo Casa di Dante. Questa struttura è situata a circa 18 minuti dalla Galleria degli Uffizi. Questo hotel offre facile accesso ad attrazioni commerciali come la Piazza della Repubblica, a soli 1 km di distanza. Quest’alloggio si trova a 10 km dall'aeroporto di Firenze Amerigo Vespucci e abbastanza vicino alla fermata di autobus Salvestrina.
Il Garden Blue Hotel offre camere climatizzate, alcune delle quali dispongono di connessione Wi-Fi gratuita e una TV a schermo piatto con canali satellitari e di bagni privati equipaggiati con asciugacapelli e un bidet. Gli ospiti possono inoltre usufruire di un bidet e una doccia, nonché di servizi come un set di cortesia.";;3;2024-09-14 17:10:15;2024-09-14 17:10:15;NULL
460;NULL;HOTEL ROMA ***;NULL;"Buona struttura in pieno centro a Trieste, a soli 150 m dalla stazione FS. Strutturata su 5 piani con ascensore, bar e ampia hall.
Dispone di 40 camere (di cui 1 a norma disabili accessibili tramite una rampa mobile per le scale della hall) tutte con box doccia,
phon, aria condizionata, frigo, TV e cassaforte.
Nonostante la presenza dell'ascensore, per accedere ad alcuni piani e alla sala colazioni ci sono dei gradini. In caso di presenza di
disabili nel gruppo la colazione viene servita in camera.
Il bus scarica nei pressi dell'hotel e parcheggia al Silos dietro la stazione FS oppure al Molo 4.";;3;2024-09-14 17:57:05;2024-09-14 17:57:05;NULL
461;NULL;HOTEL CORTE BUSINESS ***;NULL;"L'Hotel Corte Business si erge accanto alla zona industriale di Corte Tegge, a 4 km da Cavriago nella campagna dell'Emilia-Romagna. Le sue stanze sono climatizzate e coperte dalla connessione Wi-Fi gratuita.
Le camere del Corte Business vantano pavimenti piastrellati o in parquet, un minibar, una radio e una TV LCD con canali Sky e in pay per view.
Il parcheggio in loco è gratuito.";;3;2024-09-15 10:45:54;2024-09-15 10:45:54;NULL
462;NULL;PACCHETTO VIAGGIO PERSONALIZZATO AL CLIENTE;NULL;INVIATO FILE PDF CON OFFERTA VEDI ALLEGATO;;0;2024-09-15 23:09:06;2024-09-15 23:09:06;NULL
463;NULL;NOLEGGIO BUS USCITA DIDATTICA;NULL;NOLEGGIO BUS PER USCITA DIDATTICA;;0;2024-09-15 23:18:07;2024-09-15 23:18:07;NULL
464;NULL;HOTEL NAZIONALE E DEPENDANCE ***;NULL;"Struttura situata vicino la stazione FS Santa Lucia e vicino al molo per i vaporetti.
L'hotel è dotato di 90 camere con doccia, phon, aria condizionata, TV, telefono e cassaforte. Dispone di ascensore. E dependance
nelle immediate vicinanze della nostra struttura principale che si trova a 50 mt., nella medesima via.";;3;2024-09-16 17:40:12;2024-09-16 17:40:12;NULL
465;NULL;Meininger Hostel Mitte Humboldthaus;Oranienburger Str. 67-68, 10117 Berlin, Germania;L'hotel dista 10 metri da Oranienburger straße stazione ferroviaria urbana) e 450 metri dalla Oranienburger tor (stazione della metropolitana). La maggior parte delle camere sono dotate di aria condizionata. Sono presenti 3 camere attrezzate per gli ospiti con disabilità e sono raggiungibili con l'ascensore. L'hotel non dispone di parcheggio per autobus ma è possibile parcheggiarli a Oranienburgerstrasse (vicino a Monbijoupark).;;0;2024-09-17 08:27:36;2024-09-17 08:27:36;NULL
466;NULL;HOTEL CASUAL VALENCIA VINTAGE ** o similare;NULL;"Ottima struttura nel cuore di Valencia a soli 500 m dal Barrio del Carmen. Le camere sono dotate di servizi privati, asciugacapelli, aria
condizionata, telefono, TV e wifi.";;2;2024-09-17 09:26:18;2024-09-17 09:26:18;NULL
467;NULL;HOTEL 3 STELLE ZONA TERMINI tipo SAN MARCO o similare *** ROMA;NULL;NULL;;3;2024-09-17 15:35:38;2024-09-17 15:35:38;NULL
468;NULL;Casa Santa Maria;NULL;La Casa per Ferie Santa Maria si trova a poca distanza da Folgaria, a quota 1250 metri, sospesa tra l’azzurro del cielo e la quiete delle montagne trentine, immersa nel verde del nostro bel parco di proprietà. La struttura è composta di 50 camere dotate di TV LCD 32', connessione WI-FI gratuita e servizi privati. Completano l'offerta l'ampia sala giochi attrezzata per trascorrere le sere in allegria. Si trova vicino  agli   impianti di risalita e piste del grande comprensorio sciistico, dal campo di golf di Costa e davanti al Santuario della Madonna delle Grazie.;;3;2024-09-17 15:41:27;2024-10-14 13:17:42;NULL
469;NULL;HOTEL QUADRIFOGLIO;COMACCHIO-LIDO DELLE NAZIONI;STRUTTURA SITUATA DIRETTAMENTE SUL MARE E NEL PARCO DEL DELTA DEL PO;;3;2024-09-18 07:27:04;2024-09-18 07:27:04;NULL
470;NULL;Casa San Juan de Avila;NULL;La Casa San Juan de Ávila è la sistemazione ideale per il pellegrinaggio a Roma. Pensata espressamente per i pellegrini è quindi particolarmente attenta alle esigenze di chi giunge a Roma in viaggio religioso. La struttura dispone di un'ampia cappella interna e un servizio di orientamento e assistenza per pellegrini a disposizione degli ospiti sia prima dell’arrivo che durante la permanenza nella Città Eterna.;;0;2024-09-18 13:26:07;2024-09-18 13:26:07;NULL
471;NULL;MEININGER HOSTEL KRAKOW CENTRUM;NULL;"Il nuovo Meiniger sorge nel quartiere Grzegórzki, nella zona est della città vecchia, in una cornice di case storiche che fiancheggiano
la nuova linea ferroviaria tra la Stazione Centrale di Cracovia e Rudzice. Il quartiere è l'ideale per tutti i viaggiatori che desiderano
amenità moderne e posizione comoda immerse in un'atmosfera vivace e accogliente. Situato a pochi passi dal centro della città, offre
un facile accesso alle attrazioni più popolari di Cracovia e alle innumerevoli attività culturali e gastronomiche nonché alle possibilità di
fare shopping.";;0;2024-09-18 18:09:10;2024-09-18 18:09:10;NULL
472;NULL;Famiglia selezionata irlandese;NULL;L'opzione di vivere con una famiglia irlandese è sempre la soluzione migliore perché ci si potrà appieno nella lingua e nella cultura locale. Le famiglie con le quali lavoriamo accolgono i nostri studenti come fossero della famiglia stessa. Tutte le famiglie forniscono le lenzuola ed asciugamani, ma, per questi ultimi, consigliamo di portane un paio da casa. La famiglia ospitante si occuperà di preparare i pasti (colazione e cena) e vi fornirà una camera singola. Inoltre si potranno usufruire degli spazi comuni, in questo modo si avrà l’opportunità di condividere la vita di tutti i giorni con la famiglia, fare colazione e cenare insieme come da abitudini irlandesi e condividere momenti di convivialità. La famiglia ospitante può ospitare anche altri studenti stranieri.;;0;2024-09-19 07:55:37;2025-09-06 20:37:32;NULL
473;NULL;CASA TERRE COMUNI;NULL;La nostra struttura è l'ideale per gruppi di giovani/famiglie. Abbiamo circa 60 posti letto , un ampia sala da pranzo, la rete wii-fii libera in tutta la struttura, uno spazio con calcetto e ping pong e una sala meeting a disposizione dei gruppi. Facciamo la mezza pensione o la pensione completa e personalizziamo il soggiorno del gruppo in base alle esigenze richieste.;;0;2024-09-19 09:08:01;2024-09-19 09:22:12;2024-09-19 09:22:12
474;NULL;CASA TERRE COMUNI;VIGO RENDENA;La nostra struttura è l'ideale per gruppi di giovani/famiglie. Abbiamo circa 60 posti letto , un ampia sala da pranzo, la rete wii-fii libera in tutta la struttura, uno spazio con calcetto e ping pong e una sala meeting a disposizione dei gruppi. Facciamo la mezza pensione o la pensione completa e personalizziamo il soggiorno del gruppo in base alle esigenze richieste.;;3;2024-09-19 09:08:23;2024-09-19 09:22:25;NULL
475;NULL;Hotel Olympia Events & Spa;Carrer Mestre Serrano, 5, 46120 Alboraia, Valencia, Spagna;Il moderno Hotel Olympia sorge ad Alboraya, di fronte alla stazione della metropolitana di Palmaret, con collegamenti per il centro di Valencia in 10 minuti e per l'aeroporto in 20 minuti. Le spaziose camere dell'Hotel Olympia Valencia sono climatizzate e dotate di TV a schermo piatto. Le sistemazioni comprendono pavimenti in parquet, scrivania e connessione WiFi gratuita.;;4;2024-09-21 12:10:48;2024-09-21 12:10:48;NULL
476;NULL;Meininger Munchen City Center;Landsberger Str. 20b, 80339 München, Germania;Il MEININGER Hotel München Zentrum offre un buon rapporto qualità/prezzo e sorge nel centro di Monaco, a 10 minuti a piedi dalla stazione ferroviaria centrale e dalla Theresienwiese, sede del festival della birra. L'intera struttura è coperta dalla connessione WiFi gratuita. Il MEININGER Hotel München Zentrum vanta ambienti interni tinteggiati in tonalità luminose. Arredate con semplicità, tutte le camere sono dotate di TV, scrivania e bagno privato con doccia.;;0;2024-09-21 14:13:08;2024-09-21 14:13:08;NULL
477;NULL;Costa Fascinosa Mediterraneo;NULL;"Costa Fascinosa

Un omaggio al teatro e al grande cinema: ogni ponte è ispirato a personaggi storie e opere memorabili: Aida, Tosca, Zivago. Qui potrai goderti il divertimento in ogni sua forma, dagli spettacoli serali al relax alla Spa o a  bordo piscina.
E per i più piccoli? C'è un Aqua Park interamente dedicato a loro e un castello da fiaba in cui inventare tutte le più grandi avventure.
 E poi ancora musical, casinò, sale giochi e lounge bar per vivere ogni giorno la tua vacanza da protagonista, proprio come in un film.";;0;2024-09-21 22:48:45;2024-09-21 22:48:45;NULL
478;NULL;Hotel San Michele Napoli;via Sant'Antonio ai Monti 1 Napoli;"Nuova struttura in via Sant'Antonio ai Monti 1, apertura febbraio 2023. Trattasi di antico convento di suore nel pieno centro storico di
Napoli, nel quartiere Montesanto (per i napoletani è A' Pignasecca, cuore storico e verace fatto di stradine strette tipiche e
caratteristiche).
Si trova a 200 metri sotto il Corso Vittorio Emanuele a pochi passi da Piazza Mazzini. Questa e l' unica via di accesso alle auto per
raggiungere la struttura.
Per chi arriva dalla stazione centrale, deve prendere la metro 2 (direzione Pozzuoli) e scendere alla stazione di Montesanto, dopo
deve affrontare una discreta salitina di circa 8/10 minuti fino all' albergo, fatta di scale. In alternativa può prendere, una volta arrivati in
metropolitana a Montesanto, la Funivia che ferma a circa 200 metri dalla struttura.
Su richiesta e con supplemento la struttura puo provvedere al trasferimento bagagli (solo bagagli da Metro Montesanto a hotel oppureanche da Piazza Garibaldi a Hotel con un supplemento piu alto). Bisogna considerare che devono attraversare stradine strette tipiche
di quei quartieri e con bassi (case a pian terreno e sotto il livello della strada) ai lati.
C'è sicuramente da sottolineare la posizione eccezionale: attraversando Montesanto sono a 10 minuti da via Toledo Piazza Carità e
Piazza Dante (Spaccanapoli).
Consigliamo di dare uno sguardo con Google Earth per rendersi conto.
La struttura dispone di 23 camere e bagni (tutti senza bidet) ristrutturati, tanti spazi comuni, bar, ristorante con ottima cucina e
completamente ristrutturato.
Alcune camere sono molto ampie, fino a 5/6 posti letto.
Molto carino il giardino e il terrazzo panoramico con vista sulla città e sul Vesuvio.";;3;2024-09-23 14:44:33;2024-09-23 14:57:57;2024-09-23 14:57:57
479;NULL;Hotel Palazzo Sant'Antonio Napoli.;NULL;"Nuova struttura in via Sant'Antonio ai Monti 1, apertura febbraio 2023. Trattasi di antico convento di suore nel pieno centro storico di
Napoli, nel quartiere Montesanto (per i napoletani è A' Pignasecca, cuore storico e verace fatto di stradine strette tipiche e
caratteristiche).
Si trova a 200 metri sotto il Corso Vittorio Emanuele a pochi passi da Piazza Mazzini. Questa e l' unica via di accesso alle auto per
raggiungere la struttura.
Per chi arriva dalla stazione centrale, deve prendere la metro 2 (direzione Pozzuoli) e scendere alla stazione di Montesanto, dopo
deve affrontare una discreta salitina di circa 8/10 minuti fino all' albergo, fatta di scale. In alternativa può prendere, una volta arrivati in
metropolitana a Montesanto, la Funivia che ferma a circa 200 metri dalla struttura.
Su richiesta e con supplemento la struttura puo provvedere al trasferimento bagagli (solo bagagli da Metro Montesanto a hotel oppureanche da Piazza Garibaldi a Hotel con un supplemento piu alto). Bisogna considerare che devono attraversare stradine strette tipiche
di quei quartieri e con bassi (case a pian terreno e sotto il livello della strada) ai lati.
C'è sicuramente da sottolineare la posizione eccezionale: attraversando Montesanto sono a 10 minuti da via Toledo Piazza Carità e
Piazza Dante (Spaccanapoli).
Consigliamo di dare uno sguardo con Google Earth per rendersi conto.
La struttura dispone di 23 camere e bagni (tutti senza bidet) ristrutturati, tanti spazi comuni, bar, ristorante con ottima cucina e
completamente ristrutturato.
Alcune camere sono molto ampie, fino a 5/6 posti letto.
Molto carino il giardino e il terrazzo panoramico con vista sulla città e sul Vesuvio";;3;2024-09-23 15:04:25;2024-09-23 15:04:25;NULL
480;NULL;BELLA ITALIA EFA VILLAGE & FAMILY;NULL;"Il soggiorno proposto è ospitato nel Bella Italia Efa Village Sport & Family, enorme struttura specializzata nell’ ospitalità dei camp primaverili ed estivi, che offre il meglio delle attrezzature sportive e dell’accoglienza.
Sessanta ettari di pineta, grande spiaggia privata, campi sportivi, piscine e acquaparco;
tutto recintato e controllato.
Dista pochi minuti a piedi dall'attrezzatissimo centro pedonale di Lignano Sabbiadoro.";;0;2024-09-23 21:20:28;2024-10-17 14:06:45;NULL
481;NULL;A&O Salzburg Hauptbahnhof;Fanny-von-Lehnert-Straße 4, 5020 Salzburg, Austria;L'Ostello si trova a 500 mt dalla stazione ferroviaria di Salisburgo. Dista 1,2 km dal Castello di Mirabell, 1,4 km dal Mozarteum e 5 km dall'Aeroporto W. A. Mozart di Salisburgo. La struttura offre una ampia hall, sala giochi, biliardo, cucina in comune, snack-bar e terrazzo. I dormitori ospitano fino a 6 posti letto a castello, bagno privato con doccia e asciugacapelli. WiFi gratuito.;;0;2024-09-24 05:48:50;2024-09-24 05:48:50;NULL
482;NULL;Hotel Maestoso;Lipica 5, 6210 Sežana, Slovenia;"Ottima struttura rinnovata completamente nel 2021 di categoria superiore, situata a brevissima distanza da Sezana, a Lipiza, all'interno dello storico maneggio che ospita oltre 350 cavalli. Trieste dista solo 20 minuti. La struttura è immersa completamente nella natura, circondata da boschi, prati e campi da golf. 8 piani con ascensore, bar, ampia ed elegante sala ristorante, piscina di prossima apertura, sala convegni e vari spazi interni ed esterni.
Suggestiva la storica scuderia.
Le 139 camere sono state tutte completamente rinnovate e sono in stile industriale; offrono aria condizionata, TV, balcone, bollitore,
asciugacapelli e cassaforte.";;4;2024-09-25 11:16:25;2024-09-25 11:16:25;NULL
483;NULL;casa San Giuseppe istituto religioso;NULL;"La Casa per Ferie San Giuseppe è il posto ideale per un soggiorno nella città di Roma. Situata nel cuore di Trastevere, a pochi passi da Piazza Trilussa, essa consente ai suoi visitatori di imbattersi nella romanità più schietta e verace, che ancora riecheggia in vicoli brulicanti di vita, densi di storia; quanto di immergersi in quella placida atmosfera di sacralità sospesa nel tempo, che le basiliche del Rione XIII – tra le più antiche della città – sembrano custodire, al riparo dal fragore circostante. È proprio in questo caratteristico incrocio che sorge Casa San Giuseppe: fra la quiete e la riservatezza di un antico convento edificato a ridosso delle Mura aureliane, con un affaccio, però, sulle arterie pulsanti del quartiere.
Posta non lontana dalle pendici del Gianicolo e a soli 15 minuti da San Pietro e Castel Sant’Angelo, la sua posizione strategica rende facilmente raggiungibili i principali siti artistici ed archeologici dell’Urbe. Basterà, infatti, attraversare Ponte Sisto e giungere sulla sponda opposta del Tevere, per ritrovarsi in Piazza Navona e Campo De’ Fiori. Ed inoltrarsi, poco oltre, in quell’intricato dedalo di viuzze che compongono il Ghetto ebraico, e che sboccano direttamente in Piazza Venezia, all’ombra del Campidoglio, e con il Colosseo sullo sfondo.";;0;2024-09-25 14:46:08;2024-09-25 14:46:56;NULL
484;NULL;Catalalonia Park Guell Hotel;Passeig de la Mare de Déu del Coll, 10, Gràcia, 08023 Barcelona, Spagna;Il Catalonia Park Güell offre il WiFi gratuito e una piscina all’ultimo piano. La struttura si trova in una zona residenziale appena fuori dal centro storico di Barcellona, a 600 metri dal Parc Güell. Le camere dell'hotel, semplici e confortevoli, sono dotate di aria condizionata o riscaldamento e TV satellitare. A vostra disposizione anche un ristorante e un bar. Il Catalonia Park Güell sorge a soli 300 metri dalla stazione Vallcarca della metropolitana. Da lì, potrete raggiungere il centro della città in 10 minuti. Nei dintorni troverete le fermate degli autobus V19 e 22. La terrazza solarium regala viste sulla città.;;3;2024-09-25 20:20:38;2024-09-25 20:20:38;NULL
485;NULL;Hotel Di Verdi Imperial;Budapest, Thaly Kálmán u. 43, 1096 Ungheria;L'hotel è stato completamente rinnovato nel 2022. A 1,6 km dal Di Verdi Imperial Hotel potrete visitare il Museo Nazionale Ungherese e il Grande Mercato Coperto, mentre il più vicino Aeroporto di Budapest Liszt Ferenc dista 15 km. La fermata della metro Klinikák si trova sull'altro lato della strada dell'hotel,collegamento diretto con centro in 7 minuti. Dispone di 63 camere su 6 piani raggiungibile con l'ascensore. Camere con servizi privati e phon, frigobar, aria condizionata, cassaforte, WiFi gratuito in tutto l'edificio. Parcheggio bus a circa 5 minuti a piedi.;;4;2024-09-26 11:07:17;2024-09-26 11:07:17;NULL
486;NULL;Meininger Alexander Platz;Schönhauser Allee 19, 10435 Berlin, Germania;"L'Ostello si trova nel quartiere Prenzlauer Berg; dista meno di 15 minuti a piedi da Alexanderplatz e dalla zona commerciale Hackescher Markt. Si trova proprio davanti alla stazione della metropolitana Senefelderplatz, sulla linea U2. L'ostello dispone di un bar, salotto e cucina. Le camere multiple per studenti sono fino a 6 posti letto a castello e non sono dotate di aria condizionata. Sono disponibili 7 stanze per gli ospiti con disabilità e sono raggiungibili con l'ascensore. L'hotel non dispone di parcheggi per gli autobus, il più vicino è in Alexanderplatz.";;0;2024-09-27 08:13:46;2024-09-27 08:13:46;NULL
487;NULL;Hotel Milano;Via Carlo Ghega, 17, 34132 Trieste TS;Situato in pieno centro a Trieste, a circa 15 minuti di piacevole passeggiata da Piazza Unità d'Italia. Dispone di 44 camere (12 sono tassativamente singole) su 4 piani, nessuna a norma disabili. Offre ampia hall con bar, sala colazioni, piccola sala convegni da 50 posti (non usufruibile dagli studenti) e ascensore. Ogni camera dispone di aria condizionata, frigobar, telefono, TV, cassaforte, wifi e servizi privati con box doccia e phon. Il bus scarica nei pressi dell'hotel.;;3;2024-09-27 10:07:58;2024-09-27 10:07:58;NULL
488;NULL;HOSTEL A&O FIRENZE CAMPO DI MARTE;NULL;"Nuovo design ostello '' next generation'' si trova in posizione centrale vicino alla stazione di Campo di Marte, il centro di Firenze è
facilmente raggiungibili con i mezzi pubblici o con una breve passeggiata di circa 15 minuti. Dispone di 121 camere su 5 piani tra
singole, doppie, familiari (4 letti) e dormitori per studenti (4-6-8 posti letto) completamente attrezzate per un totale di 476 posti letto
(tutte le multiple dispongono di letti a castello) Le camere sono dotate di bagno con doccia, WC, asciugacapelli. Attrezzato per
disabili. Reception aperta 24 ore su 24, con angolo snack bar. Ampia area lounge, dotata di accoglienti posti a sedere offre calcio
balilla, biliardo e un grande schermo TV; birreria all'aperto, WiFi gratuito ed uno spazio di coworking per gli ospiti in viaggio d'affari.
Parcheggio bus non disponibile.";;3;2024-09-27 10:14:06;2024-09-27 10:14:06;NULL
489;NULL;HOTEL M14;NULL;"Situato nel centro di Padova a 5 minuti a piedi dal Duomo e 2 km dalla stazione di Padova. Disposte su 4 piani (con ascensore),
l'Hotel dispone di 85 camere (di cui 6 attrezzate per i disabili, nessuna con letti a castello) tutte moderne, insonorizzate, climatizzate e
 dotate di TV LCD, pavimento in legno, balcone e connessione wifi gratuiti. La maggior parte delle camere hanno doccia con tenda e
bidet all'interno. Parcheggio bus in loco da prenotare a pagamento";;3;2024-09-29 20:48:16;2024-09-29 20:48:16;NULL
490;NULL;HOTEL CONTINENTAL ****;NULL;"Si trova vicino alla A4 Milano-Venezia e gode di facile accesso all'aeroporto internazionale di Orio al Serio di Bergamo, l'hotel dista 2
km dalla stazione dei treni più vicina é la fermata: Verdello-Dalmine, che porta direttamente alla stazione treni di Milano centrale.
Aperto durante tutto l'anno, l'hotel dispone di 50 camere che offrono camere confortevoli, con TV satellitare a schermo piatto,
connessione WI-FI gratuita, minibar, set di cortesia, cassaforte, aria condizionata e riscaldamento tutte con servizi privati e ben
insonorizzate. Parcheggio Bus in Hotel";;4;2024-09-29 21:06:54;2024-09-29 21:06:54;NULL
491;NULL;HOTEL CATALONIA TIPO PARK GUELL O SIMILARE *** BARCELONA;NULL;NULL;;3;2024-09-30 09:38:44;2024-09-30 09:38:44;NULL
492;NULL;Hotel Genio;Via Giuseppe Zanardelli, 28, 00186 Roma RM;Dotato di una terrazza panoramica con viste panoramiche sulla città, l'Hotel Genio si trova a soli 120 metri da Piazza Navona e offre il WiFi gratuito in tutti gli ambienti. Tutte climatizzate, le camere presentano pavimenti in moquette o parquet, TV e minibar. La prima colazione continentale a buffet comprende formaggi, prosciutto, uova, prodotti da forno, frutta fresca e bevande calde. L'Hotel Genio è situato in un edificio che risale al periodo neo-rinascimentale ed è circondato da strade sinuose che ospitano alcuni dei wine bar, caffetterie e ristoranti più frequentati di Roma. La struttura dista 10 minuti a piedi da Castel Sant'Angelo e 1,3 km da Piazza San Pietro.;;4;2024-09-30 11:11:33;2024-09-30 11:11:33;NULL
493;NULL;Hotel Tiergarten Berlin;Alt-Moabit 89, 10557 Berlin, Germania;L'Hotel si trova di fronte al parco Kleiner Tiergarten e vicino alla stazione della metropolitana Turmstraße che lo collega in 3 minuti dal Kurfürstendamm. La fermata dell'autobus dista 1 minuto a piedi dall'hotel. In 15 minuti di autobus si raggiunge Unter den Linden,con la Porta di Brandeburgo, l'Isola dei Musei e il viale dello shopping Friedrichstraße. La stazione ferroviaria principale Hauptbahnhof sorge ad appena 1 fermata di autobus. L'Hotel Tiergarten Berlin offre spaziose camere accoglienti con comfort moderni. Le camere non sono dotate di aria condizionata ma è possibile richiedere dei ventilatori. E' presente una camera attrezzata per gli ospiti con disabilità.;;3;2024-09-30 11:42:50;2024-09-30 11:42:50;NULL
494;NULL;Camplus Torino Regio Parco;NULL;"Posizione centrale, è una residenza universitaria situata a 2 km circa da Palazzo Reale e dalla Mole Antonelliana e collegata alla stazione e al centro con i mezzi pubblici.
La struttura dispone di: tutti alloggi moderni con angolo cottura, tavolo da pranzo, TV a schermo piatto con canali via cavo e bagno con asciugacapelli. Sono inoltre provvisti di asciugamani e biancheria da letto; reception aperta 24 ore su 24; 1 ascensore, Wi-Fi gratuito in tutte le aree; ampi spazi comuni multifunzionali; sale ricreative; 1 sala conferenze; diverse sale riunioni; 1 cucina condivisa; aule studio; 1 lavanderia; 1 palestra ed 1 campo da Padel.";;0;2024-09-30 21:21:24;2024-09-30 21:21:24;NULL
495;NULL;HOTEL CHALET CAMINETTO;NULL;"Hotel Chalet Caminetto. Albergo dall’ottimo apprezzamento del pubblico e con altissima qualità dei servizi, è a distanza camminabile piste da sci (campo scuola incluso) e dal deposito sci della scuola sci. Molto accogliente, coniuga attenzione al dettaglio e tradizione, in perfetto stile trentino, ideale per una vacanza rigenerante. Agli ospiti si offre anche l’uso della piscina e del wellness, oltre che ampia sala giochi, ampia e accogliente hall e altri spazi comuni.
E’ inoltre possibile avere in uso per i gruppi, durante la settimana, l’auditorium polivalente dell’hotel Montana adiacente, di stessa gestione.";;3;2024-10-01 10:19:54;2024-10-02 15:53:01;NULL
496;NULL;Hotel Golden City;Marni 46, Athina 104 38, Grecia;Situato a soli 400 metri dalla stazione della metropolitana Metaxourgeio, l'Athens Golden City Hotel offre la connessione WiFi gratuita nelle aree comuni, e un ristorante all'ultimo piano con viste panoramiche su Atene. Decorate con colori caldi, pavimenti in moquette e tendaggi drappeggiati, le ampie camere dell'Athens Golden City Hotel vantano l'aria condizionata, una TV satellitare, un frigorifero e un set da stiro. Provvista di una reception attiva 24 ore su 24, con servizio di autonoleggio e prenotazione di taxi e biglietti, la struttura dista 800 metri dalla zona dei divertimenti di Psirri, ricca di bar, ristoranti e taverne, e meno di 10 minuti a piedi dall'Acropoli e dal suo museo.;;3;2024-10-01 15:47:55;2024-10-01 15:47:55;NULL
497;NULL;HOTEL 3 STELLE A LEVICO TERME ***;NULL;NULL;;3;2024-10-01 19:54:49;2024-10-01 19:54:49;NULL
498;NULL;HOTEL MANTEGNA STAZIONE ***;NULL;"Hotel situato di fronte alla stazione ferroviaria di Mantova (circa 1 km dal centro), a pochi passi dalle rive del fiume Mincio. L'hotel
dispone di 52 camere disposte su 2 piani con ascennsore (di cui 2 camere attrezzate per disabili), tutte dotate di aria condizionata, TV
LCD e bagno privato con asciugacapelli, la maggior parte delle quali affacciate su un silenzioso cortile interno.";;3;2024-10-01 20:40:24;2024-10-01 20:40:24;NULL
499;NULL;HOTEL 2 STELLE TIPO EASY O SIM. ** LISBOA;NULL;Struttura situata a Lisbona, in buona posizione, nei pressi della Piazza Marques de Pombal a qualche km da Placa Do Comercio. Dispone di camere con servizi privati, tv. Fermata metro: Marques de Pombal ( a 2 minuti a piedi ). TASSA DI SOGGIORNO ESCLUSA DA PAGARSI IN LOCO;;2;2024-10-02 09:16:20;2024-11-24 13:07:20;NULL
500;NULL;Marathon Hostel;11 Via degli Archi, 16121 Genova, Italia;"Il Marathon Hostel offre un’esperienza unica all’interno del cuore di Genova, in spazi dal valore storico che riconducono all’art déco e ad ambienti di epoca industriale degli anni ’20 e ’30.

Perfetto per i gruppi scolastici: con una posizione centralissima a due passi dal Porto Antico e dal centro storico, ampi spazi comuni moderni, camere funzionali con bagno privato e ottima sicurezza. Offre colazioni abbondanti e staff abituato ad accogliere scolaresche in viaggio didattico. 

Una base pratica e confortevole per esplorare Genova a piedi.

Valutato dai clienti 8.1 su booking.";;0;2024-10-02 12:51:08;2025-06-19 12:01:19;NULL
501;NULL;Hotel Colombo Napoli ***;NULL;"In centro a Napoli in zona Corso Umberto/Porta Nolana e nei pressi della stazione FS che dista circa 400 metri.
La struttura è su 4 piani con ascensore, piccolo bar, terrazzino, sala colazioni (essendo piccola si fanno i turni).
Dispone di 24 camere, di cui una a norma disabili, servizi privati, phon, aria condizionata, frigobar, TV,
cassaforte.";;3;2024-10-02 14:13:47;2024-10-02 14:13:47;NULL
502;NULL;Hostel in Berlin;NULL;Presso l'hostel avrete una sistemazione in camere da due a 5 letti con trattamento di pensione completa, colazione, packed lunch e cena.;;0;2024-10-02 16:05:07;2024-10-02 16:05:07;NULL
503;NULL;Hostel in Muenchen;NULL;Presso l'hostel avrete una sistemazione in camere da due a 5 letti con trattamento di pensione completa, colazione, packed lunch e cena.;;0;2024-10-02 16:42:38;2024-10-02 16:42:38;NULL
504;NULL;HOTEL MEDITERRANEE ***;NULL;"Situato in un edificio del XVIII secolo nell'area di Genova Pegli, a soli 3 km dall'Aeroporto Cristoforo Colombo e a 1 km dall'autostrada
A10 buon tre stelle fronte mare sulla passeggiata del lungomare di Pegli si sviluppa su 3 piani con ascensore, ristorante, bar, wifi gratuito in tutta la struttura e parcheggio bus interno. Offre 90 camere spaziose provviste di finestre insonorizzate, bagno privato con phon, TV, minibar, a/c, cassaforte e alcune vantano una vista sul mare";;3;2024-10-02 20:15:22;2024-10-02 20:15:22;NULL
505;NULL;Hotel De Fierlant;Rue de Fierlant 67, Vorst / Forest, 1190 Bruxelles, Belgio;Situato a 3 km dalla Grand Place, nei pressi della Stazione Ferroviaria Sud di Bruxelles (Gare du Midi) ed a 15 minuti a piedi dalla metropolitana e dalla Wild Gallery. Il centro della città è raggiungibile con i mezzi pubblici. Offre un parcheggio privato gratuito, un piccolo angolo business e la connessione Wi-Fi gratuita in tutto l'edificio. Le 40 camere sono dotate di bagno privato, asciugacapelli, TV, linea telefonica diretta, le triple normalmente sono camere doppie o matrimoniali con letto aggiunto, mini-frigo e bollitore per la preparazione di tè/caffè. Completano la struttura il soggiorno ed il bar. Non ha ristorante interno.;;3;2024-10-03 05:32:54;2024-10-03 05:32:54;NULL
506;NULL;HOTEL VILLA PRINCIPESSA ****;NULL;"Situata in un parco privato, sulle colline intorno a Lucca, la Villa La Principessa è un elegante hotel provvisto di una rilassante area piscina e di camere arredate in stile tradizionale. Questo maniero del XIII secolo fungeva da dimora del duca di Lucca. Le sistemazioni sono fornite di aria condizionata, connessione Wi-Fi e minibar; alcune vantano soffitti con travi a vista e carta da parati di lusso. La struttura propone una colazione internazionale a buffet, servita sulla terrazza durante la bella stagione. Usufruirete inoltre di sconti nei ristoranti ubicati nelle vicinanze. Dotata di parcheggio gratuito, la Principessa si trova a 5 km dal centro di Lucca";;4;2024-10-03 21:31:51;2024-10-03 21:31:51;NULL
507;NULL;STUDENT'S HOSTEL DELLA GHIARA;Via Guasco, 6 - 43121 - Reggio nell'Emilia - RE - IT;L'ostello si trova nel cuore del centro storico di Reggio Emilia, in un immobile di valore storico monumentale annesso alla Basilica della Beata Vergine della Ghiara e recentemente ristrutturato e riqualificato. Si trova a poche centinaia di metri dai principali musei e monumenti della città ed è ben collegato ai mezzi di trasporto pubblici. Le camere sono ampie e luminose e regalano una splendida vista sui chiostri della Ghiara.;;0;2024-10-03 22:48:41;2024-10-03 22:48:41;NULL
508;NULL;HOTEL TRE STELLE CENTRALE *** FIRENZE (TIPO HOTEL MERIDIANA O SIMILARE);NULL;NULL;;3;2024-10-04 08:48:06;2024-10-04 08:48:06;NULL
509;NULL;MARILLEVA 1400;NULL;"Pensione completa è in hotel quindi colazione, pranzo e cena. Servizio a buffet , acqua inclusa. 
Marilleva 1400 posizione fronte piste da sci a fianco della partenza telecabina";;0;2024-10-04 12:09:59;2024-10-04 12:09:59;NULL
510;NULL;HOTEL SIRACUSA/VALLE/PARIS *** O SIMILARE  ROMA  ZONA TERMINI;NULL;NULL;;3;2024-10-04 14:30:57;2024-10-04 14:30:57;NULL
511;NULL;Hotel Jam Brussels;Chau. de Charleroi 132, 1060 Bruxelles, Belgio;Situato nel quartiere Sint-Gillis / Saint-Gilles di Bruxelles e a 800 metri dalla stazione della metropolitana Hotel des Monnaies/Munthof, il Jam Brussels Hotel è in posizione ideale per visitare il centro della città. Le camere di questa struttura sono dotate di una TV a schermo piatto con canali satellitari, nonché di servizi per la preparazione di tè/caffè per la tua comodità. I bagni privati includono anche un set di cortesia. L'hotel vanta una piscina con trampolino, una sauna e bagni pubblici caldi.;;3;2024-10-04 21:33:06;2024-10-04 21:33:06;NULL
512;NULL;Ibis Budget Amsterdam City South;Professor J.H. Bavincklaan 1, 1183 AT Amstelveen, Paesi Bassi;Situato ad Amstelveen, a 1,8 km dal Teatro Schouwburg Amstelveen, a 200 metri dalla Vrije Universiteit e a 4 km dal centro convegni RAI, l'ibis budget Amsterdam City South offre un parcheggio privato gratuito in loco. L'hotel propone una sala per i giochi, una reception aperta 24 ore su 24 e camere dotate di bagno privato e connessione WiFi gratuita. L'ibis budget Amsterdam City South include il servizio di noleggio biciclette e dista 3 km dalla zona degli affari Zuidas e dalla stazione ferroviaria di Amsterdam-Zuid e 7 km dall'Aeroporto di Amsterdam-Schiphol, lo scalo più vicino. Dalla fermata della metropolitana Kronenburg potrete inoltre approfittare di collegamenti per il centro cittadino.;;2;2024-10-04 21:51:38;2024-10-04 21:51:38;NULL
513;NULL;Residence universitario;NULL;NULL;;0;2024-10-05 20:44:45;2024-10-05 20:44:45;NULL
514;NULL;HOTEL RAMAPENDULA ****;NULL;"Buona struttura situata a soli 800 metri dal centro di Alberobello, facilmente e comodamente raggiungibile a piedi. Dista ca 500 m a
piedi dalla fermata bus e ca 700 m a piedi dalla stazione ferroviaria.
Le 60 camere disposte su un piano ( di cui 3 strutturate per l'accoglienza di persone disabili) sono dotate di aria condizionata, TV,
cassaforte, frigobar, asciugacapelli e wifi.
L'hotel offre bar, ristorante, sala colazioni, giardino, piscina, ascensore e parcheggio bus";;4;2024-10-06 12:50:17;2024-10-06 12:50:17;NULL
515;NULL;HOTEL MAJESTY ALBEROBELLO;NULL;Situato a 650 metri dal centro di Alberobello, il moderno Hotel Majesty Alberobello offre una piscina all'aperto attrezzata con lettini, un ampio giardino, un ristorante e la connessione Wi-Fi gratuita. Le camere dispongono di TV a schermo piatto con canali satellitari, aria condizionata e piccolo frigorifero, e i bagni presentano doccia o vasca idromassaggio. Al mattino potrete gustare la prima colazione a buffet proposta dal Majesty, che comprende dolci e bevande calde e fredde. Il menù del ristorante propone piatti classici italiani e internazionali ed è disponibile un bar.;;4;2024-10-06 12:53:41;2024-10-06 12:53:41;NULL
516;NULL;HOTEL DONATELLO CENTRO CONGRESSI ****;NULL;Buona struttura con posizione centrale a Imola. L'edificio dispone di 135 camere, su 10 piani, raggiungibili in ascensore con Wi-Fi, TV, minibar, bollitore, aria condizionata, box doccia, phon e set di cortesia nei bagni. L'hotel dispone di 6 camere per disabili attrezzate con maniglioni nei bagni e doccia a pavimento. In struttura troviamo spa, sala fitness e 5 sale convegni.;;4;2024-10-06 14:06:20;2024-10-06 14:06:20;NULL
517;NULL;Hotel Victoria 4;C. de la Victoria, 4, Centro, 28012 Madrid, Spagna;Sito nel cuore di Madrid, accanto a Puerta del Sol, questo hotel storico offre la connessione Wi-Fi gratuita e un bar-caffetteria sulla spaziosa terrazza all'aperto. L'Hotel Victoria 4 Puerta del Sol risale al 1850 e vanta eleganti interni rinnovati. Le camere del Victoria 4 Puerta del Sol sono insonorizzate e dotate di cassaforte gratuita e di ampio bagno con vasca e asciugacapelli. La struttura ospita un ristorante tradizionale, La Carmela, dove potrete gustare la colazione, il pranzo, la cena e uno vasto assortimento di tapas. Il Victoria 4 Puerta del Sol sorge in una zona vivace, e dista pochi metri dalla stazione della metropolitana Sol, che fornisce un facile trasporto intorno alla città, e pochi passi dalla Gran Vía e dal Triangolo dell'Arte.;;3;2024-10-07 11:36:06;2024-10-07 11:36:06;NULL
518;NULL;Hotel Residence Guido Reni Torino;NULL;"Struttura situata in zona Lingotto, a soli 5 km dal centro di Torino.
L'hotel è dotato di ascensore, bar e sala TV.
Dispone di 65 camere (di cui 4 a norma disabili) con box doccia e phon, frigorifero, aria condizionata, TV, telefono e Wi-Fi.
E' possibile raggiungere l'Hotel dalla stazione Porta Nuova con linea 58 e scendere a fermata ''Romita''; dalla stazione Porta Susa,
bus linea 71 fermata ''Tempio Pausania''.
Dall'Hotel al centro, bus 58 fermata ''Romita'' e scendere a ''Porta Nuova''.";;3;2024-10-08 10:35:12;2024-10-08 10:35:12;NULL
519;NULL;Hotel Bella Italia Piancavallo;NULL;"L’Hotel consente agli ospiti di vivere una vacanza all’insegna del divertimento e del relax nell’esclusiva cornice delle Dolomiti Friulane. A distanza camminabile da ogni servizio sportivo (500mt dal camposcuola e piste da sci incluse).In inverno si possono praticare una vasta gamma di attività invernali come sci alpino, sci di fondo, snowboard, ciaspolate e pattinaggio sul ghiaccio. Le piste ben curate e le strutture moderne garantiscono un’esperienza indimenticabile per tutti i livelli di abilità.
Inoltre, l’Hotel dispone di un ristorante e di una zona bar con vista sulle montagne, dove gli ospiti possono rilassarsi con una bevanda calda o un aperitivo. Per chi desidera un ulteriore tocco di benessere, l’hotel vanta anche un centro benessere completo di sauna, bagno turco, idromassaggio e sala relax, perfetti per rilassarsi dopo una giornata all’insegna dello sport e dell’avventura.";;4;2024-10-08 17:57:35;2024-10-21 15:28:46;NULL
520;NULL;DON CALABRIA;NULL;"Casa per ferie è particolarmente adatta per un soggiorno tranquillo di singole persone e gruppi.
pensione completa, camere da uno a cinque posti letto con servizi privati, ascensore, sale da pranzo con servizio self-service.";;0;2024-10-09 12:10:29;2024-10-09 12:10:29;NULL
521;NULL;Apart Hotel Tomo;Raunas iela 44, Riga, LV-1039, Lettonia;l nuovo Apart Hotel Tomo offre una vasta gamma di servizi di alta qualità in un tranquillo sobborgo di Riga, a 15 minuti di auto dal centro della città. La connessione Wi-Fi è gratuita. L'Hotel Tomo offre camere confortevoli, una deliziosa colazione a buffet, 2 moderne sale conferenze, l'accogliente ristorante Firita, un salone di bellezza, servizi internet e un parcheggio custodito gratuito. Sono disponibili numerose escursioni. L'Hotel Tomo dista 15 minuti di auto dal centro storico di Riga.;;3;2024-10-10 05:26:01;2024-10-10 05:26:01;NULL
522;NULL;casa opera don Minozzi Roma;Via dei Gigli d'Oro, 15, 00186 Roma RM;La Casa di accoglienza Padre Minozzi Roma è posta nel centro storico di Roma a pochi passi da Piazza Navona. Dispone di n. 63 posti letto in camere singole, doppie, triple e quadruple, tutte con bagno. La Casa di accoglienza Padre Minozzi Roma Ospita gruppi scolastici, gruppi parrocchiali, singoli e famiglie. Possibilità di ½ pensione o pensione completa. Aperta tutto l’anno. La Casa di accoglienza Padre Minozzi Roma è vicina a PIAZZA NAVONA, una delle più celebri piazze di Roma. La sua forma è quella di un antico stadio, e venne costruita in stile monumentale per volere di papa Innocenzo X (Giovanni Battista Pamphilj). Piazza Navona, ai tempi dell’antica Roma, era lo Stadio di Domiziano che fu costruito dall’imperatore Domiziano nell’85 e nel III secolo fu restaurato da Alessandro Severo. Era lungo 276 metri, largo 106 e poteva ospitare 30.000 spettatori. Piazza Navona è in un certo senso l’orgoglio della Roma barocca, con elementi architettonici e scultorici di maestri come Gian Lorenzo Bernini (la Fontana dei Quattro Fiumi al centro della piazza, che rappresenta i quattro angoli della Terra), Francesco Borromini e Girolamo Rainaldi (la chiesa di Sant’Agnese in Agone, davanti alla fontana del Bernini) e Pietro da Cortona (autore degli affreschi della galleria di Palazzo Pamphilj).;;0;2024-10-10 10:15:38;2024-10-10 10:16:34;NULL
523;NULL;Twentytù Hostel o similare;Carrer de Pamplona, 114, Sant Martí, 08018 Barcelona, Spagna;Ostello di nuova generazione, moderno e confortevole, ha un ottimo rapporto qualità/prezzo e permette comodamente di raggiungere i punti di interesse della città.;;0;2024-10-10 12:51:29;2025-01-03 07:47:52;NULL
524;NULL;HOTEL NOTO o similare (Hotel Siracusa o Lazio);Via Calatafimi, 10/b;"Distante 400 metri dalla stazione ferroviaria di Roma Termini, l'Hotel Noto fa parte della catena Raeli Hotels e offre camere in stile classico con aria condizionata, a 2 fermate di metropolitana da Piazza di Spagna.
Le camere del Noto Hotel presentano tutte una TV a schermo piatto, una cassaforte, un frigorifero e un bagno privato con asciugacapelli e set di cortesia.
Al mattino vi attende una colazione all'italiana. A vostra disposizione troverete inoltre una reception operativa 24 ore su 24 e il WiFi gratuito, disponibile soltanto nelle aree comuni.
L'Hotel Noto sorge a 1 km da Via Nazionale e a 2 fermate di metropolitana dal Colosseo.";;3;2024-10-10 18:02:46;2024-10-10 21:29:18;NULL
525;NULL;Grand Hotel Capodimonte;Via Capodimonte 3, Capodimonte, 80136 Napoli, Italia;Situato a 15 minuti a piedi dalla fermata della metropolitana Materdei, il Grand Hotel Capodimonte offre camere con aria condizionata, minibar e TV satellitare. Le sistemazioni sono dotate di rustici pavimenti in cotto, classici arredi in legno e letti in ferro battuto, e alcune unità dispongono di spazio supplementare. le suite vantano un'area salotto.;;4;2024-10-15 06:26:04;2024-10-15 06:26:04;NULL
526;NULL;HOTEL AIRONE ***;NULL;Buona struttura a tre stelle distante soli 2 km dal centro e dalla stazione FS. È presente ascensore, bar, ristorante interno, sala tv, piscina esterna, aria condizionata, una sala convegni e uno spazio con wi-fi gratuito. Dispone di 56 camere (di cui 2 a norma disabili) tutte con box doccia, phon, aria condizionata, frigo, TV e telefono. Il bus scarica e parcheggia nei pressi dell'hotel. La struttura si trova di fronte al famoso Campovolo;;3;2024-10-15 15:56:37;2024-10-15 15:56:37;NULL
527;NULL;HOTEL 3 STELLE TOURS/DINTORNI;LOIRA;NULL;;3;2024-10-16 01:02:46;2024-10-16 01:02:46;NULL
528;NULL;Hotel HB1 DESIGN & BUDGETHOTEL Schönbrunn;NULL;"Distante soli 10 minuti a piedi dal Castello di Schönbrunn e 200 metri dal Museo Tecnico. A pochi minuti di cammino si trova la
stazione della metropolitana Johnstraße (linea U3), tramite la quale si raggiunge in 2 fermate la Stazione Ferroviaria Westbahnhof e
in 7 la Cattedrale di Santo Stefano e il centro di Vienna.
Hotel dispone di 96 camere diviso su 5 piani raggiungibili con l'ascensore, camere con servizi privati e asciugacapelli, TV, aria
condizionata.";;3;2024-10-16 15:05:52;2024-10-16 15:05:52;NULL
529;NULL;Hotel Achillion;Agiou Konstantinou 32, Athina 104 37, Grecia;Composto da 63 camere, questo hotel a 3 stelle, l'Achillion Hotel Atene, si trova vicino a un quartiere con molte opzioni di intrattenimento, a 5 minuti in auto dall'Antico tempio di Atena Poliàs. I vantaggi di questo hotel includono il Wi-Fi in tutta la struttura. Tutte le camere insonorizzate sono dotate di uno schermo piatto via cavo insieme a un minifrigo. Arredate con una scrivania, dispongono anche di finestre insonorizzate.;;3;2024-10-16 20:02:14;2024-10-16 20:02:14;NULL
530;NULL;PALACE INN 4****  Fiano Romano (RM);Via Milano, 15, 00065 Fiano Romano RM;"Il Palace Inn Rome Fiano Fiano Romano, a 4 stelle, comprende 21 camere e si trova a 2 km da Art Forum Würth Capena. La locanda offre Wi-Fi in tutta la struttura e ha una sala meeting per coloro che viaggiano per affari.
Posizione
La struttura è situata a 4 km dal centro di Fiano Romano e a 50 km dall'aeroporto di Roma Ciampino. Il Beneficio Parrocchiale Santo Stefano Protomartire dista 3 km e Anguillara Sabazia è a 28 km. Gli ospiti possono trovare Lucus Feroniae, che è a una distanza di circa 16 minuti a piedi.
Camere
Le camere includono un mini frigobar e una TV a schermo piatto con canali satellitari per la tua comodità. I bagni privati sono dotati di un bagno alla francese e una doccia, nonché di asciugacapelli e asciugamani.
Cibo & Drink
Gli ospiti possono gustare la colazione al ristorante ogni mattina. Potrai gustare la cucina italiana presso il ristorante con menu à la carte LEtrusco.";;4;2024-10-17 09:24:16;2024-10-17 09:24:16;NULL
531;NULL;HOTEL CASA  ALPINA;NULL;"La Vostra Casa
nel cuore dell'Alpe Cimbra
Natura, relax, buon cibo e tantissime attività


L’Hotel Casa Alpina è un accogliente complesso alberghiero immerso nel cuore verde dell’Alpe Cimbra in località Francolini di Folgaria, in Trentino. Situato a pochissimi minuti in macchina dal centro del paese di Folgaria e dai maggiori impianti di risalita del comprensorio, l’Hotel Casa Alpina riuscirà a farti vivere una vacanza senza pensieri, grazie alla cucina tradizionale offerta dal nostro ristorante.

La struttura è dotata di tutti i servizi necessari per rendere la tua vacanza nel bel mezzo della natura a dir poco indimenticabile.";;0;2024-10-17 14:54:40;2024-10-17 14:54:40;NULL
532;NULL;Chalet Fiocco di Neve - Hotel & Restaurant;Via Ronch, 2, 38086 Pinzolo TN;"Hotel Pinzolo a 300 metri dagli impianti della ski area Pinzolo Campiglio Folgarida Marilleva.
Lo Chalet Fiocco di Neve offre in inverno una sauna e in estate una terrazza panoramica con vasca idromassaggio per 5 persone. A vostra disposizione anche un ristorante che serve specialità locali e internazionali, e servizi gratuiti quali il parcheggio e il noleggio di biciclette.
Arredate con mobili in legno, le camere del Fiocco Di Neve, struttura a 3 stelle, dispongono di TV a schermo piatto e bagno privato con set di cortesia e asciugacapelli. La connessione Wi-Fi è disponibile gratuitamente nelle aree comuni.";;3;2024-10-17 17:06:31;2024-10-17 17:06:31;NULL
533;NULL;Hotel Residence Al Granzo;Piazza Venezia, 7, 34123 Trieste TS;"Struttura in centro a Trieste a circa 400 m dalla famosa Piazza Unità d'Italia e a circa 1 km dalla stazione FS. E' un residence composto da appartamenti di varie metrature (dai 40 mq ai 70 mq) monolocali e bilocali; 1 appartamento è a norma disabili ed è accessibile tramite rampa elettrica che porta dal pian terreno al primo piano dove c'è l'ascensore. Tutti i 20 appartamenti sono ben arredati e dotati di ogni comfort, con 1 o 2 bagni e sistemazione ragazzi fino a 6 posti letto (in caso di necessità anche 7 posti letto). La colazione è servita nel bar sotto il residence.";;0;2024-10-18 08:24:59;2024-10-18 08:24:59;NULL
534;NULL;Hotel *** o ostello - zona centrale - Barcellona;NULL;Sistemazione in camere multiple per gli studenti e singole per i docenti. Trattamento di mezza pensione con colazione a buffet dolce e salata e cena in hotel/ostello o ristorante convenzionato.;;3;2024-10-18 12:36:07;2024-10-18 12:36:07;NULL
535;NULL;HOTEL AURORA;NULL;Hotel Aurora a breve distanza sia dalle Terme con piscina (aperta al pubblico, anche scolastico) che agli impianti di risalita (e deposito attrezzatura), che ad ogni altro servizio di pubblica utilità. Dispone di ampi spazi comuni e coniuga capacità di accoglienza, esperienza di gestione dei gruppi scolastici.;;3;2024-10-18 14:44:02;2024-10-18 14:44:02;NULL
536;NULL;Hotel Millennium Napoli;Via Comandante Umberto Maddalena, 19280144 Naples;"Il MillenniuM Gold Hotel è a soli 600mt circa “walking distance” dai terminal dell’Aeroporto Internazionale di Napoli Capodichino (NAP). Ne è il punto di riferimento alberghiero anche grazie ai suoi servizi quali ristorante, lounge bar, parcheggio gratuito e free wi-fi internet. Il tutto attentamente curato, con il piacere dell’ospitalità, dallo staff.

La location del Millennium Gold hotel, oltre alla comodità rispetto l’Aeroporto, è connesso con tutti i principali punti della Città di Napoliche sono dunque facilmente raggiungibili.

La stazione ferroviaria è a 3,9km, il centro storico “Spaccanapoli”con il cuore antico ricco di monumenti e Patrimonio Unesco a 4,2km, il salotto della Città Piazza del Plebiscito a 4,9km. Adiacenti all’hotel gli accessi alla tangenziale a 100mt. e le autostrade a 200mt. per attraversare la città senza traffico e velocemente o per dirigersi direttamente verso importanti mete quali Costiera Amalfitana, Costiera Sorrentina, Pompei, Ercolano, Caserta, Roma";;4;2024-10-20 16:57:18;2024-10-20 16:57:18;NULL
537;NULL;Premier Inn Hull North Hotel;NULL;NULL;;3;2024-10-21 12:07:21;2024-10-21 12:07:21;NULL
538;NULL;HOTEL MONTANA;NULL;L'Hotel Montana  è ubicato in Località Vason, lungo la strada provinciale SP85, ad un'altezza di 1650 metri e permette di raggiungere con facilità gli impianti di risalita (distanti due minuti a piedi), mentre per arrivare nella città di Trento sono necessari 40 minuti d'auto. Inoltre, l'albergo è a soli 50 metri dalla fermata dell'autobus da/per la stazione ferroviaria di Trento. Data la sua posizione strategica, è possibile visitare molte attrazioni turistiche locali, come per esempio il Giardino Botanico Alpino Viotte (a meno di quattro chilometri), il Lago di Terlago oppure il Forte di Cadine.;;4;2024-10-21 21:11:13;2024-10-21 21:11:13;NULL
539;NULL;Hotel Leopardi 3* o hotel Tiempo 3* o struttura similare.;NULL;Hotel in zona centrale/semi centrale di categoria 3*;;3;2024-10-22 11:43:57;2024-10-22 11:43:57;NULL
540;NULL;GP hotel 3***;Via Giorgio Perlasca 50, Rome, IT, ROME (ITALY);"Property Location A Roma (Collatino), potresti voler soggiornare presso GP Hotel ad appena 10 minuti di auto da Piazza Bologna e da Basilica di Santa Maria Maggiore. Questo hotel si trova a 7,7 km da Foro Romano e 8,3 km da Colosseo.

Camere Rilassati in una delle 86 camere della struttura, complete di aria condizionata e TV a schermo piatto. Il Wi-Fi gratuito ti consente di restare in contatto con il mondo, mentre la TV con canali in digitale è l'ideale per concedersi un po' di svago. Il bagno in camera dispone di doccia, bidet e asciugacapelli. I comfort includono scrivanie, accessori per la preparazione di caffè/tè e telefoni con chiamate urbane gratuite.";;3;2024-10-22 13:22:41;2024-10-22 13:22:41;NULL
541;NULL;GP hotel 3***;Via Giorgio Perlasca 50, Rome, IT, ROME (ITALY);"Property Location A Roma (Collatino), potresti voler soggiornare presso GP Hotel ad appena 10 minuti di auto da Piazza Bologna e da Basilica di Santa Maria Maggiore. Questo hotel si trova a 7,7 km da Foro Romano e 8,3 km da Colosseo.

Camere Rilassati in una delle 86 camere della struttura, complete di aria condizionata e TV a schermo piatto. Il Wi-Fi gratuito ti consente di restare in contatto con il mondo, mentre la TV con canali in digitale è l'ideale per concedersi un po' di svago. Il bagno in camera dispone di doccia, bidet e asciugacapelli. I comfort includono scrivanie, accessori per la preparazione di caffè/tè e telefoni con chiamate urbane gratuite.";;3;2024-10-22 13:22:44;2024-10-22 13:22:44;NULL
542;NULL;GP hotel 3***;Via Giorgio Perlasca 50, Rome, IT, ROME (ITALY);"Property Location A Roma (Collatino), potresti voler soggiornare presso GP Hotel ad appena 10 minuti di auto da Piazza Bologna e da Basilica di Santa Maria Maggiore. Questo hotel si trova a 7,7 km da Foro Romano e 8,3 km da Colosseo.

Camere Rilassati in una delle 86 camere della struttura, complete di aria condizionata e TV a schermo piatto. Il Wi-Fi gratuito ti consente di restare in contatto con il mondo, mentre la TV con canali in digitale è l'ideale per concedersi un po' di svago. Il bagno in camera dispone di doccia, bidet e asciugacapelli. I comfort includono scrivanie, accessori per la preparazione di caffè/tè e telefoni con chiamate urbane gratuite.";;3;2024-10-22 13:23:24;2024-10-22 13:23:24;NULL
543;NULL;HOTEL GADAMES;NULL;"Buona struttura in zona centralissima a Cervia con ampia hall, ascensore, sala TV, ristorante, bar e giardino
In struttura sono presenti 40 luminose camere con Wi-Fi, box doccia e phon, TV, telefono, cassaforte e aria condizionata.
Il bus puo' parcheggiare gratuitamente nei pressi dell'hotel.";;3;2024-10-23 21:42:40;2024-10-23 21:42:40;NULL
544;NULL;HOTEL BYRON *** o similari;NULL;Situato nel centro di Montecatini Terme, a 400 metri dal centro termale, l'Hotel Byron vanta un ristorante, la connessione internet Wi-Fi gratuita nella hall, camere climatizzate e una veranda arredata. Le sistemazioni del Byron sono colorate e includono una TV satellitare a schermo piatto e un bagno privato con asciugacapelli e vasca o doccia. Ogni mattina vi attende una colazione internazionale, mentre il ristorante è specializzato in piatti della cucina tradizionale e classica italiana.;;3;2024-10-23 21:43:44;2024-10-23 21:43:44;NULL
545;NULL;GRAND HOTEL EUROPA;NULL;• Sistemazione in hotel 3* tipo Grand Hotel Europa a Napoli centro.;;3;2024-10-23 22:43:19;2024-10-23 22:43:19;NULL
546;NULL;GRAND HOTEL ELITE;NULL;Hotel a Cascia, in Umbria terra ricca di cultura e tradizioni. L’hotel è stato pensato per soddisfare anche gli ospiti più esigenti, con servizi curati in ogni minimo dettaglio e adatti per ogni singola esigenza.;;3;2024-10-23 23:10:34;2024-10-23 23:10:46;NULL
547;NULL;HOTEL 2 STELLE TIPO EASY O SIM. ** LISBOA;NULL;Struttura situata a Lisbona, in buona posizione, nei pressi della Piazza Marques de Pombal a qualche km da Placa Do Comercio. Dispone di camere con servizi privati, tv. Fermata metro: Marques de Pombal ( a 2 minuti a piedi ). TASSA DI SOGGIORNO ESCLUSA DA PAGARSI IN LOCO;;2;2024-10-24 08:27:28;2024-10-24 08:27:28;NULL
548;NULL;HOTEL AL PIAVE ***;NULL;"Hotel, situato in posizione centrale, nei pressi della stazione dei vaporetti San Zaccaria e a soli 5 minuti a piedi da Piazza San Marco,
l'accogliente Hotel Al Piave propone una struttura a conduzione familiare. Dispone di camere confortevoli e ben arredate, luminose,
dotate di tutti i comfort e bagno privato; alcune delle camere sono suite fino ad un massimo di 5 posti letto. Hall e sala colazioni";;3;2024-10-25 14:14:40;2024-10-25 14:14:40;NULL
549;NULL;HOTEL GOLF ***S;NULL;Situato a soli 10 minuti a piedi dalla Stazione di Santa Maria Novella, l'elegante Hotel Golf combina opere d'arte originali e interni in marmo con servizi moderni come la connessione Wi-Fi gratuita. L'hotel ospita un comodo parcheggio gratuito dove lasciare l'auto per esplorare Firenze a piedi: il centro conferenze Fortezza da Basso, ad esempio, può essere raggiunto in soli 5 minuti di passeggiata. La struttura è ben servita dai mezzi pubblici, con una fermata degli autobus ad appena 100 metri di distanza. Tutte le sistemazioni del Golf Hotel sono arredate con gusto.;;3;2024-10-26 09:52:04;2024-10-26 09:52:04;NULL
550;NULL;HOTEL BRUGHEL;Parvis Saint Maurice 5 59800 LILLE;"Nel cuore di Lille , a pochi passi dalla Grand'Place e dalla stazione ferroviaria , spicca un edificio dalla facciata neofiamminga, l'Hôtel Brueghel .

Questo indirizzo elegante è un luogo imperdibile per chiunque desideri trascorrere piacevoli soggiorni a Lille: in coppia, in famiglia, con gli amici o da solo per lavoro.

Verrete accolti da uno staff attento e cordiale, che si prenderà cura di voi con la massima attenzione.

Prenota la tua sosta nel nostro hotel a Lille , nel cuore del centro città!";;3;2024-10-26 15:16:10;2024-10-26 15:16:10;NULL
551;NULL;Hotel Ibis Davout Nation;110 Rue Des Orteaux, Parigi, 75020;"Situato nel 20° arrondissement di Parigi, a 200 metri dalla stazione della metropolitana di Porte de Montreuil e a 5 minuti di metropolitana da Place de Nation, questo hotel offre camere dotate di bagno interno e connessione WiFi gratuita. Place de Nation è raggiungibile in 5 minuti con la metropolitana.
Le camere dell'Ibis Paris Nation Davout Nation sono arredate in modo semplice e dotate di TV a schermo piatto con canali satellitari. Tutte le camere sono climatizzate e servite da ascensore.
Al mattino vi attende una colazione continentale a buffet, servita nella zona ristorazione dell’hotel Comfort. Nella hall troverete anche distributori automatici di snack e bevande.
La reception dell'Ibis Paris Nation Davout Nation è aperta 24 ore su 24 e offre un servizio di prenotazione biglietti. L'hotel fornisce anche un deposito bagagli e quotidiani gratuiti.";;3;2024-10-28 17:55:55;2024-10-28 17:55:55;NULL
552;NULL;HOTEL AUGUSTUS;NULL;Hotel adiacente alle piste e seggiovia. Dispone di 32 camere con servizi privati per un totale di 120 posti letti, di una sala per incontri e animazione e sala TV. L’intero complesso è dotato di copertura Wi-Fi;;2;2024-10-29 07:10:17;2024-10-29 08:30:16;NULL
553;NULL;HOTEL VALBELLA;NULL;Situato nel centro di Gallio, l'Albergo Valbella offre un ristorante, sistemazioni in stile montano con pavimenti in parquet e servizi gratuiti come un deposito scI.;;3;2024-10-29 08:05:46;2024-10-29 08:05:46;NULL
554;NULL;Hotel Kyriad Orange;86, avenue de l'Arc de Triomphe, 84100 Orange, Francia;"Dotato della connessione WiFi gratuita e ospitato in un edificio del 17° secolo, il Kyriad Orange Centre sorge nel cuore di Orange, a 600 metri dal Teatro romano, a 300 metri dall'arco romano e di fronte a un parcheggio pubblico e a uno con capacità di 10 posti auto.
Tutte le camere sono servite da ascensore e presentano l'insonorizzazione, l'aria condizionata, la TV satellitare e un bagno privato.
Il ristorante in loco propone la colazione al mattino e piatti di cucina tradizionale regionale, da gustare nella zona ristorazione o sulla terrazza nelle giornate di bel tempo.
Il Kyriad Orange Centre dista 1,2 km dalla stazione ferroviaria di Orange, 25 minuti in auto da Avignone e 40 minuti di guida da Nîmes.";;3;2024-10-29 13:50:23;2024-10-29 13:50:23;NULL
555;NULL;Urban Style Arl Hotel;2, Rue Charlie Chaplin, 13200 Arles, Francia;"Situato ad Arles, a 1,5 km dall'Anfiteatro, l'Arl HOTEL offre un ristorante, un parcheggio privato gratuito, un bar e un giardino. Questo hotel  propone una terrazza e alloggi climatizzati con connessione WiFi gratuita e bagno privato. Sono disponibili camere familiari.
Tutte le sistemazioni sono dotate di TV a schermo piatto e asciugacapelli.
L'Arl HOTEL serve una colazione a buffet.";;3;2024-10-29 17:28:46;2024-10-29 17:28:46;NULL
556;NULL;B&B Toulouse Universitè;44 rue Jacques Babinet, 31100 Tolosa, Francia;Situato a sud-ovest di Tolosa, a solo 5 minuti a piedi dall'Università di Tolosa II e a 6 km dallo stadio della città, l'B&B HOTEL Toulouse Université offre una reception operativa 24 ore su 24 e un ristorante con terrazza all'aperto. Le camere, tutte per non fumatori, godono della connessione WiFi gratuita e dispongono di aria condizionata, TV, radio, telefono e bagno privato completo di vasca e doccia. L'B&B HOTEL Toulouse Université ospita inoltre un ristorante di cucina francese tradizionale e un bar, ideale per sorseggiare un drink. Provvista di un parcheggio privato gratuito in loco, la struttura dista 4,8 km dal golf club La Ramée e consente di raggiungere in 10 minuti di metropolitana il centro, l'Aeroporto di Tolosa e il casinò Barrière.;;3;2024-10-30 08:05:29;2024-10-30 08:05:29;NULL
557;NULL;BOSCONE SUITE HOTEL;NULL;Boscone Suite Hotel,  hotel 4 stelle a due passi dagli impianti di risalita della Ski area della Valchiavenna, a Madesimo.;;4;2024-10-30 10:51:18;2024-10-30 10:51:18;NULL
558;NULL;hostal barcelona;nei pressi di zona Catalonya;formula roulette nei pressi del centro di barcellona, riconfermabile all'atto della conferma del viaggio.;;0;2024-10-30 11:10:15;2024-10-30 11:10:15;NULL
559;NULL;Hôtel Reseda Paris Porte de Bagnolet;2 Av. du Général de Gaulle, 93170 Bagnolet, Francia;"L'Hotel Reseda sorge a 160 metri da un centro commerciale e dalla stazione della metropolitana Gallieni, che offre l'accesso diretto al centro di Parigi.
Le camere presentano un bagno interno, un telefono, una TV e una zona giorno. L'Hotel Reseda dista soltanto 20 minuti in auto dall'Aeroporto di Parigi-Charles de Gaulle, direttamente collegato alla struttura tramite l'autobus numero 351. Il personale cordiale parla inglese, spagnolo, tedesco e italiano.
Al mattino vi attende una colazione a consumazione libera. A vostra disposizione inoltre un bar, ideale per rilassarsi sorseggiando un drink.";;3;2024-10-30 12:06:15;2024-10-30 12:06:15;NULL
560;NULL;Ambasciatori hotel Senigallia 3***;Lungomare Leonardo da Vinci, 92, 60019 Senigallia AN;"Servizi
L'Hotel a gestione familiare dispone di 38 camere, tutte dotate di Aria Condizionata, TV Color, Telefono, Cassaforte. La terrazza ed il giardino formano un ambiente accogliente e spazioso. Gli ambienti comuni (sala da pranzo, reception, bar e sala tv) sono dotati di Aria Condizionata. L'Hotel dispone inoltre di Tavernetta e di biciclette a disposizione gratuita dei clienti. Spiaggia Privata riservata all'Hotel con giochi per bambini e campo da bocce. Parcheggio Privato Gratuito. Un'attenzione particolare merita la cucina, che grazie alle cure ed attenzione della Chef Martinese, proponiamo un menu sempre diverso ed apprezzato da tutti i clienti, dai più piccoli hai più grandi, a base di specialità tradizionali marchigiane e nazionali. L'Hotel, per tutta la stagione estiva, rimane aperto 24 ore su 24.";;3;2024-10-30 12:52:20;2024-10-30 12:52:20;NULL
561;NULL;HOTEL MIRAMONTI;NULL;Si propone il soggiorno presso l’Hotel Miramonti, 3 stelle  a Claviere, adiacente a piste, impianti e centro paese. Di gestione famigliare, si caratterizza per la cura e serenità degli ambienti. Storicamente organizzato per l’accoglienza dei gruppi anche giovanili. La signora Fulvia, maestra di sci e titolare dell’albergo, sa consigliare al meglio i propri ospiti rispetto alle possibilità sciistiche e non solo!;;3;2024-10-30 12:59:37;2024-10-30 12:59:37;NULL
562;NULL;Residenza Studentesca Donegal;NULL;La residenza studentesca offre un trattamento di pensione completa comprendente colazione, pranzo e cena. Durante le escursioni è previsto il packed lunch. Le camere degli studenti sono in condivisione con bagno privato.;;0;2024-10-30 13:04:15;2024-10-30 13:04:15;NULL
563;NULL;hotel Atlantic Mazzano di senigallia;Lungomare Italia, 8, 60019 Senigallia AN;"L’Hotel Atlantic, direttamente affacciato sul mare e gestito con passione dai proprietari, offre un’esperienza di relax che solo un ambiente familiare può garantire.

Da oltre 30 anni, la nostra famiglia accoglie gli ospiti con calore e competenza, mantenendo un rapporto diretto che fa sentire ogni cliente come a casa.

La cortesia e la professionalità ci guidano nel soddisfare ogni vostra necessità, per creare una vacanza perfetta e su misura per voi.";;3;2024-10-30 13:13:26;2024-10-30 13:13:26;NULL
564;NULL;Dorian Inn Hotel 4***;NULL;"Il Dorian Inn Hotel è situato in posizione centrale ad Atene, Grecia, vicino a piazza Omonia. La stazione della metropolitana di Atene dista solo 210 metri dall'ingresso dell'hotel, rendendo sia il porto del Pireo che l'aeroporto internazionale di Atene facilmente accessibili con i mezzi pubblici. La maggior parte dei siti di interesse sono raggiungibili a piedi e c'è un parcheggio all'aperto (a pagamento) proprio di fronte all'hotel. Si prega di fare riferimento alla mappa sottostante per vedere le distanze e i tempi di percorrenza.
l'hotel è un orgoglioso membro della rete di hotel ""Greek Breakfast"", certificata dalla Camera di Commercio Ellenica.";;4;2024-10-30 15:37:04;2024-10-30 15:37:04;NULL
565;NULL;HOTEL SANTA GIULIA & RESIDENCE ***;NULL;"Ottima struttura ubicata in centro a Torino a soli 600 metri dalla Mole Antonelliana, dispone di 36 tra camere e appartamenti moderni
con TV, aria condizionata, doccia o vasca, phon e balcone.
Gli appartamenti sono dotati di camere da letto open space o separate, con un angolo cottura nella zona giorno. Includono lenzuola,
asciugamani, e articoli da toeletta.
Strutturato su 4 piani, dispone di ascensore, sala colazione, ristorante, bar e wifi.";;3;2024-10-30 18:44:09;2024-10-30 18:44:09;NULL
566;NULL;Residenza studentesca a Siviglia;NULL;La residenza studentesca offre un trattamento di  pensione completa con colazione, pranzo e cena. Tutte le camere sono doppie o trippe con bagno privato, una zona comune a disposizione oltre a sale comuni, piscina, palestra e luoghi per rilassarsi.;;0;2024-10-30 21:32:28;2024-10-30 21:32:28;NULL
567;NULL;Hotel ST. JAMES 3***  firenze;Via Ventisette Aprile, 18, 50129 Firenze FI;"L'Hotel St. Jamesè un hotel 2 stelle di stile e situato in posizione centrale, proprio accanto al cuore della città e vicino ai principali capolavori artistici di Firenze.
Pratico da raggiungere in quanto a pochi passi dalla stazione di Santa Maria Novella e ad appena sette/otto chilometri dall’aeroporto A. Vespucci. Il Duomo, con la zona pedonale, il Museo degli Uffizi, Palazzo Vecchio e Ponte Vecchio sono tutti raggiungibili a piedi in meno di 10 minuti.
Il WiFi è disponibile gratuitamente in ogni camera e nelle zone comuni.";;2;2024-10-30 21:48:51;2024-10-30 21:48:51;NULL
568;NULL;Residenza studentesca a Valencia;NULL;La residenza studentesca offre un trattamento di pensione completa con colazione, pranzo e cena. Tutte le camere sono doppie o trippe con bagno privato, una zona comune a disposizione oltre a sale comuni, piscina, palestra e luoghi per rilassarsi.;;0;2024-10-30 21:58:28;2024-10-30 21:58:28;NULL
569;NULL;Firenze Ostello - zone Centrale o similare;NULL;NULL;;0;2024-10-31 11:46:56;2024-10-31 11:46:56;NULL
570;NULL;A&O HOSTEL BERLIN HAUPTBAHNHOF;NULL;Situato a soli 10 minuti a piedi dalla stazione centrale di Berlino, la S-Bahn permette di raggiungere Alexanderplatz in 5 minuti. L'Ostello dispone di camere moderne, una reception aperta 24 ore, una colazione a buffet ogni giorno, un parcheggio, una sala per i giochi con tavolo da biliardo e calcio balilla, un negozio di souvenir, un servizio di noleggio biciclette, un deposito bagagli gratuito e una hall e bar completa di TV satellitare con diversi canali sportivi. I dormitori, fino a 8 letti a castello, sono dotati di pavimenti in laminato, armadietti, bagni privati con doccia. WiFi gratuito. Attrezzato per disabili.;;0;2024-10-31 13:53:04;2024-10-31 13:53:04;NULL
571;NULL;Comfort Hotel Paris Porte d'Ivry;1-11 Rue Rene Villars, 94200 Ivry-sur-Seine, Francia;"Il Comfort Hotel Paris Porte d'Ivry si trova appena a sud di Parigi. Offre camere climatizzate con vasca o doccia private, TV con canali satellitari Canal e WiFi gratuito.
Presso il bar potrete rilassarvi sorseggiando un drink. Ogni giorno viene servita la colazione a buffet e dal lunedì al venerdì è disponibile un menù di pasti leggeri per pranzo e cena. Con una reception aperta 24 ore su 24, questo hotel offre anche sale riunioni e un centro business.
Il Comfort Hotel Paris Porte d'Ivry si trova a soli 5 minuti a piedi dalla metropolitana, che fornisce un accesso diretto al centro di Parigi. L'aeroporto di Orly dista 20 km da questo hotel.";;3;2024-10-31 20:53:20;2024-10-31 20:53:20;NULL
572;NULL;MEININGER HOSTEL GENEVE CENTRE CHARMILLES;118 Rue de Lyon, Saint-Jean and Charmilles, 1203 Ginevra, Svizzera;"Situato a Ginevra, a circa 1,8 km dalla Gare de Cornavin, il MEININGER Hotel Genève Centre Charmilles offre un salone in comune, camere non fumatori, la connessione WiFi gratuita in tutte le aree e un bar. La struttura dista 2,8 km dalle Nazioni Unite, 3,2 km dal Jet d'Eau e 3,8 km dal PalExpo. In loco troverete un parcheggio privato.
Le camere sono dotate di scrivania, TV a schermo piatto, bagno privato, lenzuola e asciugamani.
Il MEININGER Hotel Genève Centre Charmilles serve una colazione a buffet o continentale. Durante il vostro soggiorno potrete giocare a ping pong in loco.
Il personale della reception parla tedesco, inglese, spagnolo e francese e sarà lieto di fornirvi assistenza in qualsiasi momento.";;0;2024-10-31 21:33:48;2024-10-31 21:33:48;NULL
573;NULL;HOTEL DEI GONZAGA;NULL;"Situato proprio sulla meravigliosa Piazza Sordello, ad appena pochi passi dal Palazzo Ducale e dal Duomo di Mantova, questo hotel
offre camere arredate in stile classico, dotate di aria condizionata, bagno interno, TV a schermo piatto, connessione WiFi gratuita.
L'hotel si trova inoltre a soli 200 metri dalla Basilica di Sant'Andrea e dal Castello di San Giorgio.";;3;2024-11-01 11:33:38;2024-11-01 11:33:38;NULL
574;NULL;HOTEL HARMONY SUITE ****;NULL;"Ubicato nel cuore di Selvino, nella Valle Seriana, l'Hotel offre sistemazioni con TV a schermo piatto e canali SKY, balcone e, in alcuni
casi, vista sulle Alpi Orobie. L'hotel si trova sull'altopiano di Selvino-Aviatico, a 19 km dal centro di Bergamo e a 20 km dall'aeroporto
di Orio al Serio. Parcheggio bus disponibile in loco.";;4;2024-11-01 18:32:56;2024-11-01 18:32:56;NULL
575;NULL;Hotel roulette 3 *** Siviglia;posizione semicentrale;hotel di pari categoria a pochi passi dal centro;;0;2024-11-02 14:17:10;2024-11-02 14:17:10;NULL
576;NULL;hotel roulette 3*** Torremolinos;a pochi passi dal centro;Strutture alberghiere di pari categoria a pochi passi dal centro;;0;2024-11-02 14:19:20;2024-11-02 14:19:20;NULL
577;NULL;HOTEL GRISELDA;Corso XXVII aprile, 13 12037 Saluzzo (CN);"Benvenuti all'hotel Griselda, dove il comfort e la soddisfazione dei nostri ospiti sono la nostra priorità assoluta. Ogni camera è pensata per offrirvi un'esperienza indimenticabile durante il vostro soggiorno.

Le porte del nostro albergo si aprono per accogliere storie da ricordare.

Nelle nostre accoglienti camere, troverete tutto ciò di cui avete bisogno per rilassarvi e godervi il vostro tempo con noi. L'aria condizionata garantisce un ambiente fresco e piacevole anche durante le giornate più calde, mentre la TV vi terrà compagnia con una vasta selezione di canali.

La connessione Wi-Fi veloce e gratuita vi permetterà di rimanere connessi con il mondo e con i vostri cari, senza interruzioni. I nostri servizi privati, tutti dotati di doccia (e alcuni con vasca da bagno), garantiscono la vostra privacy e il vostro benessere.

Per un'esperienza ancora più esclusiva, vi invitiamo a scoprire le nostre Camere Superior, che vantano il comodo Frigo-Bar per mantenere le vostre bevande fresche e a portata di mano.

Alloggiate presso l'hotel Griselda e immergetevi in un ambiente accogliente e moderno, dove ogni dettaglio è pensato per rendere il vostro soggiorno memorabile. Vi aspettiamo con il nostro caldo sorriso e una straordinaria ospitalità.";;3;2024-11-03 01:19:45;2024-11-03 01:19:45;NULL
578;NULL;HOTEL **** ZONA CENTRALE - METRO MUZEUM A 200 M o similare;NULL;NULL;;4;2024-11-04 18:20:41;2024-11-04 18:20:41;NULL
579;NULL;Congress & Wellness Hotel Olsanka;Táboritská 1000/23, 130 00 Praha 3-Žižkov, Cechia;"Vicino al centro - Praga 3. Situato nel quartiere di Zizkov, fermata tram davanti all'hotel, permette di raggiungere il centro storico di Praga in 10 minuti.
Struttura su 9 piani con ascensore, bar , ristorante e ampia hall. Dispone di 256 camere tutte con servizi privati, box doccia, telefono, phon, TV, wi-fi e cassaforte. Ristorante interno con cena a buffet.";;4;2024-11-05 13:07:05;2024-11-05 13:07:05;NULL
580;NULL;Famiglia ospitante a Berlino;NULL;L'opzione di vivere con una famiglia di lingua tedesca è sempre la soluzione migliore perché potrai immergerti appieno nella lingua e nella cultura tedesca. Le famiglie con le quali lavoriamo accolgono i nostri studenti come fossero della famiglia stessa. Tutte le famiglie forniscono le lenzuola ed asciugamani, ma, per questi ultimi, ti consigliamo di portane un paio da casa. La tua famiglia ospitante si occuperà di prepararti i pasti (colazione, pranzo - packed lunch - cena) e ti fornirà una camera che potrai condividere con altro studente della tua scuola. Inoltre potrai usufruire degli spazi comuni, in questo modo avrai l’opportunità di condividere la vita di tutti i giorni con la famiglia, fare colazione e cenare insieme come da abitudini tedesche e condividere momenti di convivialità. La famiglia ospitante può ospitare anche altri studenti stranieri.;;0;2024-11-06 16:33:14;2024-11-06 16:33:14;NULL
581;NULL;Valencia Hotel *** formula roulette - zona Centrale (Ciudad de las Artes y las Ciencias) o similare;NULL;NULL;;3;2024-11-07 11:10:05;2024-11-07 11:10:05;NULL
582;NULL;Hotel Sonata;Sokolská 1576/68, Praga, 110 00, Repubblica Ceca;"Situato a soli 300 metri da Piazza Venceslao e dal Museo Nazionale di Praga e dista 3 minuti a piedi dalla stazione della metropolitana Muzeum. La struttura, interamente climatizzata, dispone di 55 camere su 5 piani raggiungibili con ascensore, 1 camera per diversamente abili e ristorante.
Le camere con servizi privati e asciugacapelli, TV, frigobar vuoto, aria condizionata, cassaforte, Wi-Fi gratuito in tutto l'edificio";;4;2024-11-07 12:51:23;2024-11-07 12:51:23;NULL
583;NULL;HOTEL LUNA BIANCA;NULL;HOTEL LUNA BIANCA 3 STELLE IN FOLGARIA CENTRO, ALPE CIMBRA TRENTINO.;;3;2024-11-07 14:40:31;2024-11-07 14:40:31;NULL
584;NULL;HOTEL ANDREUCCI;NULL;Struttura a tre stelle a  TAGLAIATA di  CERVIA  in zona tranquilla in seconda linea sul mare a 100 m dalla pineta;;3;2024-11-08 12:57:00;2024-11-08 12:57:00;NULL
585;NULL;HOTEL MEDITUR VILLAGE ****;NULL;"Situato a Torre Santa Sabina, a 2,6 km dalla Riserva naturale statale Torre Guaceto. Dista 1,5 km da Torre Guaceto e 17 km
dall'Aeroporto di Brindisi - Salento, lo scalo più vicino. Le 163 camere, disposte tutte al piano terra, sono dotate di aria condizionata, TV, frigobar, box doccia e set di cortesia nei bagni, asciugacapelli e Wi-Fi. Una di queste è attrezzata per disabili. L'albergo offre bar, ristorante, sala colazioni, una sala convegni, giardino, piscina e parcheggio bus interno";;4;2024-11-08 21:53:33;2024-11-08 21:53:33;NULL
586;NULL;Bastardo Hostel;3 Calle de San Mateo, Madrid centro, 28004 Madrid, Spagna;Situato in una posizione ideale nel cuore di Madrid, nel quartiere Tribunal, nelle vicinanze di tutte le principali attrazioni turistiche, il Bastardo Hostel offre eleganti sistemazioni private e dormitori con WiFi gratuito.  Le camere private includono invece bagno privato, lenzuola, asciugamani e set di cortesia. Il Bastardo Hostel comprende una terrazza in comune con vista sulla città, perfetta per trascorrere momenti di relax e per socializzare con altri ospiti.;;0;2024-11-09 07:31:18;2024-11-09 07:31:18;NULL
587;NULL;HOTEL IBIS OLD TOWN ***;Na Porici 5, Praga, 110 00, Repubblica Ceca;"Situato nel cuore di Praga, a 100 metri dalla Città Vecchia, l'Ibis Praha Old Town si trova a pochi passi da Na Porici, la principale via dello shopping.

Tutte le camere dell'Ibis Praha sono dotate di aria condizionata, doccia e servizi igienici, e in alcuni casi presentano una TV a schermo piatto. La struttura è interamente accessibile agli ospiti su sedia a rotelle, e propone camere fornite di bagno con accesso disabili disponibili su specifica richiesta.

Come ospiti della struttura non fumatori Ibis Praha al momento dell'arrivo potrete prenotare una ricca prima colazione a buffet, e al di fuori degli orari di apertura del ristorante avrete la possibilità di gustare spuntini e bevande presso il Rendezvous Bar dell'hotel.

Ubicato a 500 metri da Piazza della Città Vecchia, da Piazza Venceslao e dal quartiere ebraico, l'Ibis Praha Old Town dista 1 km dal Ponte Carlo, 1,5 km dal Castello di Praga, 100 metri da Namesti Republiky, lo snodo dei mezzi pubblici più vicino, e 800 metri dal Teatro dell'Opera di Stato.";;3;2024-11-10 17:26:33;2024-11-10 17:26:33;NULL
588;NULL;HOTEL ASTORIA ***;NULL;l'hotel caratteristico 3* situato in una delle vie più suggestive del centro storico di Cremona, tra negozi, bar e locande. Dispone di 26 camere di cui 7 camere triple e quadruple, 3 camere singole e 16 camere doppie/matrimoniali/uso singole. L'Hotel non è attrezzato per i disabili. In questo albergo il check-in è previsto a partire dalle ore 15:00 fino alle ore 22:30 e non oltre. Il check-out dalle ore 7:00 alle ore 10:00. I pullman turistici possono sostare per lo scarico bagagli e la discesa passeggeri a circa 150 metri e poi possono parcheggiare in un'area gratuita situata a 600 metri. E necessario un permesso per l'accesso del Bus al centro cittadino, che l'hotel a farvi avere qualche giorno prima dell'arrivo, al costo complessivo di € 6,00. INFORMIAMO CHE L'HOTEL RESTERA' CHIUSO DALLE ORE 00:00 ALLE ORE 06:00. GLI OSPITI POTRANNO ACCEDERE ALL'HOTEL TRAMITE UN BADGE CHE VERRA' RILASCIATO AL MOMENTO DEL CHECK-IN;;3;2024-11-10 21:57:04;2024-11-10 21:57:04;NULL
589;NULL;BAIA DEGLI DEI - Giardini Naxos-;Contrada Recanati, snc, 98035 Giardini-Naxos ME;Albergo a tre stelle ideale per regalarsi un soggiorno rilassante – situato direttamente sul mare nella splendida Baia di Recanati – Giardini Naxos a pochi chilometri da Taormina perla dello Jonio. La meravigliosa posizione della Baia degli dei, consente alla ns. clientela di evadere dallo stress quotidiano e di farsi cullare da personale sempre disponibile e cortese. Dall’albergo si possono ammirare il Monte Etna (il vulcano più alto d’Europa), e il mar Mediterraneo con le sue albe e orizzonti cristalline.;;3;2024-11-12 07:54:44;2024-11-12 07:54:44;NULL
590;NULL;Hotel Grand Europa o similare;NULL;"Ottima struttura in pieno centro a Napoli in zona stazione FS. Dispone di bar, sala colazioni, ristorante interno, aria condizionata,
ascensore e ampia hall.
Le 84 camere (2 strutturate per l'accoglienza di persone disabili, sono con due letti ognuna) divise su 3 piani dispongono di phon, aria
condizionata, TV, wifi e cassaforte. Non ci sono letti a castello. Metà delle camere hanno il balcone.
Alcune quadruple sono composte da letto matrimoniale e 2 letti singoli. Le camere sono fino a 4 posti letto eccetto 4 che possono
essere anche quintuple.
L'hotel dispone di un'area di sosta riservata ai bus, dinanzi all'ingresso, per il carico e scarico bagagli. La sosta prolungata, non
sorvegliata, è consentita previa disponibilità. Il bus può comunque parcheggiare negli appositi parcheggi a pagamento a breve
distanza dalla struttura.";;3;2024-11-12 15:20:46;2024-11-12 15:20:46;NULL
591;NULL;Hotel Baitan 4**** Marsala;Contrada Spagnola 337/D bis, 91025 Marsala, Italia;"Situato a Marsala, il Baitan Hotel è ubicato a o A 23 km dal porto di Trapani e a 39 km dalla baia di Cornino, a 44 km da Segesta.
CAMERE
L’hotel offre agli ospiti camere climatizzate con scrivania, bollitore, minibar, cassaforte, TV a schermo piatto e bagno privato con bidet. Le camere sono dotate di armadio.
SERVIZI
La struttura offre una terrazza e un bar, reception aperta 24 ore su 24, trasferimenti aeroportuali, biciclette gratuite, un parcheggio privato gratuito, un giardino e un salone in comune.";;4;2024-11-12 20:19:36;2024-11-12 20:19:36;NULL
592;NULL;Ibis Muenchen Parkstadt Schwabing;Lyonel-Feininger-Straße 20, 80807 München, Germania;Situato nel quartiere Schwabing di Monaco, a 4 km dal centro di Monaco, a 800 metri dalla stazione della metropolitana Alte Heide. I treni sotterranei conducono al centro di Monaco in 15 minuti. In soli 8 minuti in auto potrete raggiungere l'Olympiapark. Struttura dispone di 147 camere su 11 piani con ascensore. Camere con aria condizionata, phon, Wi-Fi gratis. Parcheggio Bus nelle vie attorno la struttura. Dispone di 1 camera per diversamente abili.;;2;2024-11-13 12:29:46;2024-11-13 12:30:38;NULL
593;NULL;Hotel Taurus;Vinohradská 105, 130 00 Praha 3-Vinohrady, Cechia;situato a Praga 3, nel quartiere Vinohrady di Praga, a 1 km da Piazza Venceslao e a 100 m dalla fermata della metropolitana Jiriho z Podebrad. La struttura dispone di 86 camere su 5 piani raggiungibile con ascensore. Dispone di ristorante. Tutte le camere dispongono di TV, bagni privati con asciugacapelli, cassaforte, wifi gratuito in tutto l'edificio. Hall luminosa con divanetti e sedie.  Sala colazione sotterranea grande, divisa in varie stanze. Raggiungibile dal centro con metro e tram, ben collegato.;;4;2024-11-13 13:13:12;2024-11-13 13:13:12;NULL
594;NULL;Hotel Catalonia Sagrada Familia;Aragó 577-579, Sant Martí, 08026 Barcellona, Spagna;"Il Catalonia Sagrada Familia dista 15 minuti a piedi dalla Sagrada Familia di Gaudí e appena 300 metri dalla stazione ferroviaria e della metropolitana Clot. Vanta un ristorante, una piscina all'aperto stagionale e una palestra.
Al Catalonia Sagrada Familia troverete luminosi arredi tradizionali e camere dotate di scrivania, cassaforte e mini frigorifero con acqua in omaggio. L’albergo propone la connessione WiFi gratuita.
Tutte le camere dell’hotel dispongono di smart TV con app Chromecast.
Il ristorante serve una colazione a buffet e un’ampia scelta di piatti della cucina catalana e mediterranea. Il bar-caffetteria vi attende con una selezione di bevande e snack durante tutto il giorno, e in loco usufruirete di un bar.
La stazione della metropolitana Clot vi consentirà di raggiungere il centro della città in 4 fermate, e ospita la fermata del treno per l'aeroporto.";;3;2024-11-13 17:00:19;2024-11-13 17:11:39;NULL
595;NULL;Hotel Sempione;Via Finocchiaro Aprile 11 -  20124 Milano;"L'Hotel Sempione è un edificio d'epoca completamente ristrutturato ed ampliato recentemente.

Gli spazi comuni sono molto piacevoli e curati nei dettagli. L'ambiente è moderno e lo stile è sobrio e minimalista, perfettamente consono alla cosmopolita e vivace Milano.

Per rendere il vostro soggiorno più piacevole mettiamo a vostra disposizione dei servizi di alta qualità. Il nostro bar è sempre a vostra disposizione per poter degustare un caffè o sorseggiare un aperitivo. Il nostro servizio di colazione è con ampio buffet, croissant artigianali alla confettura, alla crema, al cioccolato, diversi tipi di pane, yogurt, frutta di stagione, uova, salumi e tanto altro.";;3;2024-11-13 18:15:05;2024-11-13 18:15:05;NULL
596;NULL;Hotel Kyriad Montellier Sud;25 Rue du Puech Radier, 34970 Lattes, Francia;Questo hotel dal design contemporaneo si trova sull'autostrada A709, uscita 31 Croix D'argent a Lattes, a meno di 15 minuti di auto dal centro di Montpellier. Tutte le camere del Kyriad Montpellier Sud A709 sono insonorizzate e dotate di aria condizionata, arredi moderni e TV via cavo a schermo piatto. La reception del Kyriad Montpelier Sud A709 è aperta 24 ore su 24. La struttura dista meno di 20 minuti in auto da Place de la Comédie.;;3;2024-11-13 21:16:36;2024-11-13 21:16:36;NULL
597;NULL;Hotel Peninsular;Carrer de Sant Pau, 34, Ciutat Vella, 08001 Barcelona, Spagna;Hotel conosciuto sul mercato in quanto presente da anni. I due proprietari, marito e moglie, gestiscono direttamente questo hotel a gestione familiare che appartiene alla famiglia da generazioni. Va da sé che la gestione è attenta e curata.L’Hotel è da noi molto apprezzato in quanto forse nella miglior posizione possibile per un viaggio a Barcellona,ubicato solo a un minuto a piedi dalle Ramblas e a 200 metri dalla fermata della metropolitana Liceu. Zona tranquilla, ma adiacente alla zona più bella per passeggiare nella città. L'hotel dista 250 metri dal famoso mercato della Boqueria, 500 metri dalla Cattedrale di Barcellona e 10 minuti a piedi da Plaça Catalunya. È un hotel in stile, che conserva il fascino elegante di un tempo nei dettagli, soprattutto nello splendido patio interno adornato di piante e nella bella sala colazioni. Le camere sono semplici ma molto ben tenute, tutte con servizi interni e massimo 5 letti, solitamente tutti bassi, no castello.;;1;2024-11-13 21:19:47;2024-11-13 21:19:47;NULL
598;NULL;Hotel Ibis Nimes Ouest;Parc Hotelier, 268 Rue de l'Hostellerie, 30900 Nîmes, Francia;Situato proprio accanto all'uscita 25 dell'autostrada A9, l'ibis Nîmes Ouest si trova a 4 km dal centro di Nimes e a 12 km dall'aeroporto di Nimes. Le camere dell'ibis Nîmes Ouest sono climatizzate e dotate di TV a schermo piatto, radio e scrivania. Il bagno privato è dotato di doccia o vasca e tutte le camere sono accessibili tramite ascensore.;;3;2024-11-13 21:23:06;2024-11-13 21:23:06;NULL
599;NULL;Famiglia selezionata spagnola;NULL;L'opzione di vivere con una famiglia spagnola è sempre la soluzione migliore perché potrai immergerti appieno nella lingua e nella cultura della Spagna. Le famiglie con le quali lavoriamo accolgono i nostri studenti come fossero della famiglia stessa. Tutte le famiglie forniscono le lenzuola ed asciugamani, ma, per questi ultimi, ti consigliamo di portane un paio da casa. La tua famiglia ospitante si occuperà di prepararti i pasti (colazione, pranzo - packed lunch - cena) e ti fornirà una camera che potrai condividere con altro studente della tua scuola. Inoltre potrai usufruire degli spazi comuni, in questo modo avrai l’opportunità di condividere la vita di tutti i giorni con la famiglia, fare colazione e cenare insieme come da abitudini spagnole e condividere momenti di convivialità. La famiglia ospitante può ospitare anche altri studenti stranieri.;;0;2024-11-14 09:24:10;2024-11-14 09:24:10;NULL
600;NULL;Nuovo Rebecchino Hotel 3*** Napoli;Corso Giuseppe Garibaldi, 356, 80142 Napoli NA;"Hotel nei pressi di Spaccanapoli
Hotel Nuovo Rebecchino si trova non lontano da Napoli Sotterranea e Museo Cappella Sansevero, e offre servizi come la colazione a buffet gratuita, un autonoleggio sul posto e un bar. Il Wi-Fi gratuito in camera e un business center sono a disposizione degli ospiti. Tutte le 58 camere dispongono di comodità come casseforti adatte a contenere un computer portatile e la climatizzazione, insieme a pratiche dotazioni come il Wi-Fi gratis e camere insonorizzate.
I servizi aggiuntivi delle camere includono: Bagni con docce e bidet - TV LED da 22 pollici con canali satellitari";;3;2024-11-14 11:13:40;2024-11-14 11:13:40;NULL
601;NULL;Istitutoo Mari Santissima Assunta;Via Casilina 235 - 00176 Roma;"Situato nel quartiere Pigneto, a circa 1,5 Km da Porta Maggiore, dalla Basilica di Santa Croce in Gerusalemme, a circa 2 km dalla
Basilica di San Giovanni e dal Colosseo. La fermata metro S. Elena si trova a circa 240 mt";;0;2024-11-14 12:26:52;2024-11-14 12:26:52;NULL
602;NULL;MANTEGNA HOTEL ***;Piazza Don Eugenio Leoni, 25/27, 46100 Mantova MN;"L’Hotel Mantegna Stazione si trova di fronte alla stazione ferroviaria di Mantova, a pochi passi dalle rive del fiume Mincio e dal centro della città.
La maggior parte delle camere si affacciano su un privato e silenzioso cortile interno.";;3;2024-11-14 13:51:25;2024-11-14 13:51:25;NULL
603;NULL;HOTEL SIMPLON BAVENO;Corso Garibaldi, 20 28831 BAVENO VB;"Questo grandioso Hotel Simplon è una struttura a 4 stelle con servizio di cambio valuta e un ascensore, si trova a una distanza di 550 metri dalla Chiesa Parrochiale dei Santi Gervaso e Protaso, una delle mete turistiche religiose di Baveno. L'hotel ha una piscina, nonché un ristorante e un deposito bagagli.

Posizione
L’alloggio ti lascia a soli 8 minuti a piedi dalla Piazza della Chiesa e a 6 km dal Maggiore. Il Simplon dista 1 km dal centro di Baveno e 53 minuti di auto dall'aeroporto di Milano Malpensa. La struttura si trova vicino a questo giardino tropicale, mentre le Isole Borromee è a 10 minuti in macchina. L'hotel Simplon ti permette di godere di attrazioni naturali come l'Isola dei Pescatori, a 2 km. La fermata dell'autobus autobus è a 450 metri.
Camere
Le camere dispongono di numerosi servizi, tra cui un mini frigobar, nonché una TV a schermo piatto con canali satellitari per l'intrattenimento degli ospiti. Tra i servizi nei bagni ci sono una vasca idromassaggio e un bagno alla francese, così come certe comodità, come asciugacapelli e teli da bagno. Vantano una vista bellissima sul lago.";;4;2024-11-14 21:35:46;2024-11-14 21:35:46;NULL
604;NULL;Hotel di Giovi;Via Alessandro Manzoni,99 20811 CESANO MADERNO MB;Siamo nel cuore della Brianza, a circa 10 minuti da Milano e dal polo fieristico di Milano Rho – Pero e ad appena 13 km dall’autodromo di Monza. Il nostro hotel 4 stelle dispone di ampio parcheggio, anche fronte camera, camere rinnovate in stile moderno, ristorante e 2 sale meeting modulabili per riunioni ed eventi fino a 100 persone.;;4;2024-11-14 21:40:46;2024-11-14 21:40:46;NULL
605;NULL;HOTEL MEDITERRANEO;NULL;NULL;;3;2024-11-15 07:00:21;2024-11-15 07:00:21;NULL
606;NULL;Urbany Barcelona Hostel;Avenida Meridiana, 97, Sant Martí, 08026 Barcellona, Spagna;L’Urbany Hostel Barcelona è situato a Barcellona, sulla Avinguda Meridiana, ​e dista 300 metri dalla stazione della metropolitana Clot. Dotato di grandi spazi e di un originale design, questo ostello dispone di ampie aree comuni dove è possibile rilassarsi e conoscere persone provenienti da tutto il mondo. La struttura offre la connessione WiFi gratuita in tutte le aree e dispone di una terrazza all'ultimo piano con vista sulla città e servizio bar. I dormitori e le camere, moderni e climatizzati, sono provvisti di armadietti e di bagno interno. Al mattino vi attende una colazione continentale a buffet. La struttura dista 15 minuti a piedi dalla Sagrada Familia di Gaudí. È possibile raggiungere il centro città in 15 minuti con la metropolitana o l'autobus, mentre la spiaggia si trova a 2 km di distanza.;;0;2024-11-15 07:45:29;2024-11-15 07:45:29;NULL
607;NULL;Oriente Atiram Hotel;Rambla dels Caputxins, 45, Ciutat Vella, 08002 Barcelona, Spagna;L'Atiram Oriente si trova sulla Rambla, tra il Teatro Liceu e il Monumento a Cristoforo Colombo. Situato in un edificio del 19º secolo, questo hotel dispone di ristorante, terrazza e connessione WiFi gratuita. Tutte le camere sono dotate di TV satellitare e bagno interno con asciugacapelli. Presentano inoltre arredi sobri in stile contemporaneo e dispongono di riscaldamento e aria condizionata. Il grazioso ristorante dell'hotel serve piatti a buffet e una colazione continentale. In loco troverete anche una reception aperta 24 ore su 24 e un banco escursioni. L'Atiram Oriente Barcelona ospita inoltre una caffetteria sulla Rambla, vicino a numerosi negozi e ristoranti. Il famoso mercato della Boqueria e il Quartiere Gotico sono raggiungibili in pochi minuti a piedi dall'Hotel Atiram Oriente. Il Port Vell di Barcellona dista meno di 500 metri, mentre la stazione della metropolitana Liceu è raggiungibile in 1 minuto di cammino.;;3;2024-11-15 09:20:29;2024-11-15 09:20:29;NULL
608;NULL;Hotel 3* in zona stazione centrale Napoli (o similare);NULL;Hotel 3* situato nei pressi della stazione Centrale di Napoli. Camere dotate di tutti i confort.;;3;2024-11-18 12:35:19;2024-11-18 12:35:19;NULL
609;NULL;Ibis Budget Madrid Calle 30;C. de Lozano, 3, Puente de Vallecas, 28053 Madrid, Spagna;Situato a Madrid, a 2,8 km dal Museo Reina Sofia, l'Ibis Budget Madrid Calle 30 offre un giardino, un salone in comune e una terrazza. Questo hotel a 1 stella offre una reception aperta 24 ore su 24. La struttura è per non fumatori ed è situata a 2,9 km dalla stazione ferroviaria di Atocha. Ogni camera è dotata di scrivania, TV a schermo piatto, bagno privato, biancheria da letto e asciugamani.Il Retiro dista 3,2 km dalla struttura, mentre la Plaza Mayor si trova a 4,2 km. L'aeroporto di Madrid-Barajas dista 12 km. La struttura è ben collegata con i mezzi pubblici al centro città.;;1;2024-11-19 10:14:48;2024-11-19 10:14:48;NULL
610;NULL;CICCIO FAMILY HOTEL;Via Monte Baldo, 35, 38060 Polsa TN;"Nel cuore del Trentino c’è un Family Hotel super divertente, super bello, gestito da Ciccio. Un coniglio. Sul serio. Ciccio qui è il boss indiscusso: intrattenitore nato, dolce e coccoloso sempre, buongustaio, amante della neve e di tante altre cose bellissime. Ma torniamo all’hotel.
Siamo a Polsa, in Trentino, dove la neve, in inverno, crea paesaggi pazzeschi. Dimenticati della noia, perché qui ogni giorno è un’avventura bianca! Le giornate iniziano con la vista di paesaggi innevati, proseguono con una mega colazione e via nelle piste, nei boschi, nelle aree gioco mega-spaziose.
Ci sono pure la piscina e il centro benessere! Che belle parole, vero? Mentre i bambini esplorano la nostra area giochi, puoi rilassarti nella Ciccio Pool, con una vista mozzafiato sulle montagne. E le attività? Oh, qui ce ne sono per tutti i gusti! Escursioni sulla neve, trekking, sci, serate piene di risate con animazione per tutta la famiglia. Prima di uscire, però, ricordati sempre di fare un salto nella casetta dei conigli a salutare Ciccio e i suoi amichetti.";;0;2024-11-19 12:47:10;2024-11-19 12:47:10;NULL
611;NULL;Hotel André Latin;50-52 Rue Gay-Lussac, 5° arrondissement, 75005 Parigi, Francia;"Ubicato a Parigi, lungo la Rive Gauche della Senna, a 5 minuti a piedi dal Jardin du Luxembourg e dal Pantheon, l'Hotel André Latin vanta camere climatizzate, una reception aperta 24 ore su 24 e la connessione Internet.
Tutte servite da un ascensore, le sistemazioni dell'Hotel André Latin presentano una TV satellitare, un telefono e un bagno privato. Alcune offrono anche un balcone.
Ogni mattina l'Hotel André Latin serve la colazione continentale, che potrete gustare nella sala colazioni o nel vostro alloggio. Avrete anche la possibilità di richiedere una colazione con formula express, comprensiva di una bevanda calda, di un succo d'arancia e di 3 prodotti da forno francesi.
L'Hotel André Latin dista 10 minuti a piedi dal Jardin des Plantes, 700 metri dalla Stazione della Metropolitana Place Monge (linea 7) e 500 metri dalla stazione RER Luxembourg (linea B), che offre collegamenti diretti con gli aeroporti Charles de Gaulle e Orly.";;3;2024-11-19 15:33:01;2024-11-19 15:33:01;NULL
612;NULL;hotel villa Santa Tecla;NULL;"Villa Santa Tecla è una Casa di Accoglienza turistica della diocesi di Assisi, specializzata da oltre trenta anni nell’ospitalità di gruppi organizzati, gruppi in pellegrinaggio sui luoghi francescani, gruppi ed attività giovanili quali gite scolastiche, campi scuola, ritiri e convivenze.
Posta su uno dei caratteristici colli che circondano Assisi (il cui centro è raggiungibile in bus o auto in soli 7 minuti) è circondata da un ampio giardino, un vasto parco comprendente il campo da calcetto e dieci ettari di verdi oliveti, così che la tranquillità, il benessere e la sicurezza degli ospiti siano assicurati durante il soggiorno, in tutte le stagioni dell’anno.
La struttura, moderna e funzionale, recentemente ristrutturata, sorge comunque attorno all’antica, emozionante chiesa romanica risalente all’anno 1040 circa, che oggi è il ‘Convitto’, una delle due ampie sale da pranzo di cui è dotata la struttura, che mette anche a disposizione degli ospiti una sala conferenze attrezzata da 120 posti, e due sale per attività e riunioni dei gruppi e delle comunità.";;0;2024-11-19 16:16:56;2024-11-19 16:16:56;NULL
613;NULL;MEININGER Hotel Lyon Centre Berthelot;Rue Professeur Zimmermann 7, 69007 Lyon, France;"Hotel moderno nel centro città di Lione
Lione tutta da scoprire e gustare
Lione è sinonimo di piacere: devi assolutamente assaggiare le specialità della cucina locale nei ristoranti della ""capitale mondiale della gastronomia"". Oltre al cibo, ti attendono altri piaceri della vita: cultura, shopping, tramonti da contemplare in riva al fiume e passeggiate lungo vicoli secolari. Ogni angolo di Lione invita a godere appieno del momento. Il MEININGER Hotel Lyon Centre Berthelot è un ottimo punto di partenza per raggiungere comodamente le principali attrazioni turistiche.";;0;2024-11-19 19:56:07;2024-11-19 19:56:07;NULL
614;NULL;grand hotel Europa 3*** sup. Napoli;Corso Meridionale, 14, 80143 Napoli NA;"Il Grand Hotel Europa è situato nel cuore di Napoli ed è veramente a due passi da tutto: dalla Stazione Piazza Garibaldi e dai più importanti monumenti della città.
Dalla stazione, fai pochi metri e giri l’angolo, il Grand Hotel Europa di Napoli è lì che ti aspetta. Se invece vuoi vedere il Palazzo Reale, il Castel dell’Ovo, la Cappella San Severo, una romantica, breve passeggiata ti porterà indietro di qualche migliaio di anni.
È una posizione molto comoda per i tuoi spostamenti: potrai raggiungere facilmente il centro storico della città, San Gregorio Armeno, Piazza del Plebiscito, la Galleria Umberto I, e qualsiasi altro luogo tu voglia visitare.";;3;2024-11-20 14:45:13;2024-11-20 14:45:13;NULL
615;NULL;Hotel Domus Florentiae;Via degli Avelli 2, Santa Maria Novella, 50123 Firenze;"Situata proprio sulla Piazza Santa Maria Novella, l'hotel a 4 stelle Domus Florentiae si trova in un palazzo del XVI secolo, e offre camere con Wi-Fi gratuito e aria condizionata.
Caratterizzate da arredi in stile classico, tutte le sistemazioni dell'Hotel Domus Florentiae sono dotate di TV satellitare e bagno con set di cortesia e asciugacapelli.
Ubicato nel cuore del centro storico della città, e a 5 minuti a piedi dal Duomo, l'edificio che ospita l'hotel è stato riportato al suo splendido aspetto originale grazie a un attento intervento di ristrutturazione.";;4;2024-11-20 15:00:33;2024-11-20 15:00:33;NULL
616;NULL;HOTEL IBIS AMSTERDAM CITY WEST ***;Transformatorweg 36, Westpoort, 1014 AK Amsterdam, Paesi Bassi;"Situato ad Amsterdam, a 1 km dalla stazione ferroviaria Sloterdijk a 350 metri dalla stazione della metropolitana Isolatorweg, l'Ibis Amsterdam City West offre camere con connessione WiFi gratuita, tutte climatizzate, con TV a schermo piatto con canali internazionali e bagno privato con doccia.
L'hotel mette a vostra disposizione un bar alla moda che serve spuntini a tutte le ore, un ristorante, una terrazza, la colazione a buffet fino alle 12:00 nei weekend e uno staff operativo 24 ore su 24.
Provvisto di biciclette a noleggio, l'Amsterdam City West ibis dista 15 km dall'aeroporto di Schiphol e 4 minuti a piedi dalla fermata dell'autobus 22, con collegamenti diretti per il centro storico, e dalla stazione della metropolitana per il Centro Espositivo Amsterdam RAI e per il centro della città.";;3;2024-11-20 15:22:49;2024-11-20 15:22:49;NULL
617;NULL;Famiglia ospitante selezionata tedesca;NULL;L'opzione di vivere con una famiglia di lingua tedesca è sempre la soluzione migliore perché potrai immergerti appieno nella lingua e nella cultura tedesca. Le famiglie con le quali lavoriamo accolgono i nostri studenti come fossero della famiglia stessa. Tutte le famiglie forniscono le lenzuola ed asciugamani, ma, per questi ultimi, ti consigliamo di portane un paio da casa. La tua famiglia ospitante si occuperà di prepararti i pasti (colazione, pranzo - packed lunch - cena) e ti fornirà una camera che potrai condividere con altro studente della tua scuola. Inoltre potrai usufruire degli spazi comuni, in questo modo avrai l’opportunità di condividere la vita di tutti i giorni con la famiglia, fare colazione e cenare insieme come da abitudini tedesche e condividere momenti di convivialità. La famiglia ospitante può ospitare anche altri studenti stranieri.;;0;2024-11-20 16:04:14;2024-11-20 16:04:14;NULL
618;NULL;Hotel Kumpeli;Muonamiehenkatu 3, 18100 Heinola, Finlandia;"Affacciato sul fiume Kymi, a 1 km dal centro di Heinola, questo hotel offre un'area spa e relax, e camere con balcone o veranda privati. L'Hotel Kumpeli Spa, coperto dalla connessione Wi-Fi gratuita nelle aree comuni, presenta stanze tutte con vista sul parco o sul fiume e dotate di scrivania e TV via cavo.
Il ristorante del Kumpeli Hotel, con vista sul Ponte Tähtiniemi, propone cucina finlandese e internazionale, e durante la bella stagione vi potrete rilassare sulla terrazza. La Kumpeli Spa vanta una terrazza con vista sul fiume e comprende piscine, una vasca idromassaggio e svariate saune. È presente anche un centro fitness attrezzato con macchine ginniche e TV a schermo piatto.";;4;2024-11-21 13:27:15;2024-11-21 13:27:15;NULL
619;NULL;Hotel 3*/4* a Praga;NULL;Hotel 3/4 stelle a Praga che fornisce tutti i confort necessari;;3;2024-11-21 19:26:23;2024-11-21 19:26:23;NULL
620;NULL;HOTEL SMY BOLOGNA CENTRALE ****;NULL;"Hotel a 4 stelle adiacente alla Stazione.
Dispone di 82 camere sviluppate su 2 piani con Wi-Fi, TV, minibar, aria condizionata, cassaforte, phon, box doccia o vasca e set di
cortesia. L'albergo ha 6 camere per disabili dotate di maniglioni e docce a pavimento.
In struttura troviamo spa e sala convegni.";;4;2024-11-21 22:34:03;2024-11-21 22:34:03;NULL
621;NULL;HOTEL AI KÖNIGSHOF (BERLIN);NULL;A soli 20 metri di distanza dalla fermata del bus e dalla stazione della metro più vicine. La struttura dispone di 44 camere su 4 piani raggiungibile con l'ascensore. L'hotel non dispone di camere attrezzate per i disabili. Connessione WiFi gratuita , bagni privati con asciugacapelli.;;3;2024-11-22 09:40:58;2024-11-22 09:40:58;NULL
622;NULL;KONA HOTEL 4****;Via Giovanni Battista Pighi, 1, 37024 Negrar di Valpolicella VR;"Edificio Moderno (4 stelle): Ospita le camere Deluxe, caratterizzate da arredi raffinati, spazi ampi e servizi esclusivi per un'esperienza di puro relax e lusso.

Situato a Negrar, a breve distanza dell’ospedale Sacro Cuore, centro di Eccellenza Internazionale nel cuore della Valpolicella, il Kona Hotel Verona è un hotel 4 stelle e le camere sono ampie, confortevoli ideali per le famiglie e sono climatizzate, dotate di connessione Wi-Fi gratuita. Il Kona Hotel Verona garantisce un soggiorno indimenticabile.";;4;2024-11-22 13:58:47;2024-11-22 14:05:34;NULL
623;NULL;Hotel Premier Inn - Dublin - Formula Roulette;NULL;"Hotel 3* con formula ""Roulette"", dotato di tutti i comfort. Trattamento di mezza pensione con colazione presso l'hotel e cena presso ristorante convenzionato.";;3;2024-11-22 17:54:07;2024-11-22 17:54:24;NULL
624;NULL;HOTEL IBIS BUDGET SELESTAT **;NULL;"Situato a Sélestat, lungo la Strada del Vino dell'Alsazia, tra Colmar e Strasburgo, a 1,9 km dall'uscita dell'autostrada A35, l'ibis budget
Sélestat offre la connessione WiFi gratuita e una terrazza arredata.
Tutte climatizzate, le 60 camere dispongono di una TV a schermo piatto, di una scrivania e di un bagno privato con set di cortesia.";;2;2024-11-22 23:33:02;2024-11-22 23:33:02;NULL
625;NULL;HOTEL SPIAZZI - GROMO-;NULL;"Il vostro gruppo verrà accolto in una struttura a 3 stelle di 4.000 mq, in grado di ospitare fino a 230 persone e attrezzata per garantire un comodo soggiorno in un ambiente rilaLe nostre 58 camere si dividono in matrimoniali, quadruple e persino sestuple, con la possibilità di separare i letti in singole unità.
Arredate in modo semplice e funzionale, ma sempre accoglienti, rappresentano soluzioni ideali per ospitare gruppi di diverse dimensioni e con differenti esigenze.
Tutte le camere sono dotate di bagno privato, di finestra o terrazzo personale e di tutti i comfort necessari per un piacevole soggiorno.
L’accessibilità ai disabili è garantita in tutta la struttura, grazie alla presenza di camere, bagni e ascensori dedicati.";;3;2024-11-23 17:15:34;2024-11-23 17:15:34;NULL
626;NULL;Formula Roulette Hotel Dos Anjos 3* o Catena Masa 3* o Vip Berna 3* o Vip Zurique 3* o similare;NULL;"Formula roulette (il nome dell'hotel verrà comunicato circa 15 giorni prima della partenza) con hotel 3* delle catene indicate.
Hotel 3 stelle in buona posizione rispetto al centro. Sono dotati di tutti i confort.
Cene in hotel o ristorante raggiungibile a piedi.";;3;2024-11-24 11:25:38;2024-11-24 11:25:38;NULL
627;NULL;Hostel Toc;C. Miguel Mañara, 18, 22, Casco Antiguo, 41004 Sevilla, Spagna;Dotata di camere con bagno privato, doccia e set di cortesia, la struttura dispone anche di dormitori con letti a castello. In loco troverete una reception aperta 24 ore su 24, una sala comune con TV, un banco escursioni e un servizio di lavanderia a pagamento. L'Hostel Sevilla dista 100 metri da una stazione dei bus e dei tram, 200 metri dalla Cattedrale di Siviglia, 1 minuto a piedi dal Palazzo Real Alcazar, 300 metri da un negozio di alimentari e 20 minuti di auto dall'Aeroporto San Pablo.;;0;2024-11-25 21:21:38;2024-11-25 21:21:38;NULL
628;NULL;Hotel Lido delle Nazioni Comacchio;NULL;NULL;;0;2024-11-26 01:20:49;2024-11-26 01:20:49;NULL
629;NULL;elba 3 stelle roulette;strutture alberghiere dislocate su tutta l'aera tra capoliveri e Marciana;Strutture alberghiere che ospitano gli studenti nel periodo di fuori stagione, sono dislocati su tutta l'isola, offrono trattamento di mezza pensione.;;3;2024-11-26 05:45:10;2024-11-26 05:45:10;NULL
630;NULL;Hotel Park Oasi 3***  Catania;Fondachello di Mascali;"Sul lungomare di Fondachello di Mascali a pochi km da Giardini Naxos, Taormina, Catania e dal Vulcano Etna.
Le 26 camere, di cui due per disabili, sono tutte dotate di box doccia e set di cortesia nei bagni, phon, cassaforte, frigobar, TV, aria
condizionata. L'albergo dispone di ristorante, bar, Wi-Fi negli spazi comuni e ampi spazi esterni come il giardino con zona relax. Il parcheggio bus è
sulla strada ma videosorvegliato.
L'Oasi Park Hotel è un hotel 3 stelle di medie dimensioni recentemente ristrutturato per offrire comfort e servizi in linea con le necessità e le aspettative della clientela più esigente. Gli ambienti dell'Oasi Park Hotel sono nuovi, luminosi ed accoglienti così come il nostro staff, lieto di assistervi durante il vostro soggiorno, suggerendovi itinerari o visite guidate.

La struttura si trova a Fondachello di Mascali, in provincia di Catania, e gode di una posizione privilegiata per visitare le principali località turistiche della zona, quali Taormina, che si trova a soli 20km, Catania, a soli 30km, L'Etna, a soli 34km.

L'Oasi Park Hotel è pertanto, l'ideale punto di partenza per il turista che voglia conoscere le magnifiche ""Perle Siciliane"", ma è altresì consigliato alla clientela che voglia provare in quest'Oasi, la tranquillità e la serenità di una vacanza al mare.
Il mare infatti, si trova proprio di fronte all'Hotel, basterà attraversare la strada per ritrovarsi in spiaggia.

La struttura propone inoltre ai propri ospiti un accogliente giardino ed una piscina esterna, dove si potrà usufruire di servizio bar e light lunch.";;3;2024-11-26 06:04:37;2024-11-26 06:04:37;NULL
631;NULL;GARTENHOTEL GABRIEL Vienna o similare;NULL;"L'Hotel dista 7 minuti a piedi dalla stazione della metropolitana Schlachthausgasse (linea U3), che in 15 minuti lo collega direttamente
con la Cattedrale di Santo Stefano. Di fronte alla struttura troverete anche la fermata Viehmarktgasse della linea di autobus 74A, con
la quale potrete raggiungere la Ringstrasse.
Hotel dispone di 95 camere raggiungibile con l'ascensore, camere con servizi privati con phon, Wi-Fi gratuito in tutto l'edificio,
ristorante, TV. Le camere non sono dotate di aria condizionata. Non sono presenti camere per i disabili. Parcheggio Bus nelle
vicinanze (circa 500 metri dall'hotel).";;3;2024-11-26 12:09:38;2024-11-26 12:09:38;NULL
632;NULL;Hotel Italia;Via della Geppa 15, 34132 Trieste, Italia;Buona struttura in pieno centro a Trieste a soli 150 metri dalla stazione FS e a circa 900 metri da Piazza Unità d'Italia. Dispone di 38 camere con box doccia, TV, cassaforte, telefono, phon, aria condizionata, wifi e frigobar. Nessuna camera ha il balcone. I bagni sono tutti ben arredati (hanno il bidet incorporato nel water) e molti sono completamente rinnovati. 10 camere sono a norma disabili. 3 piani con ascensore, bar, aria condizionata, sala colazioni. Hall e bar hanno spazi molto ridotti ma sono comunque funzionali. La colazione potrebbe essere fatta a turni.;;3;2024-11-27 06:37:20;2024-11-27 06:37:20;NULL
633;NULL;Hotel Aria;15, Avenue Auber, 06000 Nizza;"Situato nel centro di Nizza, di fronte alla Piazza Mozart, l'Hotel Aria offre comode sistemazioni  a 1 km dal centro storico e a 10 minuti a piedi dalla Promenade des Anglais e dalle sue spiagge.
Tutte le camere e le suite sono dotate di TV, minibar, connessione WiFi gratuita e bagno interno, inoltre ogni giorno fino alle 10:00 avrete a disposizione una colazione a buffet.
L'Hotel Aria sorge in una comoda posizione poco lontano dalle linee dei trasporti pubblici e a soli 7 minuti a piedi dalla fermata del tram Jean Medecin.
L'Hotel Aria dista appena 40 metri dal parcheggio Mozart e 5 minuti a piedi dalla stazione ferroviaria Nice Ville, da dove potrete prendere la navetta per l'aeroporto.";;3;2024-11-27 08:01:28;2024-11-27 08:01:28;NULL
634;NULL;Famiglia selezionata francese;NULL;L'opzione di vivere con una famiglia francese è sempre la soluzione migliore perché potrai immergerti appieno nella lingua e nella cultura francese. Le famiglie con le quali lavoriamo accolgono i nostri studenti come fossero della famiglia stessa. Tutte le famiglie forniscono le lenzuola ed asciugamani, ma, per questi ultimi, ti consigliamo di portane un paio da casa. La tua famiglia ospitante si occuperà di prepararti i pasti (colazione e cena) e ti fornirà una camera che potrai condividere con altro studente della tua scuola (per quanto riguarda il pranzo, lo potrai prendere e consumare direttamente alla mensa della scuola). Inoltre potrai usufruire degli spazi comuni, in questo modo avrai l’opportunità di condividere la vita di tutti i giorni con la famiglia, fare colazione e cenare insieme come da abitudini francesi e condividere momenti di convivialità. La famiglia ospitante può ospitare anche altri studenti stranieri.;;0;2024-11-27 11:12:41;2024-11-27 11:12:41;NULL
635;NULL;Entree;bruges;Piccolo hotel a conduzione familiare situato nel centro storico, immerso nel verde che costeggia uno dei tanti canali. Parcheggio sotterraneo 't Zand a 150 metri.;;3;2024-11-27 23:26:01;2024-11-27 23:26:01;NULL
636;NULL;GREET Hôtel Prévessin Genève Airport;NULL;Provate l'esperienza greet: Un hotel ecologico e impegnato, ideale per soggiorni di lavoro o di piacere, a 10 minuti dal Palexpo Center, dal CERN e dall'aeroporto di Ginevra Cointrin, a 20 minuti dall'arena e dal centro di Ginevra. A 45 minuti dal Monte Bianco e dal lago di Ginevra per una esperienza sulle montagne del Giura e sulle Alpi. Il team vi offrirà una calorosa accoglienza per assicurarvi una piacevole vacanza.;;2;2024-11-28 00:13:35;2024-11-28 00:13:35;NULL
637;NULL;Hotel San Michele Napoli o similare;NULL;"Ottima struttura in pieno centro a Napoli a circa 500 metri dalla centralissima Via Duomo e dalla Metropolitana e a 600 metri dalla
Piazza Garibaldi e dalla stazione FS. Palazzo San Michele è ripartito su 4 piani, dispone di 21 camere (di cui 1 a norma disabili) e
alcune camere, molto ampie, possono ospitare fino a 6 posti letto. Tutte le camere dispongono di box doccia, asciugacapelli, aria
condizionata, frigobar, TV, telefono, wifi e cassaforte. Alcune camere hanno il balcone. La struttura dispone anche di ascensore,
piccola hall, sala colazioni e ristorante";;4;2024-11-28 10:05:21;2024-11-28 10:05:21;NULL
638;NULL;Hotel Casablanca Napoli;NULL;"Piccola ma graziosa struttura in pieno centro a Napoli, in una traversa di Corso Umberto e a soli 200 metri da Piazza Garibaldi e dalla
metropolitana.
Non dispone di ascensore, ha una piccola hall e una piccola sala colazioni con una capacità massima di 22/24 posti a sedere (per
gruppi piu numerosi vengono organizzati i turni).
Le sue 14 camere sono ampie e fino a 5 posti letto (con letti a castello), dispongono di frigo, aria condizionata, phon, cassaforte e 8
sono con balcone.
Non ha possibilità di ospitare diversamente abili.";;3;2024-11-28 10:25:47;2024-11-28 10:27:28;NULL
639;NULL;Ostello di Nuova Generazione in posizione centrale;Malaga;"Ostello di nuova generazione posta in posizione centrale a Malaga.
Camere con bagno privato. Struttura dotata di tutti i confort.";;0;2024-11-28 13:47:25;2024-11-28 13:47:25;NULL
640;NULL;Centre Van Gogh Hostel -Brussels;NULL;"Situato a Bruxelles, a meno di 1 km dal Centro belga del fumetto, l'Hostel Van Gogh offre un giardino, camere non fumatori e la
connessione WiFi gratuita in tutta la struttura. La struttura si trova a breve distanza da attrazioni come Place Royale, Coudenberg e
Place Sainte-Catherine. L'ostello dista 1,7 km dal Museo della Città di Bruxelles e dal Municipio di Bruxelles.
La colazione a buffet è disponibile ogni mattina presso l'ostello.
Presso l'Hostel Van Gogh potrete giocare a biliardo.
- fermata della metro a pochi passi dall' ostello -
Tra i luoghi d'interesse nelle vicinanze figurano il Mont des Arts, la stazione centrale di Bruxelles e la Galleria Reale di Saint Hubert";;0;2024-11-28 14:29:42;2024-11-28 14:29:42;NULL
641;NULL;MEININGER HOTEL PORTO;NULL;NULL;;0;2024-11-28 21:51:44;2024-11-28 21:51:44;NULL
642;NULL;OSTELLO BELLO FIRENZE;NULL;Dalla moda alla religione, dall’arte alla botanica, dallo sport alla cucina, qualunque cosa tu stia cercando qui c’è ed è fatta talmente bene che non potrai che innamorartene…benvenuto nella nostra nuova casa lontano da casa: Ostello Bello Firenze! In una delle città più belle del mondo poteva forse mancare un Ostello Bello? La risposta è ovviamente no e per questo abbiamo aperto una delle nostre case anche in questa magica città. Pronto a goderti arte-architettura-cibo-vino-letteratura-e-Ostello-Bello? Ostello Bello Firenze si trova nel quartiere San Lorenzo che è esattamente nel cuore della città e a 2 minuti a piedi dalla stazione di S.M. Novella. Partendo dall’ostello puoi tranquillamente visitare tutta la città a piedi e percorrere i sentieri di Dante, Da Vinci e tutte le altre grandissime persone che sono passate da qui. 50 musei, 150 chiese e un numero di opere d’arte talmente grande che non siamo riusciti a contarlo.;;0;2024-11-29 21:21:18;2024-11-29 21:34:39;2024-11-29 21:34:39
643;NULL;OSTELLO BELLO FIRENZE;NULL;Situato nel centro di Firenze, a 500 metri dal Centro Convegni Fortezza da Basso, l'Ostello Bello Firenze offre una sala comune, una terrazza e un bar. L’offerta include camere familiari e un barbecue. A vostra disposizione, inoltre, un karaoke e una cucina in comune.Tutte le camere dell’ostello sono dotate di WiFi gratuito e di un bagno privato con bidet e asciugacapelli. L'Ostello Bello Firenze fornisce un servizio di stiratura e servizi business, come quelli di fax e fotocopiatura. Il personale della reception sarà lieto di assistervi 24 ore su 24 in tedesco, inglese, spagnolo e francese. I siti di interesse famosi nelle vicinanze includono la Chiesa di San Marco, la Galleria dell’Accademia e la Basilica di Santa Maria Novella. L'Ostello Bello Firenze dista 8 km dall’Aeroporto di Firenze, lo scalo più vicino.;;0;2024-11-29 21:36:31;2024-11-29 21:36:31;NULL
644;NULL;HOTEL EVEREST ***;NULL;"Struttura situata a 1,5 km dalla stazione FS di Trento e dalla città.
Offre bar, ristorante, sala TV e wifi gratuito.
Dispone di 113 camere (di cui alcune a norma disabili) con box doccia o vasca, phon, aria condizionata, TV, telefono e cassaforte.";;3;2024-11-30 22:09:10;2024-11-30 22:09:10;NULL
645;NULL;Hotel 3 stelle MONTECATINI TERME tipo Mirò, Delizia e Genovese, Byron/Raphael, Cappelli o similare;NULL;NULL;;3;2024-12-01 19:16:46;2024-12-01 19:16:46;NULL
646;NULL;HOTEL H2 WIEN SCHÖNBRUNN ***;NULL;Inaugurato nel marzo 2024, è situato nelle vicinanze del Castello di Schönbrunn e a 4 km dal Teatro dell' Opera. Offre camere climatizzate dotate di TV a schermo piatto, connessione WiFi gratuita, bagno privato con doccia e asciugacapelli. Ristorante. Fermata della metro ''Meidling Hauptstrasse'' accanto all' hotel, vi porta direttamente in centro in 20 minuti.;;3;2024-12-02 08:52:37;2024-12-02 08:52:37;NULL
647;NULL;hotel Olimpia 3*** Imola;NULL;"Moderno hotel a soli 10 minuti a piedi dall'Autodromo Enzo e Dino Ferrari, vicino al centro storico di Imola e non lontano dall'accesso
autostradale.
L'Hotel Olimpia offre sistemazioni recentemente rinnovate, un attrezzato centro congressi con connessione Wi-Fi gratuita, giardino
privato, parcheggio coperto, discoteca, un raffinato ristorante con capienza fino a 400 persone e un american bar.
Le confortevoli camere sono tutte dotate di aria condizionata, connessione Wi-Fi gratuita e TV satellitare.";;3;2024-12-02 10:44:41;2024-12-02 10:44:41;NULL
648;NULL;HOTEL SMY BOLOGNA CENTRALE ****;NULL;"Smy Bologna Centrale è un hotel moderno e completamente ristrutturato. La sua posizione privilegiata, a soli 150 metri dalla stazione centrale di treni e autobus e a pochi metri da alcL'hotel dispone di 82 camere, tutte arredate in modo moderno ed elegante e dotate di tutti i comfort necessari per un viaggio d'affari, una vacanza di coppia o con gli amici. Tutte le camere sono insonorizzate e dispongono di connessione internet ad alta velocità, cassaforte, TV LCD, minibar e bagno privato con vasca o doccia una delle principali attrazioni della città, come la Fontana del Nettuno, permette agli ospiti di godere della tranquillità e della pace di questa città italiana. 
Dispone inoltre di un ristorante e di un bar lounge per garantire agli ospiti un soggiorno all'insegna del comfort e del relax. La struttura è perfetta per la celebrazione di qualsiasi tipo di evento, in quanto dispone di 2 sale indipendenti completamente attrezzate";;0;2024-12-02 11:14:48;2024-12-02 11:14:48;NULL
649;NULL;hotel villa Favorita;NULL;"Situato a circa 10 minuti in macchina dalla Chiesa di San Tommaso di Canterbury, il Villa favorita Hotel & Events Marsala offre Wi-Fi nelle aree comuni e un parcheggio privato gratuito. Con una posizione perfetta a 3 km da un luogo storico come il Monumento ai Mille, l'hotel include una piscina esterna stagionale.
Questa struttura a 4 stelle si trova a Marsala, a circa 5 minuti in auto da Mar Tirreno. Una passeggiata di 20 minuti separa le Isole dello Stagnone dal Villa favorita Hotel & Events. Quest’alloggio si in mezzo a diverse attrazioni popolari, come un parco grande e un parco. La Porta Garibaldi è situato a 10 minuti in auto dal Villa favorita Hotel & Events. Per chi viaggia da lontano, l'aeroporto di Trapani Birgi Vincenzo Florio si trova a 31 minuti di auto.";;4;2024-12-02 12:07:34;2024-12-02 12:07:34;NULL
650;NULL;Hotel Fedriades 3* a Delfi o similare;46, Vas. Pavlou and, Friderikis str, Delfi 330 54, Grecia;Situato nel centro della città di Delfi, il Fedriades Delphi Hotel dista solo 10 minuti a piedi dal famoso Museo Archeologico. Si affaccia sul Golfo di Corinto e sulla valle del Pleistou. La connessione Wi-Fi è gratuita. Spaziose ed elegantemente arredate con mobili scelti con cura e colori tenui, le camere e le suite del Fedriades dispongono di materassi Coco-mat, balcone. Ogni unità include un bagno con asciugacapelli, mentre le suite vantano anche una vasca idromassaggio. Include un frigorifero e una TV LED con canali satellitari. Il ristorante Epikouros propone una varietà di piatti greci e mediterranei, da gustare ammirando la vista sul Golfo di Corinto. Ogni mattina vi attende una colazione greca a buffet. Nella hall troverete un pianoforte a vostra disposizione.;;3;2024-12-02 12:47:31;2025-05-22 05:14:33;NULL
651;NULL;Hotel Golden City Atene 3* o similare;Marni 46, Athina 104 38, Grecia;NULL;;3;2024-12-02 12:48:58;2024-12-02 12:48:58;NULL
652;NULL;Hotel Agamennon 3* a Naupilia  o similare;3, Boumpoulinas 3, Nafplio 211 00, Grecia;NULL;;3;2024-12-02 12:52:26;2024-12-02 12:52:26;NULL
653;NULL;BEST WESTERN PREMIER HOTEL ROYAL SANTINA;Via Marsala, 22, 00185 Roma RM;Se decidi di alloggiare presso Best Western Premier Hotel Royal Santina di Roma (Centro città di Roma), in 5 minuti di auto potrai raggiungere Scalinata di Piazza di Spagna e Piazza di Spagna. Questo hotel si trova a 1,2 km da Via Veneto e 3,1 km da Colosseo.Le opportunità di svago non mancano: avrai a disposizione una palestra, oltre a il Wi-Fi gratuito e servizi di concierge. Questo hotel offre, inoltre, una TV nelle aree comuni e una sala ricevimenti.Rilassati in una delle 118 camere con aria condizionata della struttura, complete di minibar e TV LCD. Il Wi-Fi gratuito ti;;3;2024-12-02 13:14:31;2024-12-02 13:14:31;NULL
654;NULL;exe international palace;Via Nazionale, 46, 00184 Roma RM;"L'Exe International Palace incorpora lo spirito e mantiene il sigillo dell'unità d'Italia, il carattere e la determinazione di Mazzini e Garibaldi, nonché lo stile e l'equilibrio di Cavour e Vittorio Emanuele. L'hotel al centro di Roma è ubicato all'interno di un palazzo storico neoclassico, costruito negli anni immediatamente successivi all'Unità d'Italia, e si trova in pieno centro, in Via Nazionale. Via Nazionale unisce Piazza della Repubblica ai Fori Imperiali, quindi, unisce la nuova e la vecchia città.
L'Hotel offre il massimo comfort e modernità ai nostri ospiti. Nonostante ciò, la maggior parte delle zone comuni mantiene lo stile e l'ambientazione originaria, che ci riportano all'epoca dell'unificazione. Il risultato è un'architettura ispirata alle Ville di Palladio, dotata dei piu moderni servizi e comodità. La hall d'ingresso dell'Hotel vi darà il benvenuto con ampie volte decorate in oro.";;4;2024-12-02 13:36:43;2024-12-02 13:36:43;NULL
655;NULL;HOSTEL A&O VENEDIG MESTRE;NULL;"L'ostello, si trova a circa 600 m dalla stazione ferroviaria di Mestre, molto ben collegata con la città di Venezia (10 minuti in bus per
arrivare a Santa Lucia). Tutte le camere (4/6/8 posti letto la maggior parte con nuova generazione di letti a castello) sono dotate di
presa USB in ogni posto letto, bagno, tv, aria condizionata, armadietti, wii-fi, i bagni dispongono di asciugacapellii e dispencer sapone
sia vicino al lavandino che nella doccia. L'hotel dispone di 1 camera per disabili in ogni piano. La colazione e la cena sono a buffet.
L'Ostello offre Bar e reception, deposito gratuito bagagli per i gruppi, Wi-Fi gratuito anche nelle aree comuni, angolo per i bambini,
TV nella lobby, sala meeting, biliardo, calcio balilla, noleggio biciclette, biglietti per i trasporti Actv (la fermata dei bus per Venezia è
fronte hotel), lavanderia a gettoni, working space. L'ostello non dispone di un parcheggio per il bus.";;0;2024-12-02 17:40:56;2024-12-02 17:40:56;NULL
656;NULL;INOUT HOSTAL Barcellona;NULL;"INOUT Hostel è uno Special Employment Center per l'ospitalità e la ristorazione aperto nel 2004 da Icaria Social Initiatives, un'entità senza scopo di lucro. È stato il primo servizio di ospitalità in Europa con il 90% di lavoratori con disabilità nello staff. 
Siamo Social
Siamo Green
Siamo Sostenibili
Siamo Accessibili
Sistemazione , tutte le camere sono rivolte verso il parco e sono soleggiate: da 4, 6, 8 e 10 posti letto. Le camere grandi hanno dieci posti letto separati tra loro da una parete in legno, in spaziosi moduli da 2 e 4 posti letto per darvi più privacy.
Offriamo Wi-Fi gratuito, deposito bagagli, piscina e parcheggio per gli ospiti che soggiornano.";;3;2024-12-03 10:19:46;2024-12-03 10:19:46;NULL
657;NULL;B&B HOTEL Brussels East Woluwe;Avenue des Pléiades 67-69 , 1200 Bruxelles, Belgium;"L'hotel aperto 24 ore su 24 vi accoglie in una delle sue 165 camere disponibili. Ogni camera è dotata di un letto confortevole, un bagno privato, Wi-Fi ad alta velocità gratuito e una TV a schermo piatto con una vasta selezione di canali internazionali. Che viaggiate da soli, in coppia o in famiglia, troverete una camera adatta alle vostre esigenze: le nostre camere familiari possono ospitare fino a 4 persone. 
All'arrivo, l'hotel offre un servizio gratuito di deposito bagagli per facilitare il vostro viaggio.
Il  hotel è dotato anche di una sala fitness, le cui attrezzature sono a  disposizione gratuitamente.";;3;2024-12-03 14:34:19;2024-12-03 14:34:19;NULL
658;NULL;HOTEL MARCO POLO *** Roma;NULL;Situato nel centro storico, a 100 mt dalla Stazione Termini.;;3;2024-12-03 15:39:08;2024-12-03 15:39:08;NULL
659;NULL;Hotel Santa Lucia;Via Ticino, 10 - 06083 Bastia Umbra, Italia;Buona struttura adatta. Dispone di 34 camere con box, doccia, aria condizionata, phon, servizi privati, TV e balcone in quasi tutte. 2 camere sono a norma disabili. L'hotel dispone di ascensore, bar, ristorante, parcheggio bus e WiFi gratuito in tutta la struttura. Carico/scarico bagagli davanti l'hotel.;;3;2024-12-04 13:18:59;2024-12-04 13:18:59;NULL
660;NULL;Hotel Duo Praga o similare;NULL;"Buona struttura completamente rinnovata a ca 6 km dal centro, a solo 200 metri dalla stazione della metropolitana Strizkov, che conduce alla stazione centrale in 17 minuti, e alla Piazza della Città Vecchia con l'Orologio Astronomico in 30 minuti. Struttura divisa su due TOWER con 9 piani con ascensore, bar e hall. Dispone di 654 camere ( di cui 5 a norma disabili) tutte con box doccia o vasca, phon, aria condizionata, frigo, kit thè, bollitore e caffè, TV e cassaforte. Wifi gratuito
Parcheggio bus dell' Hotel a pagamento.";;4;2024-12-05 16:04:57;2024-12-05 16:04:57;NULL
661;NULL;Hotel Frejus;Via Castagnevizza, 27, 10093 Collegno TO;Struttura a conduzione familiare situata a Collegno, l'Hotel Frejus offre il WiFi gratuito e un parcheggio gratuito. Alcune con balcone, le camere dispongono di aria condizionata, TV a schermo piatto con canali satellitari e bagno privato con set di cortesia e asciugacapelli. L'Hotel Frejus dista 10 minuti a piedi dalla stazione della metropolitana Paradiso e 25 km dall'Aeroporto Internazionale di Torino.;;3;2024-12-06 06:48:19;2024-12-06 06:48:19;NULL
662;NULL;Hotel San Pietro Roma;NULL;"Situato in zona centrale, con vista della cupola di Michelangelo, dista pochi minuti a piedi dalla Città del Vaticano, dalla Basilica, dai
Musei Vaticani e Castel Sant'Angelo.
Servito ottimamente dai mezzi pubblici, a 550 metri dalla stazione ferroviaria San Pietro e fermata bus nelle vicinanze.
Dispone di 39 camere eleganti disposte in 2 piani senza ascensore, con pavimenti in marmo, parquet, mobili italiani in stile moderno
(senza moquette). Le sistemazioni sono dotate di connessione internet via cavo gratuita e aria condizionata regolabile
autonomamente.";;3;2024-12-06 10:04:01;2024-12-06 10:04:01;NULL
663;NULL;Eurohotel Nichelino;Via 1º Maggio, 57, 10042 Nichelino TO;L'Eurohotel sorge a Nichelino, a 5,2 km dalla Stazione Metro Lingotto e a 6,8 km dal centro fieristico Torino Esposizioni. Questo hotel a 3 stelle offre un bar e camere climatizzate con WiFi gratuito e bagno privato. Il parcheggio privato è fruibile a pagamento. Tutte le sistemazioni dell'hotel sono provviste di scrivania. Le camere dell’Eurohotel dispongono inoltre di TV a schermo piatto e set di cortesia. Il personale della reception, operativa 24 ore su 24, parla italiano, inglese e francese.;;3;2024-12-07 06:14:03;2024-12-07 06:14:03;NULL
664;NULL;Ibis Budget Chambery Centre Ville;391 Av. Alsace Lorraine, 73000 Chambéry, Francia;"A soli 2,1 km dal centro di Chambéry. Le camere dispongono di aria condizionata, TV satellitare a schermo piatto, armadio, scrivania
e bagno privato con doccia e set di cortesia.";;2;2024-12-09 07:21:52;2024-12-09 07:21:52;NULL
665;NULL;La scuola GLS Berlin;GLS Campus | Kastanienallee 82 | 10435 Berlin;"La scuola di lingua GLS a Berlino ha vinto il ""Star School Award"" 5 volte - per essere la migliore scuola di tedesco in Germania. GLS è l’unica scuola di lingue in Germania ad offrire ai propri studenti un campus di 16.000 m² e la possibilità di alloggiare all’interno del campus durante il periodo di studio del tedesco a Berlino. Il campus (con una piscina storica) è una vera e propria oasi verde nel cuore di Berlino, a Prenzlauer Berg, uno dei quartieri più amati e alla moda della città.";;0;2024-12-09 21:03:08;2024-12-09 21:03:08;NULL
666;NULL;Student's Hostel Parma;NULL;Situato a Parma, a 1,7 km dalla Stazione ferroviaria di Parma, lo Student’s Hostel Parma offre un bar, il parcheggio privato, un salotto in comune e un giardino. La struttura dispone di camere familiari e di una terrazza. Tutte climatizzate, le sistemazioni includono una vista sul giardino, una scrivania e il WiFi gratuito. Inoltre, comprendono un armadio. Gli alloggi dello Student's Hostel Parma sono dotati di vista sulla città e bagno privato con bidet e asciugacapelli. Come ospiti, potrete gustare colazioni all’italiana o a buffet.;;0;2024-12-10 20:29:23;2024-12-10 20:29:23;NULL
667;NULL;hotel tre torri 3*** villaggio Mose;Villaggio Mosè Agrigento;"Situato a 3 km dalla Valle dei Templi e a 5 minuti a piedi dal centro di Villaggio Mosè, il Tre Torri Hotel offre piscine coperte e all'aperto, e una sauna.
Coperto dalla connessione WiFi gratuita, l'Hotel Tre Torri propone camere classiche con aria condizionata e mobili moderni italiani, e una colazione continentale a base di formaggio, prosciutto e frutta fresca.
Il ristorante serve piatti tipici siciliani accompagnati da ottimi vini da gustare nella sala ristorazione climatizzata e affacciata sulla terrazza solarium con piscina.
L'hotel comprende inoltre una palestra gratuita, un tavolo da ping-pong e una sala TV.";;3;2024-12-11 02:06:23;2024-12-11 02:06:23;NULL
668;NULL;Novotel - Nice Centre Vieux  ****;NULL;NULL;;4;2024-12-11 16:19:10;2024-12-11 16:19:10;NULL
669;NULL;H2 HOTEL BERLINO ALEXANDERPLATZ ** o similare;NULL;NULL;;2;2024-12-12 11:25:25;2024-12-12 11:43:23;NULL
670;NULL;Re-Dama Hotel;NULL;"Le camere del Re-Dama sono un patchwork di contaminazioni, in cui si fondono suggestioni di stili diversi, per un habitat che interpreta alla perfezione il tuo umore più libero. RE-Think the style: entra in ambienti sorprendenti, selvaggi e avvolgenti come una foresta tropicale urbana, e goditi il tuo soggiorno a Firenze, a due passi dal centro e dalle sue meraviglie senza tempo.
A 100 METRI DALL'HOTEL SI TROVA LA FERMATA DELLA TRAMVIA ,
PER ARRIVARE A SANTA MARIA NOVELLA IN 4 FERMATE.";;3;2024-12-12 11:26:48;2024-12-12 11:28:59;NULL
671;NULL;HOTEL RECIDENCE BELLAVISTA;NULL;Hotel Residence Bellavista, 3 STELLE , vicino alle   piste sci/impianti di risalita. L’hotel è attrezzato con proprio ristorante interno, offre piccola piscina coperta, saletta giochi.;;3;2024-12-12 16:41:19;2024-12-12 16:41:19;NULL
672;NULL;Meininger Hostel Wien Downtown Franz;Rembrandtstraße 21, 1020 Wien, Austria;L'Ostello è situato nel prestigioso quartiere di Leopoldstadt, tra il Parco Augarten e il Canale del Danubio. Dista circa 3 km dal Quartiere dei Musei e dalla Staatsoper, e 700 metri dalla stazione di Schottenring, servita da metropolitana, autobus e tram. L'Ostello dispone di un bar e una sala giochi, offre una cucina ad uso comune e la connessione Wi-Fi gratuita. Le 131 camere sono dotate di servizi privati, le multiple per studenti sono fino a 6 posti letto a castello. Tutte le camere sono dotate di ventilconvettori.;;3;2024-12-13 08:29:30;2024-12-13 08:29:30;NULL
673;NULL;Hotel Harry's Home Telfs;Weißenbachgasse 21, 6410 Telfs, Austria;"Situato a Telfs, offre un bar, una terrazza e la connessione Wi-Fi gratuita. L'hotel dispone di camere familiari. Le 90 camere sono
dotate di bagno privato con asciugacapelli, TV a schermo piatto, aria condizionata e, in alcuni casi, area salotto.";;3;2024-12-13 08:33:18;2024-12-13 08:33:18;NULL
674;NULL;hotel President 3*** Marsala;Via Nino Bixio, 1, 91025 Marsala TP;"Composto da 2 edifici moderni e funzionali, l'Hotel President vanta una terrazza solarium con piscina e un parcheggio gratuito di fronte alla struttura. Dista 15 km dall'Aeroporto di Trapani e 2 km dal mare.
Le camere dispongono di aria condizionata, connessione Wi-Fi gratuita e TV. I bagni privati ​​sono provvisti di vasca o doccia, di asciugacapelli e di articoli da toeletta.
Il ristorante del President è specializzato in cucina locale e internazionale. In estate potrete inoltre mangiare sulla terrazza con vista sulla piscina. Per la colazione viene allestito un variegato buffet.";;3;2024-12-13 22:51:54;2024-12-13 22:52:40;NULL
675;NULL;HOTEL BUTTON ***;NULL;"Ubicato in un edificio del 19° secolo in un quartiere centrale di Parma, l’Hotel Button offre il WiFi gratuito in tutte le aree, una caffetteria e ricche colazioni. Tutte le camere sono dotate di bagno privato. Decorate in stile classico con pavimenti piastrellati e mobili in legno, le sistemazioni includono una TV e un bagno interno. Adatto ad accogliere animali domestici, l’Hotel Button vi mette a disposizione un cestino con prodotti per la colazione che comprende una varietà di prodotti dolci.
La struttura dista 5 minuti a piedi dal Duomo di Parma e 1 ora di auto dall’Aeroporto di Bologna-Guglielmo Marconi.";;3;2024-12-14 13:00:42;2024-12-14 13:00:42;NULL
676;NULL;HOTEL NORDEN PALACE ***;NULL;"Buona struttura situata a soli 700 m dal centro di Aosta, con fermata bus raggiungibile a piedi.
7 piani con bar, ristorante, sala TV e wifi gratuito in tutta la struttura
50 camere con a/c, TV e servizi privato con phon.
I bus possono usufruire del parcheggio privato";;3;2024-12-16 22:08:33;2024-12-16 22:08:33;NULL
677;NULL;Donato Hotel - Calvizzano;NULL;"Situato a Calvizzano, a 15 km da Napoli, l'Hotel Ristorante Donato vanta un'area giochi per bambini, una terrazza solarium, un
rinomato ristorante , la connessione WiFi gratuita in tutte le aree e un parcheggio privato incluso nella tariffa, Camere con TV a
schermo piatto, lettore CD e bagno privato.con asciugacapelli. Alcune stanze vantano anche una terrazza o un balcone.
Raggiungibile con i mezzi pubblici con il bus M4N in circa 20 minuti oppure con la metro che dista circa 4km dall'hotel";;3;2024-12-17 10:21:32;2024-12-17 10:21:32;NULL
678;NULL;Hotel Villa D'Amato;Via Messina Marine, 180, 90121 Palermo PA;Sito in una zona tranquilla che vanta la vista sul mare, l'Hotel Villa d'Amato presenta sistemazioni confortevoli e un'atmosfera serena. Sarete ad appena 4 chilometri dal centro di Palermo. Questo palazzo in stile Art Nouveau risale al XX secolo e comprende un'ala moderna. Le camere offrono la vista sul mare o sul giardino, e alcune vantano un balcone. Viene servita una colazione continentale a buffet. L'hotel ha anche il ristorante interno.;;3;2024-12-17 10:48:58;2024-12-17 10:48:58;NULL
679;NULL;HOTEL tipo DIANA PARK o similare ***;NULL;"Il Diana Park Hotel vanta una posizione privilegiata vicino al centro della città e al centro congressi. Il servizio concierge, attivo 24 ore su 24, sarà lieto di aiutarvi a prenotare biglietti per musei, escursioni, taxi, ristoranti e orari dei treni e degli autobus. Grazie ai comodi collegamenti con i mezzi pubblici nelle vicinanze, il Diana Park Hotel è la scelta ideale per viaggiatori d'affari ed esploratori della culla del Rinascimento.
La Chiesa della Madonna della Tosse si trova a pochi metri dalla struttura.";;3;2024-12-17 11:38:15;2024-12-17 11:38:15;NULL
680;NULL;Hostel Latroupe Prado;Paseo de las Delicias, 1, Arganzuela, 28045 Madrid, Spagna;Situato a Madrid, il Latroupe Prado offre una sala comune, un ristorante, un bar e la copertura integrale del WiFi gratuito. Alloggerete a pochi passi da attrazioni come il Museo Thyssen-Bornemisza, la Puerta de Toledo e la Puerta del Sol. Questa struttura non fumatori si trova a 200 metri dalla stazione ferroviaria di Atocha. Le camere sono dotate di aria condizionata e bagno privato.;;0;2024-12-18 13:51:26;2024-12-18 13:51:26;NULL
681;NULL;OSTELLO LISBONA;NULL;NULL;;0;2024-12-18 14:26:55;2024-12-18 14:26:55;NULL
682;NULL;Clink i Lár;D01 Y3Y7 35 Abbey Street Upper, Dublino, Irlanda;"Situato in una posizione ideale a Dublino, il Clink i Lár offre camere climatizzate, un salone in comune, la connessione WiFi gratuita e un bar. Soggiornerete nei pressi di varie attrazioni famose, a meno di 1 km dalla Chester Beatty Library, a 13 minuti a piedi dal Gaiety Theatre e a 1,3 km dal Little Museum of Dublin. Questa struttura per non fumatori si trova a 800 metri dalla Chiesa di San Michele.
Le camere sono dotate di biancheria da letto.
Al mattino potrete gustare una colazione a buffet, vegetariana o senza glutine.
Il personale della reception sarà lieto di assistervi in inglese, spagnolo, irlandese e portoghese.
Tra i famosi luoghi di interesse nelle vicinanze dell’ostello scoprirete il Castello di Dublino, la Jameson Distillery e il Municipio. L'Aeroporto di Dublino, lo scalo più vicino, dista 9 km dal Clink i Lár.";;0;2024-12-18 20:09:16;2024-12-18 20:09:16;NULL
683;NULL;Ostello Bello Milano;stazione centrale;L’Ostello Bello Grande si trova a soli 100 metri dalla Stazione Centrale di Milano. Tutte le attrazioni storiche sono facilmente raggiungibili grazie alle linee della metropolitana della Stazione Centrale, mentre Piazza Duomo e le nuove zone di tendenza, come Porta Venezia, Garibaldi, Isola e Nolo, sono raggiungibili a piedi.;;0;2024-12-18 22:42:22;2024-12-18 22:42:22;NULL
684;NULL;Domus Schilizzi Napoli;NULL;"La posizione della struttura è particolarmente attraente perchè si trova nel pieno centro di Napoli, a meno di 5 minuti a piedi dalle centralissime Piazza Municipio, Piazza san Domenico Maggiore, Piazza Bovio e Piazza del Plebiscito, a pochi passi dalla Stazione Marittima, a 2 km dalla Stazione Ferroviaria Centrale e 5 km dall’Aeroporto di Capodichino.

Inoltre la metropolitana dista soltanto 200 metri. 

La posizione è ideale sia per un soggiorno di vacanza che di lavoro, per una vacanza romantica o con la propria famiglia.";;0;2024-12-19 12:57:20;2024-12-19 12:57:20;NULL
685;NULL;OSTELLO ZONA TIERGARTEN o similare;NULL;NULL;;0;2024-12-19 16:20:43;2024-12-19 16:20:43;NULL
686;NULL;trh Paraiso hotel  4***;De Cádiz, km.1058, Calle Jazmín, 86, 29688 Estepona (Málaga);Il TRH Paraiso Beach & Golf Hotel è un esclusivo hotel a 4 stelle a El Paraiso, Estepona, una delle migliori zone residenziali della Costa del Sol, circondato da campi da golf e a due passi dalla spiaggia di Estepona: un luogo ideale per riposarsi in coppia o con i bambini.;;0;2024-12-20 09:29:32;2024-12-20 09:30:07;NULL
687;NULL;Hotel 3* - centro città raggiungibile con Tramvia;NULL;"Hotel 3* standard con tutti i confort.
Città comodamente raggiungibile con tramvia";;0;2024-12-22 13:12:22;2024-12-22 13:12:22;NULL
688;NULL;Campus Lyceum;Carrer d'Almansa, 15, 46113 Montcada, Valencia, Spagna;"SH Campus Lyceum è in un'area di Moncada con collegamento a una stazione ferroviaria/metropolitana. A livello naturalistico spicca Spiaggia della Malvarrosa.

Hotel in centro a Moncada, con collegamento a una stazione ferroviaria/metropolitana e reception aperta 24 ore su 24In questo hotel per non fumatori sono disponibili una piscina all'aperto, un ristorante e un bar/lounge.
Il Wi-Fi nelle aree comuni è gratuito. Altri servizi includono un bar a bordo piscina, uno snack bar e un bar/caffetteria.
Il cambio degli asciugamani è disponibile su richiesta. SH Campus Lyceum offre 74 sistemazioni con aria condizionata, casseforti in camera e asciugacapelli.
TV via satellite. I bagni sono dotati di doccia. Questo hotel di Moncada offre accesso wireless a Internet gratuito con una velocità di più di 500 Mbps (per più di 6 persone o più di 10 dispositivi).";;3;2024-12-30 22:45:23;2024-12-30 22:45:23;NULL
689;NULL;B&B Hotel Ciudad de las Ciencias (o similare);Av. d'Ausiàs March, 99, Quatre Carreres, 46013 València, Valencia, Spagna;Situato a circa 1,5 km dall'imponente Città delle Arti e delle Scienze di Valencia, questo hotel offre moderne camere, la connessione WiFi gratuita e una reception aperta 24 ore su 24. Le sistemazioni, in stile contemporaneo, dispongono di TV a schermo piatto, aria condizionata e riscaldamento centralizzati, in base alla stagione, bagno privato con asciugacapelli e servizio di pulizia giornaliero. Il B&B HOTEL Valencia Ciudad de las Ciencias dista 3 km dal centro di Valencia, 5 km dalla spiaggia di Las Arenas.;;3;2024-12-31 12:23:18;2024-12-31 12:23:18;NULL
690;NULL;Hotel Chiostro delle Monache Hostel;Viale del Teatro, 4, 56048 Volterra PI;Situato appena fuori dalle mura etrusche di Volterra, accanto al Presidio Ospedaliero Santa Maria Maddalena, il Chiostro Delle Monache occupa un monastero francescano risalente al XV secolo e offre camere con bagno interno, 2 parcheggi gratuiti e un originale chiostro antico. Le sistemazioni Delle Monache sono arredate in modo semplice, con pavimenti piastrellati e mobili in legno. La struttura dispone di una caffetteria, di una sala lettura, di una sala TV, della connessione Wi-Fi gratuita nelle aree comuni e di un'area ludica per i bambini. La colazione viene servita in un salone affrescato, dove su richiesta potrete anche cenare. Il monastero e l'adiacente chiesa di San Girolamo furono costruiti nel 1445, mentre il chiostro fu realizzato da Michelozzo, uno scultore e architetto della bottega di Donatello.;;0;2025-01-02 12:37:15;2025-01-02 12:37:15;NULL
691;NULL;Hotel Foresteria;Località San Girolamo, Borgo S. Lazzero, 56048 Volterra PI;"Hotel Foresteria si trova a 1,8 km da Porta a Selci, una delle principali strade di accesso al centro storico di Volterra. Vanta spaziose camere con balcone. Le sistemazioni di Hotel Foresteria sono arredate con gusto e completamente attrezzate per gli ospiti disabili. Offrono una vista sulla campagna toscana. 
Hotel Foresteria gode dell'ubicazione ideale per visitare le più famose città d'arte della Toscana, incluse San Gimignano, Siena, Pisa e Firenze. Il parcheggio è gratuito.";;3;2025-01-02 12:40:22;2025-01-02 12:40:22;NULL
692;NULL;HOTEL SICHI;NULL;Distante 5 km dalla funivia Cutigliano Doganaccia. Da sempre, noi dell'Albergo Sichi, cerchiamo di rispettare l'ambiente adottando numerose pratiche ecosostenibili. Le nostre politiche di risparmio energetico iniziano più di 40 anni fà, più precisamente nel 1981 con la prima installazione di pannelli solari per la produzione di acqua calda sanitaria. In seguito, per rendere la nostra struttura 100% green abbiamo deciso di effettuare la sostituzione delle caldaie a gasolio con quella a biomassa/cippato, abbiamo fatto installare finestre a risparmio energetico ( in grado di isolare dal caldo e dal freddo fino a quattro volte in più rispetto agli infissi convenzionali) e infine la nostra fornitura energetica elettrica proviene da un fornitore nazionale certificato.;;3;2025-01-06 11:53:42;2025-01-06 11:53:42;NULL
693;NULL;HOTEL SEIFERT *** o similare;NULL;Centrale, a pochi passi dal Kurfürstendamm. La stazione della metropolitana Uhlandstraße dista 300 metri. La fermata dell'autobus più vicina dista 50 metri. L'Hotel si trova al primo piano di un edificio storico. Dispone di 53 camere su 4 piani raggiungibile con l'ascensore. Tutte con servizi privati , phon, cassaforte TV e Wi-Fi gratuito. Le camere non sono dotate di aria condizionata. Non sono presenti camere per i disabili. L'hotel non dispone di parcheggio per gli autobus ma è possibile parcheggiarli a Bundesallee.;;3;2025-01-08 09:36:30;2025-01-08 09:36:30;NULL
694;NULL;Hotel Athens Atrium;21 Okeanidon Street, Agios Sostis, Syngrou Av., Atene, 11745, Grecia;L'Athens Atrium Hotel & Suites sorge in una posizione strategica, non lontano dall'Acropoli e dalla Plaka, e offre sistemazioni di alta qualità, la connessione internet gratuita in tutta la struttura. Le camere dell'Atrium presentano colori caldi, arredi raffinati, materassi ortopedici, finestre con doppi vetri, set per la preparazione di tè/caffè, minibar e bagno con vasca o doccia. A vostra disposizione anche lo snack bar Brasserie, il ristorante Atrium e una sala TV con impianto home theatre. Le sale conferenze dell'Athens Atrium Hotel, completamente attrezzate, sono disponibili per convegni, riunioni, seminari ed eventi sociali. L'Athens Atrium Hotel & Suites sorge in un quartiere tranquillo, a 2 passi dal vivace centro della città. Piazza Syntagma è comodamente raggiungibile in 10 minuti di corsa con i mezzi pubblici.;;4;2025-01-08 13:37:19;2025-01-08 13:37:19;NULL
695;NULL;HOTEL CARIGNANO ****;NULL;"Situato nella splendida campagna di Lucca, si trova a soli 5 km da Lucca, a 25 km dalla costa e a 6 km da Piazza dell'Anfiteatro e
dalla Cattedrale di Lucca. L'hotel offre camere rustiche con mobili in stile classico e aria condizionata, un parco e una piscina
scoperta.";;4;2025-01-08 18:32:25;2025-01-08 18:32:25;NULL
696;NULL;Ant Hostel Barcellona;Passeig Pujades, 17, Sant Martí, 08018 Barcellona, Spagna;Situato di fronte al Parc de la Ciutadella, nel centro di Barcellona, l'Ant Hostel Barcelona offre una reception aperta 24 ore su 24 e la connessione WiFi gratuita in tutte le aree. La stazione della metropolitana Arc de Triomf dista 500 metri.Le camere di questo ostello sono dotate di aria condizionata e pavimenti in parquet. I bagni privati sono dotati di vasca o doccia. Museo Picasso è a 10 minuti a piedi e la spiaggia di Barceloneta si trova a 2 km dall'Ant Hostel Barcelona. Plaza Catalunya, con autobus diretti per l'aeroporto di Barcellona, è raggiungibile in 20 minuti a piedi, mentre la Estación del Nord, con autobus diretti per l'aeroporto di Girona-Costa Brava, dista appena 500 metri.;;0;2025-01-09 21:29:21;2025-01-09 21:29:21;NULL
697;NULL;HOTEL 3*** MONTECATINI tipo Prati, Universo, Marina, Rinascimento o similare;NULL;NULL;;3;2025-01-09 22:09:40;2025-01-09 22:09:40;NULL
698;NULL;FLATOTEL 3***;Benalmadena Costa del Sol;"Situato a Benalmádena, accanto al Golf Torrequebrada e a soli 20 metri dalla spiaggia di Yucas, il Flatotel offre una piscina all'aperto con bar, uno snack bar a buffet e una palestra.
Le camere, gli appartamenti e i monolocali del Flatotel International dispongono di aria condizionata, balcone privato con viste sul Mar Mediterraneo, bagno privato nella camera da letto e WiFi gratuito.
Ubicata a 2 km da Puerto Marina, in cui è possibile praticare vari sport acquatici, la struttura vanta una sala per i giochi, un ristorante, un servizio di noleggio auto e biciclette, e una lavanderia";;3;2025-01-12 00:39:29;2025-01-12 00:41:23;NULL
699;NULL;Best Western Hotel Green City****;NULL;"Il Best Western Hotel Green City è un casale d'epoca immerso nella campagna, a 500 metri dall'aeroporto Giuseppe Verdi e a 3 km dal centro storico di Parma. Offre un parcheggio gratuito e camere spaziose.
Tutte le camere dell'Hotel City sono decorate in stile moderno e dotate di TV LCD satellitare, aria condizionata e connessione WiFi. Al mattino viene servita una variegata colazione a buffet.
Il ristorante Assapora serve piatti della cucina tradizionale italiana, preparati con un tocco moderno e utilizzando solo ingredienti locali freschi. Potrete osservare lo chef al lavoro attraverso un pannello di vetro che separa la cucina dalla sala da pranzo.
L'uscita 9 della Tangenziale Nord dista 2 minuti di auto. A 500 metri troverete i mezzi pubblici che collegano l'aeroporto con la stazione ferroviaria di Parma.";;3;2025-01-12 17:47:30;2025-01-12 17:47:30;NULL
700;NULL;HOTEL LOUIS LEGER ****;NULL;Praga 2 -  Nel centro della città, a piedi soli 10 minuti dalla Piazza Venceslao e dal Museo Nazionale. Hotel offre 60 camere arredate in stile italiano, dotate di servizi privati, asciugacapelli, TV Sat, Wi-Fi gratuito, minibar e cassaforte. A disposizione c'è reception e lobby bar 24 su 24, ristorante italiano L'Artista, Wi-Fi gratuito e parcheggio custodito nel cortile.;;4;2025-01-12 18:38:20;2025-01-12 18:38:20;NULL
701;NULL;Hotel La Bastia Soriano nel Cimono;NULL;"Circondato dalla campagna laziale, l'Hotel & Resort La Bastia offre una piscina all'aperto e una vista sulla Valle del Tevere. Dispone di un parco di 10.000 m² e ospita un ristorante che serve specialità tradizionali del Lazio.
Tutte le sistemazioni dell'Hotel & Resort La Bastia sono climatizzate e complete di balcone e di bagno privato con asciugacapelli e set di cortesia. La maggior parte regala una vista sul paesaggio circostante.
Ogni mattina gli ospiti possono gustare una variegata colazione a buffet, servita nella sala da pranzo della struttura.
L'Hotel & Resort La Bastia mette a disposizione dei suoi ospiti la connessione Wi-Fi gratuita negli spazi comuni, un campo da pallavolo, un campo da calcio e un giardino arredato con sedie e ombrelloni gratuiti.";;3;2025-01-13 11:12:13;2025-01-13 11:12:13;NULL
702;NULL;Hostel Trastevere Roma;NULL;"Situato in viale Trastevere, a 650 metri dalla stazione di Roma Trastevere e a 1km dal cuore di Trastevere. L'Ostello di recente
costruzione è una struttura moderna con camere dotate di tutti i comfort, servizi privati e wifi. Dispone di piscina, palestra, terrazza e
giardino. Incluso nel prezzo 1 telo grande e un tappetino a persona.";;0;2025-01-13 12:02:24;2025-01-13 12:04:18;NULL
703;NULL;HOTEL 3/4 STELLE O SIMILARI;NULL;NULL;;0;2025-01-13 12:15:05;2025-01-13 12:15:05;NULL
704;NULL;Meininger Budapest Great Market Hall;Budapest, Csarnok tér 2, 1093 Ungheria;Con una terrazza e sistemazioni a 3 stelle, il MEININGER Budapest Great Market Hall si trova a Budapest, a meno di 1 km dal Museo Nazionale Ungherese, vicino a numerose attrazioni famose, a 11 minuti a piedi dal Grande Mercato Coperto, a 1,4 km dai Bagni Gellért, a 1,8 km dalla Sinagoga Grande e a 2,6 km dal Ponte delle Catene. Le camere dispongono di area salotto, bagno privato, WiFi gratuito, aria condizionata e TV a schermo piatto.;;0;2025-01-14 06:57:55;2025-01-14 06:57:55;NULL
705;NULL;Crystal Palace Hotel - Bucharest;Strada Căpitan Alexandru Șerbănescu 18-20, București 014292, Romania;"Costruito nel 2003 e ristrutturato nel 2018, il Crystal Palace è un hotel a quattro stelle situato in posizione strategica nella zona commerciale più importante della parte settentrionale di Bucarest, a soli 10 km dall'aeroporto internazionale di Otopeni e a 15 minuti dal centro storico della città.

Tutte le camere sono dotate di comfort che assicurano una permanenza accogliente e gentile: wifi gratuito, aria condizionata regolabile e ampia finestra sull'area circostante. Al mattino vi attende un'abbondante colazione continentale a buffet.

""La cultura dell'ospitalità del Crystal Palace Hotel consiste nel prendersi cura delle persone.""
Bogdan Dragomir - CEO Crystal Palace Hotel";;4;2025-01-14 11:54:22;2025-01-14 11:54:22;NULL
706;NULL;HOTEL SECESJA HOTEL ***;NULL;Centrale - situato ad appena 5 minuti a piedi dal Castello di Wawel. Essendo situato in pieno centro, la strada dove si trova l'hotel non consente l'accesso ai bus turistici, quindi i passeggeri dovranno scendere un pò prima e fare un breve tratto a piedi (ca 5 min.). L'autista dovrà parcheggiare il pullman e rientrare in hotel con i mezzi pubblici.;;3;2025-01-14 22:41:58;2025-01-14 22:41:58;NULL
707;NULL;Hotel Palazzo Durante;Piazza Durante,14, 98037 Letojanni, Italia;"Ubicato a Letojanni a pochi minuti dalla splendida Città di Taormina e a 8 km da Giardini Naxos. Le 38 camere, di cui 1 a norma per disabili, sono distribuite in tre livelli, a circa 10 metri dal mare. Tutte le camere sono dotate di ingresso indipendente, attrezzate con climatizzatore, Wi-Fi,
cassaforte, TV, frigo bar, bagno privato, doccia e phon. L'albergo dispone di sala colazione e ristorante, Wi-Fi nelle aree comuni, ascensore nel corpo centrale.";;3;2025-01-15 12:31:07;2025-01-15 12:31:07;NULL
708;NULL;Room00 Valencia Hostel;C/ de Samaniego, 18, Ciutat Vella, 46003 València, Valencia, Spagna;Il room00 Valencia Hostel offre la connessione WiFi gratuita, l’aria condizionata e una reception aperta 24 ore su 24. Soggiornerete nel centro storico di Valencia, nei pressi di Plaza de la Virgen. La struttura vanta camere e dormitori luminosi e moderni. Le camere includono un bagno privato. L’edificio è non fumatori ed è provvisto di ascensore e terrazza. Avrete a disposizione anche un internet point gratuito. Il room00 Valencia Hostel si trova a pochi metri dalle Torres de Serranos, le porte della città vecchia di Valencia. Il Giardino del Túria dista invece 100 metri dalla struttura.;;0;2025-01-15 19:36:07;2025-01-15 19:36:07;NULL
709;NULL;Hotel del Golfo-Napoli;NULL;"Ottima struttura. La posizione dell’albergo rende possibile raggiungere agevolmente i principali punti di interesse del centro storico di Napoli, con le sue meravigliose bellezze artistiche e culturali. Inoltre  si trova nelle vicinanze di Piazza Municipio (solo 400 Mt.), con il Maschio Angioino, dove c’è il porto con il molo Beverello e di Piazza-Garibaldi (solo 1 Km.) dove c’è la stazione centrale F.S. oltre a quelle della circumvesuviana , della metropolitana e del terminal bus;l’ottima posizione rende quindi possibile raggiungere agevolmente dal nostro albergo ogni parte di Napoli e provincia.
Napoli è una fantastica miscela di arte e bellezza naturale: Piazza Bovio, il cuore del centro storico di Napoli, attraversato dai famosi Spaccanapoli, Santa Chiara e Via San Gregorio Armeno, conosciuti in tutto il mondo per i suoi presepi artigianali, il Duomo di San Gennaro i Decumani con tutte le sue chiese trecentesche, la Napoli sotterranea accessibile da Piazza San Gaetano o, non molto lontano, il Museo Archeologico Nazionale, in Piazza Dante, un altro luogo che merita di essere visitato;";;3;2025-01-16 08:50:26;2025-01-16 08:50:26;NULL
710;NULL;Hotel Imperador;Avenida 5 de Outubro 55, 1050-048 Lisboa, Portogallo;Ubicato a 2 minuti di cammino dalla piazza Praça Duque de Saldanha, dove troverete una fermata della metropolitana di Lisbona, l'Imperador Hotel offre in ogni alloggio aria condizionata, TV via cavo, minibar con bevande rinfrescanti, e bagno privato completo di vasca e bidè. L'Imperador Hotel dista 20 minuti a piedi dal parco cittadino Eduardo VII e 6 fermate di metro dal Rossio, nel cuore della capitale portoghese.;;2;2025-01-16 12:55:36;2025-01-16 12:55:36;NULL
711;NULL;HOTEL FATTORIA BELVEDERE;Via Salaiola SS 68 Km 16 56040, Montecatini Val di Cecina (PI);"Struttura nel verde formata da vari corpi vicini tra loro, con il corpo centrale dove si trova la reception, il bar, una grande sala comune,
la sala colazioni ed il ristorante. 95 camere per un totale di 260/270 posti letto con anche letti a castello fino a 5 posti letto; 5 camere
per disabili. Aria condizionata, TV, frigobar, asciugacapelli. Ampi spazi esterni con giardino, piscina esterna, campi da tennis, calcio e
calcetto, parcheggio bus.";;4;2025-01-16 15:11:08;2025-01-16 15:11:08;NULL
712;NULL;Wot New Lisbon;Rua De O Século 150, Misericordia, 1200-437 Lisbona, Portogallo;Il WOT New Lisbon si trova a Lisbona, a 200 metri dal Giardino del Principe Reale. L'ostello è ospitato in un edificio ristrutturato del XVIII secolo, con piastrelle portoghesi originali e pezzi d'arredo vintage. Dotato di una grande piscina di palline, l'ostello dista solo 5 minuti a piedi dai vivaci bar e ristoranti del Bairro Alto. L'ostello offre sistemazioni in camere private  con bagno. Alcune camere vantano viste panoramiche sul fiume. La colazione è disponibile tutti i giorni, dalle 7:30 alle 10:30.  Una varietà di ristoranti locali è raggiungibile in 5 minuti a piedi. Dopo una giornata di visite turistiche, il patio interno con divani e docce è lo scenario perfetto per una pausa rilassante. La sala giochi comprende un biliardino. Lo storico Chiado dista 900 metri dal WOT New Lisbon, mentre i negozi e le boutique di lusso della famosa Avenida da Liberdade sono raggiungibili in 10 minuti a piedi. Il Castello di São Jorge si trova a 2,2 km e Rossio a 1,2 km. L'aeroporto internazionale Portela di Lisbona dista 8 km dal WOT New Lisbon.;;0;2025-01-17 08:26:31;2025-01-17 08:26:31;NULL
713;NULL;Hotel Parco dei Principi;NULL;"Situato a Paestum, a soli 30 metri dalla spiaggia, il Parco dei Principi offre biciclette gratuite, una grande terrazza con vista sul Mar Mediterraneo e sulla pineta e la connessione WiFi gratuita in tutti gli ambienti.

Decorate nelle tonalità del blu, le camere dispongono di mobili in legno chiaro, aria condizionata, TV a schermo piatto e minibar. Alcune sistemazioni vantano anche un balcone privato.

Avrete a disposizione anche la connessione WiFi in tutta la struttura e un parcheggio gratuito per auto e pullman.

Al mattino vi attende una colazione a buffet, mentre gli altri pasti sono serviti nella sala ristorazione o nel patio.";;4;2025-01-17 09:32:43;2025-01-17 09:32:43;NULL
714;NULL;Amic Colon***;Carrer 31 de Desembre, 31, 07003 Palma di Maiorca, Spagna;"La struttura sorge nel centro commerciale di Palma di Maiorca, questo economico hotel è raggiungibile in 5 minuti a piedi da Plaza de España e dalla stazione centrale degli autobus e dei treni di Maiorca.

Con camere confortevoli e prezzi molto competitivi, l'hotel è l'ideale per i viaggiatori con un budget limitato che desiderano esplorare la città di Palma di Maiorca. Situato su un ampio viale a tre corsie, questo hotel a conduzione familiare è in prossimità dei musei, dello stadio di calcio e da alcune delle migliori zone per lo shopping, incluso i ben conosciuti grandi magazzini Corte Ingles

La breve distanza con Plaza de España e le stazioni degli autobus e dei treni offre alla nostra clientela un facile accesso all'intera isola.";;3;2025-01-17 10:41:59;2025-01-17 10:41:59;NULL
715;NULL;MEININGER HOTEL o HOSTEL BERLIN HAUPTBAHNHOF BERLIN o similare;NULL;NULL;;0;2025-01-17 11:05:10;2025-01-17 11:05:10;NULL
716;NULL;Hotel Sole Pompei o similare;NULL;NULL;;3;2025-01-20 10:06:54;2025-01-20 10:06:54;NULL
717;NULL;B&B Hotel Napoli Centrale;P.za Giuseppe Garibaldi, 26, 80142 Napoli NA;"Situato a Napoli e distante 600 metri da Stazione di Napoli Centrale, B&B Napoli Centrale prevede il servizio concierge, camere senza allergeni, una sala comune, il WiFi gratuito in tutta la struttura e un bar. L’alloggio è ubicato a 1,1 km da Chiesa dei Santi Filippo e Giacomo e 2,4 km da Maschio Angioino. 
Tutte le camere sono dotate di un bagno privato, mentre alcune camere includono un balcone e altre comprendono anche la vista sulla città.";;3;2025-01-20 12:33:22;2025-01-20 12:33:22;NULL
718;NULL;EUROHOTEL;NULL;Sito nel centro di Piacenza, a soli 800 metri dalla stazione, l'Eurohotel offre camere eleganti, un parcheggio fruibile senza costi aggiuntivi e la connessione Wi-Fi gratuita nelle aree comuni, il tutto a 15 minuti a piedi dal Palazzo Farnese e dal Duomo. Le sistemazioni dell'Eurohotel sono climatizzate e provviste di raffinati arredi in legno, pavimenti in moquette e TV con canali satellitari e via cavo. Le unità all'ultimo piano regalano viste sulla città e sul Duomo. In alcune è anche disponibile la connessione Wi-Fi gratuita. Il ristorante dell'hotel apre su richiesta e serve piatti tipici nazionali e specialità lombarde. Come ospiti della struttura potrete ottenere uno sconto nell'altro ristorante della proprietà, ubicato a 1,5 km.;;3;2025-01-20 16:34:15;2025-01-20 16:41:45;2025-01-20 16:41:45
719;NULL;EUROHOTEL ***;NULL;Sito nel centro di Piacenza, a soli 800 metri dalla stazione, l'Eurohotel offre camere eleganti, un parcheggio fruibile senza costi aggiuntivi e la connessione Wi-Fi gratuita nelle aree comuni, il tutto a 15 minuti a piedi dal Palazzo Farnese e dal Duomo. Le sistemazioni dell'Eurohotel sono climatizzate e provviste di raffinati arredi in legno, pavimenti in moquette e TV con canali satellitari e via cavo. Le unità all'ultimo piano regalano viste sulla città e sul Duomo. In alcune è anche disponibile la connessione Wi-Fi gratuita. Il ristorante dell'hotel apre su richiesta e serve piatti tipici nazionali e specialità lombarde.;;3;2025-01-20 16:42:31;2025-01-20 16:42:31;NULL
720;NULL;HOTEL OLIMPIA ****;NULL;"Situato a soli 10 minuti a piedi dall'autodromo Enzo e Dino Ferrari, l'Olimpia è un hotel moderno che offre camere confortevoli con aria condizionata, connessione Wi-Fi gratuita e TV satellitare. L'Hotel Olimpia si trova nelle vicinanze del centro storico di Imola e dell'accesso autostradale.
Situato in una posizione ideale in questa graziosa città, vicino sia Bologna a ovest che Ravenna sulla costa adriatica, l'Olimpia Hotel offre una vasta gamma di strutture e servizi di qualità.";;4;2025-01-21 08:00:14;2025-01-21 08:00:14;NULL
721;NULL;Hotel a Rimini e dintorni;NULL;La riviera Romagnola ha molte strutture di ottima qualità e tutte con uno standard preciso.;;3;2025-01-21 14:05:28;2025-01-21 14:05:28;NULL
722;NULL;HOTEL CENTRALE EUROPA;NULL;Situato di fronte a Piazza Duomo, nel centro storico di Catania, l'hotel si compone di 3 piani senza ascensore e dispone di caffetteria e reception 24 ore su 24. Le camere sono tutte con aria condizionata, minibar, servizi privati. Ristorante esterno convenzionato.;;2;2025-01-22 17:51:58;2025-01-22 17:51:58;NULL
723;NULL;Hotel 3* standard in zona Lidi Ferraresi/Ravennati;NULL;NULL;;3;2025-01-22 20:46:11;2025-01-22 20:46:11;NULL
724;NULL;Hotel Amba;Arnulfstraße 20, 80335 München, Germania;Questo hotel si trova proprio accanto alla stazione centrale di Monaco, a 2 fermate o a 10 minuti a piedi dal centro della città, Marienplatz, e dalla zona pedonale e commerciale. Le confortevoli camere dell'Hotel Amba offrono un bagno interno. Di fronte l'Amba troverete la fermate del tram, della U-Bahn (ferrovia sotterranea) e della S-Bahn (metrotramvia), pertanto vi sarà agevole esplorare Monaco e la zona circostante.;;3;2025-01-23 12:48:58;2025-01-23 12:48:58;NULL
725;NULL;Hotel Gioiella-Bellaria;NULL;"Buon hotel situato a pochi passi dalla spiaggia di Bellaria-Igea Marina.
Le camere dispongono di aria condizionata, TV satellitare, minibar e balcone privato. Il bagno interno è dotat di set di cortesia.
L'Hotel Gioiella presenta inoltre una vasca idromassaggio all'aperto per 5 persone, una terrazza solarium, una sala giochi con calcio
balilla, una piccola biblioteca e un salotto con TV da 42 pollici.";;4;2025-01-23 17:22:20;2025-01-23 17:25:21;NULL
726;NULL;HOTEL BRIT GRAND HOTEL MUNSTER;NULL;"Situato nella splendida valle del Münster, tra la catena montuosa dei Vosgi e l'Alsazia, a 90 km da Strasburgo e 20 km da Colmar.
L'hotel offre 55 camere e monolocali suddivise in un corpo centrale e 2 unità separate che possono accogliere fino a 6 persone.
Ogni stanza è dotata di bagno e TV, mentre i monolocali presentano un angolo cottura completamente attrezzato.
Circondato da un giardino di 1 ettaro, l'hotel vanta una piscina all'aperto. Presso il bar-ristorante vi attendono i piatti della cucina
regionale e un menù alla carta con le specialità alsaziane.
A vostra disposizione anche una lavanderia, un salone, una terrazza e un ampio parcheggio";;3;2025-01-23 22:59:37;2025-01-23 22:59:37;NULL
727;NULL;STAR HOTELS TOURIST MILANO ****;NULL;"Lo Starhotels Tourist di Milano, a pochi passi dalla fermata della metropolitana Bignami, collegata direttamente con lo stadio di San Siro, e a 1 km dall'Università degli Studi di Milano-Bicocca, offre moderne sistemazioni climatizzate, la connessione WiFi gratuita e un centro fitness gratuito.
Tutte le camere del Tourist comprendono un minibar, una TV con canali Sky e Mediaset Premium gratuiti e un bagno con asciugacapelli e set di cortesia.
Ogni giorno vi attende una colazione a buffet a base di cereali e frutta fresca, mentre il ristorante La Cuccagnina propone piatti tradizionali e internazionali. L'elegante atmosfera del bar L'Agora vi permetterà invece di rilassarvi gustando vini e cocktail.
Lo Starhotels Tourist dista 20 minuti d'auto dal centro espositivo Rho Fiera Milano, raggiungibile anche con i mezzi pubblici.";;4;2025-01-24 17:52:47;2025-01-24 17:52:47;NULL
728;NULL;2060 THE NEWTON HOSTEL;C. de la Cabeza, 11, Centro, 28012 Madrid, Spagna;"Situato a Madrid, a 500 metri da Plaza Mayor e dalla Puerta del Sol, il 2060 The Newton Hostel dista 900 metri dal Paseo del Prado e
11 minuti a piedi dalla Puerta de Toledo. The Newton Hostel propone camere climatizzate, un giardino, il WiFi gratuito e una sala comune. Tutte le camere hanno le lenzuola.";;0;2025-01-26 14:01:04;2025-01-26 14:01:04;NULL
729;NULL;New Samay Hostel;Av. de Menéndez Pelayo, 13, Casco Antiguo, 41003 Sevilla, Spagna;Situato a soli 150 m dai giardini dell’Alcázar di Siviglia, il New Samay Hostel offre una reception attiva 24 ore su 24, il WiFi gratuito e una terrazza all'ultimo piano con viste sulla città. Questo ostello ristrutturato vanta camere e dormitori climatizzati e luminosi con bagno privato. Nelle strade circostanti troverete numerosi ristoranti e bar di tapas. La struttura sorge nello storico quartiere di Santa Cruz, a 500 m dall’Alcázar e a 10 minuti a piedi dalla Cattedrale di Siviglia. Il New Samay Hostel si trova a 20 minuti a piedi dalla stazione ferroviaria di Santa Justa e dalla stazione degli autobus Prado San Sebastián. L'autobus per l'aeroporto ferma a circa 200 m di distanza.;;0;2025-01-27 15:36:56;2025-01-27 15:36:56;NULL
730;NULL;Hotel Elite;Via Mariano Stabile, 136C, 90139 Palermo PA;Situato nel centro  della città di Palermo, a pochi passi dal centro storico, tra i più famosi teatri di Palermo e d'Italia, quali il Teatro Massimo e il Politeama Garibaldi. Tutte le 21 camere (di cui 3 esterne in dependance) si caratterizzano per la presenza di particolarissimi affreschi. Tutte le camere dispongono asciugacapelli, doccia con box o tenda ,TV, cassaforte, aria condizionata, telefono e Wi-Fi;;3;2025-01-29 21:50:21;2025-01-29 21:50:21;NULL
731;NULL;Centro turistico Gardesano Bussolengo;Via Pastrengo, 69, 37012 Bussolengo VR;"Immerso nel verde delle colline moreniche, tra il Lago di Garda e la città dell’Amore, l’Hotel Centro Turistico Gardesano è situato in un punto strategico per chiunque voglia godere della bellezza del nostro paesaggio naturale e delle attrazioni che la zona a sud del Lago di Garda offre.
L’Hotel Centro Turistico Gardesano conta circa 260 camere, di cui 22 camere Family. Le stanze sono suddivise in 4 padiglioni distinti. Le camere sono tutte dotate di balcone e arredate in uno stile semplice e funzionale: Servizi privati con doccia ,Set di cortesia,Asciugacapelli,Televisione,Cassaforte,Telefono,Impianto di climatizzazione autonomo.";;0;2025-01-29 23:02:12;2025-01-29 23:02:12;NULL
732;NULL;Napoli Day B&B;NULL;NULL;;0;2025-01-30 13:01:06;2025-01-30 13:01:06;NULL
733;NULL;Meininger hotel Rome;NULL;hotel occupa un edificio meravigliosamente restaurato vicino alla stazione Termini e offre ottimi collegamenti grazie alla rete di trasporto pubblico. Dalla stazione di Castro Pretorio si raggiunge in poco tempo il Foro Romano e il Colosseo, per rivivere i tempi degli antichi Romani. Ma ci sono tante altre attrazioni nel centro città facilmente raggiungibili dal MEININGER Hotel.;;0;2025-01-30 14:28:15;2025-01-30 14:28:15;NULL
734;NULL;Park Hotel - Lecco;Via Nazionale, 142, 23821, Abbadia Lariana (LC);"Sulle rive del Lago di Como la posizione dell'hotel rimane impressa come un luogo magico per i viaggi.
A pochi minuti di auto da Lecco offre un perfetto punto di partenza per una vacanza esperienziale arricchita dalle infinite attività che si possono fare nel contesto del Lago di Como. 

Puoi iniziare la giornata con un muffin al cioccolato o un toast deliziosamente farcito ma la costante è che lo farai il tocco sulla terrazza vista lago. Nelle camere, ampie e spaziose, si possono trovare: bagno interno, aria condizionata, TV e bollitore elettrico.";;3;2025-01-31 02:49:31;2025-01-31 02:49:31;NULL
735;NULL;Hotel Enziana;Rennweg 51, 1030 Wien, Austria;L’hotel si trova in ottima posizione centrale, ai piedi del Belvedere. È su un viale conosciuto pieno di attività e negozi di ogni genere, il Rennweg. Il centro storico di Vienna si può raggiungere anche a piedi in circa 15-20 minuti. L’Hotel è una grande struttura che ha la tipicità di avere spazi comuni e le stanze tipicamente arredati in legno massiccio tipo stile tirolese. Quindi l’hotel si presenta in maniera calda ed accogliente, dispone di un grande ristorante/sala colazioni ed ampia reception internazionale.;;3;2025-01-31 07:55:39;2025-01-31 07:55:39;NULL
736;NULL;Adventure Hostel Madrid;C. del Pez, 1, Centro, 28004;In una posizione ideale nel centro di Madrid, Adventure Hostel Madrid mette a disposizione camere climatizzate, il WiFi gratuito e un bar. L’alloggio è situato a 1,4 km da Templo de Debod, 1,1 km da Royal Palace of Madrid e 1,1 km da Mercato San Miguel. L'alloggio è interamente non fumatori ed è posizionato a 400 metri da Gran Vía.  Le camere sono dotate di un bagno privato con doccia, mentre alcune camere presentano inoltre un balcone e altre presentano anche la vista sulla città. Le unità presentano le lenzuola.  Presso questo ostello la colazione include opzioni a buffet e continentali.;;0;2025-02-01 07:22:51;2025-02-01 07:22:51;NULL
737;NULL;HOTEL CONGRESS & WELLNESS OLSANKA SUPERIOR **** Praga o similare;NULL;"Vicino al centro - Praga 3
Situato nel quartiere di Zizkov, fermata tram davanti all'hotel, permette di raggiungere il centro storico di Praga in 10 minuti.
Struttura su 9 piani con ascensore, bar , ristorante e ampia hall. Dispone di 256 camere tutte con servizi privati, box doccia, telefono,
phon, TV, wi-fi e cassaforte. Attenzione: non ci sono camere a norma disabili. Parcheggio Bus dietro l'hotel a pagamento non prenotabile. Ristorante interno con cena a buffet.";;4;2025-02-02 10:26:50;2025-02-02 10:26:50;NULL
738;NULL;Hotel Ananas **** Vienna;NULL;Il più grande hotel 4 stelle dell'Austria offre tutto, e anche qualcosa in più, per garantirvi un indimenticabile viaggio a Vienna. La posizione fantastica nei pressi del celebre Naschmarkt si può ben definire la ciliegina sulla torta del vostro soggiorno. Tra un’escursione e l’altra, qui troverete tutta la tranquillità necessaria per ricaricarvi e ripartire alla scoperta di un altro angolo di Vienna.;;4;2025-02-03 14:26:24;2025-02-03 14:33:49;NULL
739;NULL;Hotel Axa *** Praga;NA POŘÍČÍ 40, 110 00 PRAGUE CZ,;L'Hotel AXA è perfettamente situato proprio nel cuore di Praga. Grazie alla sua eccellente posizione, sarai vicino alla Piazza della Città Vecchia, così come ad altri luoghi famosi, ristoranti,bar, negozi e il centro commerciale Palladium. L'Hotel AXA si trova a pochi passi dalle fermate di tram e autobus, dalla stazione della metropolitana e dalla stazione degli autobus Florenc, con bus per Berlino e Budapest. È in prossimità sia di Masarykovo nádraží che di Hlavní nádraží, le due stazioni principali della citta.;;3;2025-02-04 09:25:21;2025-02-04 09:25:21;NULL
740;NULL;Hotel Brit Grand Hotel Munster;1 Rue de la Gare, 68140 Munster, Francia;Situato nella splendida valle del Münster, tra la catena montuosa dei Vosgi e l'Alsazia, il Grand Hôtel rappresenta una scelta ideale per un soggiorno con la famiglia. L'hotel vanta 56 camere e monolocali che possono accogliere fino a 6 persone. Le camere sono dotate di bagno e TV, mentre i monolocali presentano un angolo cottura completamente attrezzato. Circondato da un giardino di 1 ettaro, il Grand Hôtel vanta una piscina all'aperto. Presso il bar-ristorante vi attendono i piatti della cucina regionale. A disposizione anche una lavanderia, un salone, una terrazza e un ampio parcheggio.;;3;2025-02-05 21:12:27;2025-02-05 21:12:27;NULL
741;NULL;Hotel Miramonti;Via Kaberlaba, 9 - 36012 Asiago VI;"Hotel a gestione famigliare, appartenente dal 1963 alla fam. Rigoni che lo gestisce tutt'ora direttamente, offre l'ospitalità di un tempo nel confort dei giorni nostri .L'hotel si trova in località Kaberlaba a circa 3 Km dal centro del paese e dispone di un giardino, un parcheggio privato gratuito, una sala comune e una terrazza. La struttura prevede  un ristorante e un bar. WiFi gratuito. Tutte le camere presso questo hotel prevedono una TV a schermo piatto con canali satellitari e una cassaforte. Dispongono tutte di un bagno privato che comprende un bidet e l'asciugacapelli. Le unità hanno una scrivania.
Questa struttura offre un’area giochi per bambini.";;3;2025-02-06 13:31:46;2025-02-06 13:31:46;NULL
742;NULL;HOTEL VILLE ADRIA (HOTEL E RESORT ADRIA ANKARAN) ****;NULL;"Resort a 7 km da Capodistria immerso del verde e affacciato sul mare. Dispone di centro benessere, un campo da tennis, un centro fitness, una sala da bowling con 6 corsie e impianti per beach volley, ping-pong, mini golf, calcio e basket. A 35 m da Trieste Tutte le ville dispongono di aria condizionata. (minibar e cassaforte solo nelle Ville 4*).
Dispone di 3 camere per disabili nelle Ville Bor, wifi e parcheggio.";;4;2025-02-06 22:22:29;2025-02-06 22:22:29;NULL
743;NULL;OSTELLO BELLO Milano Duomo;Via Medici 4, 20123 Milano;"Situato nelle immediate vicinanze di Piazza del Duomo della metropolitana, l’Ostello Bello Milano Duomo offre ambienti contemporanei, la connessione WiFi gratuita e una terrazza all’ultimo piano.
Tutte le sistemazioni, tra cui dormitori e camere private con bagno interno, presentano ambienti climatizzati che combinano arredi classici e moderni.";;0;2025-02-07 10:49:24;2025-02-07 10:49:24;NULL
744;NULL;Hotel Europa;NULL;Hotel Europa, 3 stelle (www.hoteleuropa.tn.it) di fronte alle Terme con piscina e a soli 200mt dagli impianti di risalita (e deposito attrezzatura), che ad ogni altro servizio di pubblica utilità. Dispone di spazi comuni e coniuga capacità di accoglienza, esperienza di gestione dei gruppi, anche scolastici;;3;2025-02-10 11:11:40;2025-02-10 11:11:40;NULL
745;NULL;Dalai Lama Village;Frazione Promiod, 1B 11024, Chatillon (AO);"""Relax, dream, taste and explore."" 

Dolci raggi di sole che scaldano le montagne. Aria frizzantina che riempie il cuore e l’anima. Prati disegnati dai fiori e boschi profumati che incantano a tutte le età. Una delicata cornice in cui Dalai Lama Village si colloca con gli chalet e nei bungalow indipendenti dove sognare guardando il panorama, assaggiare i gusti tipici della tradizione e ammirare le bellezze più sconosciute della Valle d’Aosta.

Le sistemazioni del Dalai Lama possono accogliere da 2 a 4 persone e alcuni alloggi dispongono di un angolo cottura. L'edificio principale a due piani è completo di palestra e centro benessere con piscina coperta, bar, salotto, terrazza solarium e un ristorante dove gustare specialità locali. 

A 1500 metri al di sopra del livello del mare,  il Glamour Camping si affaccia nella Valle di Cervinia, Valtournenche, ed è un luogo dove vivere la natura più vera. Quando arrivi, guardati intorno con occhi curiosi e attenti: le Alpi valdostane sapranno regalarti mille emozioni ad ogni stagione.";;0;2025-02-11 14:40:59;2025-02-11 16:47:41;NULL
746;NULL;Hotel Center/ Valle Roma;NULL;Hotel a 500 metri dalla Stazione Termini ben collegati con tutta la città.;;3;2025-02-12 10:24:32;2025-02-12 10:24:32;NULL
747;NULL;hotel Marrani;Borgo San Lorenzo 40 minuti da Firenze centro;"L'hotel si trova nella Valle del Mugello, nei pressi dell'omonimo circuito, a 39km dal centro di Firenze.
Le camere sono divise tra corpo centrale e due corpi distaccati.
Nel corpo centrale si trovano sala colazione, ristorante e veranda, i 2 corpi distaccati sono a 100 mt e sono composti da camere
rinnovate e non rinnovate con tutti i comfort al piano terra e 1° piano (senza ascensore)
La struttura offre piscina, campo da tennis e parcheggio privato per bus";;0;2025-02-12 12:17:53;2025-02-12 12:17:53;NULL
748;NULL;B&B Hotel Milano Sesto Marelli;NULL;"Hotel di moderna concezione, semplice ma molto confortevole, di recentissima costruzione.
Ottimamente collegato con Milano grazie alla linea Metro a soli 200 Mt.(tariffa urbana) che permette di raggiungere Piazza Duomo in
soli 20 minuti.
Camere nuove e con un design contemporaneo e colazione molto ricca e curata fanno la forza di questa struttura.";;3;2025-02-13 16:05:18;2025-02-13 16:05:18;NULL
749;NULL;A&O Hostel Friedrichshain Berlin;NULL;"L'A&O Friedrichshain Ostkreuz dista soli 5 minuti a piedi dalla stazione Ostkreuz (4 fermate s-bahn per Alexanderplatz). Sistemazione prevista in camere 4/6/8 posti letto (anche con castello) . Lenzuola incluse (letto da rifarsi a cura dei clienti); 1 kit asciugamano incluso all'arrivo.";;0;2025-02-13 16:12:05;2025-02-13 16:12:05;NULL
750;NULL;Ostello Bello Roma Colosseo;NULL;"Ostello Bello Roma Colosseo offre un giardino, una sala comune, una terrazza e un bar a Roma. Tra i servizi di questa struttura c’è una cucina in comune e una reception 24 ore su 24, oltre al WiFi gratuito in tutta la struttura. La struttura dista 1,8 km dal centro città e 800 metri da Basilica di Santa Maria Maggiore.

Presso questo ostello le camere hanno il bagno privato con doccia, e alcune unità presentano anche un’area salotto. A colazione troverete opzioni a buffet, continentali o italiane. Presso Ostello Bello Roma Colosseo potrete giocare a ping pong.I luoghi di interesse più famosi nei dintorni di questa struttura includono Stazione Metro Vittorio Emanuele, Stazione Metro Cavour e Stazione Metro Colosseo. Aeroporto di Roma Ciampino si trova a 13 km dalla struttura.";;0;2025-02-13 20:02:30;2025-02-13 20:02:30;NULL
751;NULL;Hotel Roma;Via Carlo Ghega, 7, 34132 Trieste;Buona struttura in pieno centro a Trieste, a soli 150 m dalla stazione FS. Strutturata su 5 piani con ascensore, bar e ampia hall. Dispone di 40 camere (di cui 1 a norma disabili accessibili tramite una rampa mobile per le scale della hall) tutte con box doccia, phon, aria condizionata, frigo, TV e cassaforte.;;3;2025-02-14 09:15:09;2025-02-14 09:15:09;NULL
752;NULL;Hotel Noemys Arles;RUE CHARLIE CHAPLIN, ZAD DE, Chem. de Fourchon, 13200 Arles, Francia;Ubicato a Arles, a 1,9 km da Arena di Arles, Noemys ARLES propone un giardino, un parcheggio privato gratuito, una terrazza e un ristorante. Questo hotel a 3 stelle offre una reception 24 ore su 24 e il WiFi gratuito. Gli ospiti possono usufruire di un bar e ristorante interno.;;3;2025-02-14 10:44:51;2025-02-14 10:44:51;NULL
753;NULL;Hotel Royal Costa;C. Sistema Ibérico, 60, 29620 Torremolinos, Málaga, Spagna;Vantando una posizione tranquilla in prossimità della nota spiaggia di Torremolinos, questo hotel dispone di un'ampia piscina, situata all'interno di giardini tropicali, e di un ristorante a buffet. Si possono ammirare le viste sulla montagna o sul mare. Presso il ristorante del del Royal Costa attendono pietanze per la prima colazione, il pranzo e la cena.;;3;2025-02-14 11:18:46;2025-02-14 11:18:46;NULL
754;NULL;A&O Brussels Centrum;Bd Roi Albert II 44, 1000 Bruxelles, Belgio;"L'a&o Brussel Centrum offre sistemazioni con WiFi gratuito e uno snack bar. Le camere sono dotate di vasca e doccia combinate e TV a schermo piatto. Il pavimento in legno vinilico di ogni unità conferisce agli ambienti una calda atmosfera. La colazione a buffet viene servita ogni giorno nell'apposita sala con vista sul giardino. Per la cena e gli spuntini potrete provare il bar-ristorante. Potrete gustare un drink nel giardino terrazzato. L'a&o Brussel Centrum si trova a 8 minuti a piedi dalla stazione ferroviaria di Bruxelles-Nord. Da qui potrete raggiungere il centro città e la Grand Place in 5 minuti. Un viaggio in treno di 10 minuti vi porterà alla stazione ferroviaria di Bruxelles-Sud, che offre collegamenti con diverse destinazioni internazionali con Thalys o Eurostar. L'hotel si trova a 10 minuti di auto dal Bruxelles Expo e a 15 minuti a piedi dalla stazione della metropolitana Rogier e dal centro
commerciale City 2. L'hotel dista 2,1 km dal nuovo centro commerciale Docks Bruxsel. L'aeroporto internazionale di Bruxelles dista 11,5 km";;0;2025-02-14 21:55:54;2025-02-14 21:55:54;NULL
755;NULL;MEININGER Milano Lambrate;NULL;"Situato direttamente di fronte alla stazione ferroviaria di Milano Lambrate e a 5 minuti a piedi dall'omonima stazione della metropolitana, il Meininger Milano Lambrate offre camere moderne con connessione WiFi gratuita, un bar e una reception operativa 24 ore su 24.

Le sistemazioni del Meininger presentano una TV a schermo piatto, un bagno privato e l'accesso alla cucina in comune, alla zona lavanderia e alla sala per i giochi dell'hotel.

Al mattino vi attende una colazione a buffet composta da pietanze dolci e salate.";;0;2025-02-18 12:03:08;2025-02-18 12:03:08;NULL
756;NULL;Lo Stambecco - Hotel Ski Club;Plan Maison 11021 Cervinia-Breuil, Valle d'Aosta, Italia;"La funivia è il solo mezzo per arrivare in questo angolo di paradiso. Pochissimi minuti per arrivare a destinazione e poi solo pace e silenzio.
L'Hotel Ski Club Lo Stambecco di Cervinia si trova direttamente sulle piste da sci di Plan Maison, a 2.550 mt., proprio ai piedi del Cervino.

Immerse in un suggestivo panorama naturale le camere sono dotate di tutti i comfort, ogni stanza si affaccia sulle montagne circostanti e sulla maestosità della natura che in ogni stagione regala qualcosa di unico.
Dormire qui significa riposare davvero, risvegliandosi pronti a nuove esperienze.

Dopo una genuina colazione tra pane tostato, formaggi, marmellate, frutta e torte fatte in casa la giornata può procedere tra sport adrenalinici o un caldo relax, sia d'estate che d'inverno. 

Nel cuore dell'albergo, e una stupenda vista sulle piste da sci, il ristorante garantisce squisiti piatti tipici valdostani preparati con cura e con i migliori prodotti locali.

Non lasciare questo incantevole panorama senza prima aver sperimentato la spa con vasca idromassaggio, sauna, doccia emozionale, doccia finlandese ed una zona dedicata a trattamenti praticati da personale altamente qualificato.";;3;2025-02-18 16:50:58;2025-02-18 16:50:58;NULL
757;NULL;Park Hotel - Salice terme;Via Diviani, 8, 27055 Salice Terme PV;"Park Hotel è una realtà genuina e autentica che vi porta fra i vigneti dell'OltrePo Pavese con un soggiorno da ricordare per l’accoglienza, la cucina ed il territorio che vi ospita. Circondato da vigneti e graziosi paesini rurali nel cuore dell'OltrePo Pavese, ad un'ora da Milano, Genova e Torino si può trascorre un piacevole soggiorno approfittando delle diverse opportunità che offre il territorio tra storia, cultura, arte e natura.

Le camere sono dotate di TV e bagno privato con asciugacapelli e set di cortesia. Nell'hotel è presente la connessione WiFi gratuitamente in tutta la struttura, un parcheggio, il noleggio delle biciclette e un'ampia area in natura per il relax. 

Al mattino viene servita la colazione a buffet e quando il sole scalda la terra si può cominciare la giornata sotto i tiepidi raggi mattutini. 
Il ristorante propone piatti caserecci tradizionali a base di ingredienti naturali, accompagnate da un assortimento di ottimi vini locali.";;3;2025-02-18 19:46:58;2025-02-18 19:46:58;NULL
758;NULL;Hotel Clementi - Salice Terme;Via Diviani, 15, 27052 Godiasco Salice Terme PV;"Nel cuore di Salice Terme, nella regione dell'Oltrepò Pavese, l'Hotel Clementi rappresenta una scelta ideale per chi desidera una posizione strategica per esplorare le bellezze della zona.
La posizione centrale dell'Hotel Clementi permette di raggiungere facilmente le Terme di Salice e altre attrazioni locali. Inoltre, l'hotel offre un servizio di noleggio biciclette gratuito, consentendo agli ospiti di esplorare comodamente i dintorni. 

Le 40 camere sono dotate di aria condizionata autonoma, TV a schermo piatto, connessione Wi-Fi gratuita, minibar e alcune vantano anche un balcone con vista sul giardino circostante che per i momenti di relax offre una piscina all'aperto, ideale per rinfrescarsi durante le giornate estive. 

Per chi desidera provare i piatti della cucina italiana tradizionale e specialità locali, è garantita un'esperienza culinaria autentica.

* L'hotel ha da poco concluso interventi di ristrutturazione pertanto le immagini potrebbero non rispecchiare fedelmente lo stato attuale degli ambienti.";;3;2025-02-18 20:26:26;2025-02-19 10:39:30;NULL
759;NULL;5 terre lodge;la spezia;"Il 5 Terre Lodge si trova a La Spezia, a 250 m dalla stazione ferroviaria di La Spezia Centrale e a 1 km dal porto dei traghetti, entrambi con collegamenti per il Parco Nazionale delle Cinque Terre, protetto dall'UNESCO.
Tutte le camere sono dotate di aria condizionata e TV a schermo piatto. Le camere sono dotate di macchina da caffè. Tutte le camere sono dotate di bagno privato con vasca o doccia, bidet e set di cortesia";;0;2025-02-19 16:53:11;2025-02-19 16:53:11;NULL
760;NULL;HOTEL HAPPY ***;NULL;"Situato a soli 100 metri dalla spiaggia di Marina di Pietrasanta, l'Hotel Happy offre un giardino terrazzato e un parcheggio gratuito. Tutte luminose, le camere sono dotate di aria condizionata. Arredate con semplicità, le camere sono dotate di TV e freschi pavimenti piastrellati.
Situato a metà strada tra Forte dei Marmi e Viareggio, l'Happy Hotel dista 5 minuti a piedi da negozi, ristoranti e una piscina. Gli autobus per Viareggio fermano a 150 metri di distanza.";;3;2025-02-22 18:02:36;2025-02-22 18:02:36;NULL
761;NULL;Hotel Casanova Napoli;NULL;"l'Hotel Casanova, struttura a conduzione familiare, è il luogo ideale per un soggiorno in questa vivace città storica.

L'Hotel Casanova si trova a 200 metri da Piazza Garibaldi, dove potrete prendere treni, tram, metro e autobus non solo per attraversare il centro della città, ma anche per raggiungere Pompei e la costa meridionale. Le piazze e i musei principali di Napoli sono raggiungibili a piedi in soli 15 minuti.";;2;2025-02-24 15:40:44;2025-02-24 15:40:44;NULL
762;NULL;ARCO DEL SOLE HOTEL3***  Cavi di Lavagna;Via Aurelia 1992 Cavi di Lavagna, Lavagna, Italia;"L'hotel Arco del Sole Lavagna, a 3 stelle, si trova a circa 25 minuti a piedi dalla spiaggia Bagni Mignon e dispone di 48 camere dotate dei comfort moderni. Situato a circa 3 km dalla Via XXV Aprile, questo hotel vanta una piscina.
La struttura dista 30 minuti di cammino dal centro di Lavagna. La zona comprende luoghi di interesse religioso, come la Chiesa di Santa Giulia (1 km) e la Basilica dei Fieschi (3 km). Anche le attrazioni di intrattenimento come il convento dell'Annunziata si trovano a circa 4 km di distanza. La fermata dell'autobus ATP è a circa 450 metri di distanza.";;3;2025-02-26 01:14:34;2025-02-26 01:14:34;NULL
763;NULL;Hotel Villa Flora ***;Piazza Achille de Giovanni, 5, 38050 Roncegno TN;L'albergo Villa Flora è situato in zona tranquilla nel centro del paese, all'interno del parco privato. Con le sue accoglienti e spaziose stanze, l'hotel è la residenza ideale per famiglie e gruppi anche molto numerosi. Le camere sono confortevoli, dispongono di una vista panoramica sulla valle e sulle montagne e sono tutte dotate di anticamera con armadiatura, TV e servizi privati.;;3;2025-02-26 17:42:04;2025-02-26 17:42:04;NULL
764;NULL;casa alpina Don Bosco;Carisolo (PINZOLO);La casa per Ferie “Casa Alpina Don Bosco” è accogliente e ben servita, dotata di ogni comfort è perfetta per trascorrere un periodo di tempo per rinvigorirsi fisicamente e spiritualmente in mezzo alla natura.;;0;2025-03-02 14:31:01;2025-03-02 14:31:01;NULL
765;NULL;Kleos Hotel Milano;NULL;Kleos Hotel Milano: Boutique Hotel nel Cuore di Milano, Vicino al Centro e alla Metro Blu. Kleos Hotel Milano è un raffinato boutique hotel situato nel cuore della città, a pochi passi dal centro storico, da Via Montenapoleone e da Fiera Milano City.;;3;2025-03-04 10:21:06;2025-03-04 10:21:06;NULL
766;NULL;Open011;NULL;"Situato a 4km da Piazza Castello, è ben collegato con le stazioni ferroviarie e l'aeroporto di Caselle. Dispone di tutte camere con
bagni interni fino a 4 posti letto (5 al massimo); ristorante; bar; 2 sale TV con lettore DVD; terrazza; 1 sala multimediale con accesso
ad internet predisposta anche per collegamenti WI-FI; 1 sala studio con biblioteca interna e 3 sale polivalenti per attività ricreative o di
laboratorio.";;0;2025-03-04 12:50:49;2025-03-04 12:50:49;NULL
767;NULL;Hotel Tourist - Torino;Via Alpignano 3, 10143 Torino, Italia;"Immagina di scendere alla stazione di Porta Susa, salire subito sulla metro e appena dopo due fermate sentire l'odore della città attorno a te. Poco più di 200 metri e raggiungi l'Hotel Tourist, in una tranquilla zona residenziale di Torino. Autobus, tram e metropolitana fermano tutti nelle vicinanze permettendovi di avere il centro città a portata di mano.

Le camere sono dotate di connessione Wi-Fi e bagno privato. 
Nella hall si trova un internet point gratuito. 

Colazione e cena sono servite in hotel.";;3;2025-03-04 16:56:37;2025-03-04 16:56:37;NULL
768;NULL;Re Diego B&B Napoli;NULL;"A 500 metri da Stazione di Napoli Centrale, Re Diego propone sistemazioni con una sala comune, un bar e il servizo in camera, che fa sempre comodo. Il WiFi gratis è tra i servizi offerti in tutta la struttura.

Ogni alloggio offre un bagno privato con bidet, l’aria condizionata, una TV a schermo piatto e un frigorifero. Alcune unità hanno un’area salotto e/o un balcone.";;0;2025-03-05 13:30:29;2025-03-05 13:30:29;NULL
769;NULL;Adria Ankaran Hotel & Resort;Jadranska cesta 25, 6280 Ankaran, Slovenia;Resort a 7 km da Capodista immerso del verde e affacciato sul mare. Dispone di centro benessere, un campo da tennis, un centro fitness, una sala da bowling con 6 corsie e impianti per beach volley, ping-pong, mini golf, calcio e basket. A 35 m da Trieste Tutte le ville dispongono di aria condizionata. (minibar e cassaforte solo nelle Ville 4*). Dispone di 3 camere per disabili nelle Ville Bor, wifi e parcheggio.;;4;2025-03-06 17:16:16;2025-03-06 17:16:16;NULL
770;NULL;Hotel Cala Battaglia-Ventotene;NULL;"Dotato di camere climatizzate fornite di viste panoramiche sul Mar Tirreno, l'Hotel Calabattaglia sorge sull'isola di Ventotene ed è circondato da un parco mediterraneo. A disposizione un parcheggio gratuito.

Il ristorante del Calabattaglia è specializzato in cucina italiana e specialità locali a base di pesce. I pasti vengono serviti sulla terrazza con vista mare.

Le camere del Calabattaglia Hotel presentano una TV a schermo piatto e un balcone o una terrazza arredati.

A disposizione anche un internet point gratuito nella hall e una terrazza con viste sul mare e sulla vicina Isola di Santo Stefano.

L'hotel propone una navetta gratuita per le vicine spiagge e per il porto turistico di Ventotene, servito dai traghetti per l'Italia continentale o per le vicine isole di Ponza e Ischia.";;3;2025-03-07 18:35:17;2025-03-07 18:35:17;NULL
771;NULL;HOTEL CASA PER FERIE IST. SALESIANO DELL'IMMACOLATA;NULL;"Struttura con circa 75 camere. Una parte al primo e secondo piano della struttura principale ed un'altra parte in un villino con accesso
indipendente ma sempre all'interno del complesso.
Tutte le camere hanno il proprio bagno privato e sono accessoriate di sapone, bagno schiuma e shampoo monodose (no
asciugacapelli). Ampi spazi in comune e ristorante.";;0;2025-03-10 12:59:01;2025-03-10 12:59:01;NULL
772;NULL;Napoli Gold Hotel;Corso Umberto I 219, Porto di Napoli Molo Beverello;"Napoli's Gold è un alloggio situato a Napoli a 900 metri da Museo Cappella Sansevero. La struttura offre agli ospiti camere climatizzate con una scrivania, un bollitore elettrico, un minibar e una cassaforte. Non mancano poi la TV a schermo piatto, un balcone e un bagno privato con bidet. Napoli's Gold offre una colazione a buffet.
I luoghi di interesse più famosi nei dintorni di questa struttura includono San Gregorio Armeno, Maschio Angioino e Chiesa dei Santi Filippo e Giacomo.";;0;2025-03-11 10:18:33;2025-03-11 10:18:33;NULL
773;NULL;Hotel Turnerwirt;Linzer Bundesstraße 54, Gnigl, 5023 Salisburgo, Austria;"Questo hotel a 3 stelle e a conduzione familiare, risalente al 1437, dista solo 2 km dal centro di Salisburgo Offre un parcheggio privato a pagamento e il WiFi gratuito.
L'Hotel Turnerwirt presenta 3 zone distinte: l'edificio principale, l'atrio con salone e la romantica villa con terrazza. Le camere sono moderne e dotate di bagno e di TV satellitare.
L'hotel dispone di un esclusivo cocktail bar. Per il divertimento dei più piccoli, il Turnerwirt ospita anche una sala per i giochi e un percorso sterrato da percorrere con automobiline a pedali.
Il personale della reception sarà lieto di fornirvi biglietti per visite guidate e mezzi pubblici. Soggiornerete nelle vicinanze di numerosi negozi e ristoranti.
La sistemazione prevista è in camere triple per gli studenti e singola per il docente. Il trattamento è di pernottamento e colazione.
La fermata dell'autobus è proprio adiacente all'hotel.";;3;2025-03-11 20:34:11;2025-03-11 20:34:11;NULL
774;NULL;Hotel Ambient;Aškerčeva ulica 6a, 1230 Domžale, Slovenia;Situato a Domžale, un sobborgo di Lubiana, l'Ambient Hotel vanta un ristorante in loco. Tutte le camere sono dotate di arredi moderni, aria condizionata e TV a schermo piatto. Il bagno privato è completo di vasca o doccia.;;3;2025-03-12 06:04:25;2025-03-12 06:04:25;NULL
775;NULL;Meininger Budapest Great Market Hall;NULL;NULL;;0;2025-03-12 08:10:00;2025-03-12 08:10:08;2025-03-12 08:10:08
776;NULL;Meininger Budapest Great Market Hall o similare;NULL;NULL;;0;2025-03-12 08:10:33;2025-03-12 08:10:33;NULL
777;NULL;Hotel Villa Molinari;Strada Nazionale Est 33 - Stradella Di Collecchio, 43044 Collecchio;Situato a Collecchio, a 10 km da Parma, Hotel Villa Molinari prevede un giardino, un parcheggio privato gratuito, una terrazza e un ristorante. Con un bar, questo hotel a 3 stelle dispone di camere climatizzate con TV a schermo piatto, WiFi gratuito e bagno privato. La struttura propone servizio di deposito bagagli per gli ospiti.;;3;2025-03-12 15:58:38;2025-03-12 15:58:38;NULL
778;NULL;Hotel Vega;Strada di Montalcino, 2/A, 06134 Perugia PG;"Situato in una posizione tranquilla in un parco di 2 ettari nella splendida campagna umbra, tra Assisi e Perugia,, l'Hotel Vega Perugia offre una piscina all'aperto e il WiFi gratuito in tutte le aree. La piscina dell'Hotel Vega è completamente attrezzata e dotata di docce, lettini e bar adiacente. In loco potrete passeggiare nei giardini ombreggiati o noleggiare una bicicletta per esplorare la campagna circostante. Nelle vicinanze sono presenti anche maneggi e campi da tennis. Provvisto di un parcheggio gratuito, l'Hotel Vega si trova in un'ubicazione agevole per il turismo, vicino all'Aeroporto di Sant'Egidio e ad una stazione ferroviaria, e con buoni collegamenti stradali che permettono di raggiungere il centro di Perugia in soli 10 minuti in auto.
Il Vega ospita anche un bar nella hall rinnovata.";;3;2025-03-14 08:00:49;2025-03-14 08:00:49;NULL
779;NULL;Hotel Fiera Bologna;Via Stalingrado 82, 40128 Bologna;"Situato a 200 metri dall'ingresso del centro espositivo di Bologna e a 2 minuti in auto dall'uscita Fiera-Stalingrado della tangenziale, l'Hotel Fiera Wellness & Spa offre un ristorante di specialità regionali.
Le camere sono decorate con gusto e dotate di TV satellitare, minibar e aria condizionata.";;3;2025-03-17 20:11:03;2025-03-17 20:11:03;NULL
780;NULL;Famiglia selezionata inglese;NULL;L'opzione di vivere con una famiglia inglese è sempre la soluzione migliore perché potrai immergerti appieno nella lingua e nella cultura locale. Le famiglie con le quali lavoriamo accolgono i nostri studenti come fossero della famiglia stessa. Tutte le famiglie forniscono le lenzuola ed asciugamani, ma, per questi ultimi, ti consigliamo di portane un paio da casa. La tua famiglia ospitante si occuperà di prepararti i pasti (colazione, pranzo - packed lunch - cena) e ti fornirà una camera che potrai condividere con altro studente della tua scuola. Inoltre potrai usufruire degli spazi comuni, in questo modo avrai l’opportunità di condividere la vita di tutti i giorni con la famiglia, fare colazione e cenare insieme come da abitudini irlandesi e condividere momenti di convivialità. La famiglia ospitante può ospitare anche altri studenti stranieri.;;0;2025-03-17 21:39:36;2025-03-17 21:39:36;NULL
781;NULL;Hotel Blue Marine;Via Udine, 81, 33054 Lignano Sabbiadoro UD;"Struttura recentemente rinnovata in posizione centrale a Lignano. 3 piani con ascensore, ampi spazi comuni tutti ben arredati, sala ristorante, bar, piscina, solarium. Dispone di 26 camere (di cui una a norma disabili), tutte arredate in stile moderno ed elegante, con servizi privati interni,
asciugacapelli, bollitore, frigobar, aria condizionata, cassaforte, telefono.";;3;2025-03-19 05:59:51;2025-03-19 05:59:51;NULL
782;NULL;B&B HOTEL Borgaro Torinese - Torino;Via Lanzo, 163 , 10071 Borgaro Torinese, Italia;"Ideale per chi vuole alloggiare vicino al capoluogo piemontese ma lontano dai rumori della città, il B&B Hotel Borgaro Torinese è un ambiente moderno, dal gusto elegante e raffinato vantaggiosa per chi si muove in treno o aereo.  Dall'aeroporto di Torino e dalle  Stazioni Porta Susa e Porta Nuova,  sono a disposizione navette che fermano davanti all'hotel.

Una volta superata l'elegante hall entrerai nelle camere accoglienti, moderne, ampie e luminose dotate di tutti i comfort necessari, incluso bagno privato dotato di bidet, doccia e asciugacapelli. Per il vostro soggiorno smart è disponibile una connessione Wi-Fi gratuita e un TV 32"" a schermo piatto con Chromecast integrata, oltre a mini frigo, una cassaforte e aria condizionata.

Per non rinunciare al piacere di un dolce risveglio, ogni mattina nella sala breakfast potrete godere di un buffet ricco, vario e delizioso con prodotti di alta qualità. La colazione comprende numerose opzioni per gli amanti del dolce e del salato come brioches, pane, marmellate e fette biscottate, ciambelle, torte, muffin, cereali, yogurt, uova strapazzate, wurstel, formaggio, bibite, caffè... anche con opzioni bio e gluten free.

In breve distanza, il centro di Torino vi accoglie per visitare la città più misteriosa d’Italia: Palazzo Reale, Palazzo Madama e i giardini Reali di Torino vi aspettano per immergervi a pieno nella cultura torinese, a una decina di km dalla struttura troviamo il famoso Museo Egizio il più antico a livello mondiale dedicato interamente alla civiltà nilotica ed è considerato per valore e quantità di reperti, il più importante al mondo dopo quello del Cairo. Nei dintorni è anche possibile visitare la magnifica Reggia di Venaria Reale, un'opera d'arte architettonica del XVII secolo che fu la residenza estiva dei Savoia e che oggi è Patrimonio dell'Umanità dell'UNESCO, e l'Allianz Stadium dove la Juventus disputa i suoi incontri casalinghi.";;4;2025-03-19 15:19:54;2025-03-19 15:31:41;NULL
783;NULL;Hotel Galata;Via A. Doria 4A, 16126 Genova;"Situato a Genova, tra la stazione ferroviaria di Piazza Principe e il terminal delle crociere, l'Hotel Galata offre camere climatizzate con TV a schermo piatto. La terrazza solarium regala viste panoramiche sulla città e sul porto.
Tutte le camere sono dotate di minibar e bagno privato con doccia, set di cortesia e asciugacapelli.
La caffetteria all'ultimo piano serve specialità genovesi a colazione. Per il pranzo e la cena potrete scegliere uno dei numerosi ristoranti nelle vicinanze.
Il Galata Hotel dista 10 minuti a piedi dal centro storico.";;3;2025-03-21 17:57:29;2025-03-21 17:57:29;NULL
784;NULL;Hotel Gloria Budapest City Center;Budapest, Bláthy Ottó u. 22, 1089 Ungheria;"L'Hotel, a conduzione familiare, gode di una posizione tranquilla a 800 metri dalla stazione della metropolitana Nagyvárad tér (M3) e dal capolinea degli autobus Népliget. Hotel dispone di 29 camere diviso su 3 piani raggiungibile con l'ascensore. Camere semplici con cassaforte, servizi privati con phon.
WiFi gratis in tutto l'edificio. Parcheggio Bus a circa 650 metri à pagamento.";;3;2025-03-25 07:12:52;2025-03-25 07:12:52;NULL
785;NULL;HOTEL DI VERDI IMPERIAL ****  o similare;NULL;L'hotel è stato completamente rinnovato nel 2022. A 1,6 km dal Di Verdi Imperial Hotel potrete visitare il Museo Nazionale Ungherese e il Grande Mercato Coperto, mentre il più vicino aeroporto di Budapest Liszt Ferenc dista 15 km. La fermata della metro Klinikák si trova sull'altro lato della strada dell'hotel,collegamento diretto con centro in 7 minuti. Dispone di 63 camere su 6 piani raggiungibile con l'ascensore. Camere con servizi privati e phon, frigobar, aria condizionata, cassaforte, WiFi gratuito in tutto l'edificio. Parcheggio bus a circa 5 minuti a piedi.;;4;2025-03-27 22:49:20;2025-03-27 22:49:20;NULL
786;NULL;Ibis Budget Strasbourg Centre Gare;13 Place de la Gare, 67000, Strasburgo Francia;Situato a Strasburgo, a 10 minuti a piedi dal quartiere Petite France, l’Ibis Budget Strasbourg Centre Gare offre una reception aperta 24 ore su 24 e la connessione WiFi gratuita nell’intero edificio. Tutte le camere dell’hotel presentano l’aria condizionata, una TV a schermo piatto con canali satellitari e un bagno privato con doccia. Ubicato a breve distanza di cammino da numerosi negozi e ristoranti, l’hotel propone al mattino una colazione continentale. L’Ibis Budget Strasbourg Centre Gare dista 1 km dalla sede del mercatino di Natale, 10 minuti con i mezzi pubblici dalla cattedrale cittadina e 9 km dall'Aeroporto Internazionale di Strasburgo, lo scalo più vicino. Potrete inoltre approfittare di un parcheggio pubblico a un costo aggiuntivo.;;2;2025-03-28 09:22:29;2025-03-28 09:22:29;NULL
787;NULL;Hotel El Churra-Murcia o similare;Marques De Los Velez 12, 30008 Murcia, Spagna;"Situato in una zona tranquilla, a pochi passi dal centro storico e commerciale di Murcia, l'El Churra propone camere confortevoli con connessione internet Wi-Fi gratuita.

La struttura è situata nei pressi della Plaza Circular e del Parco Atalayas. Il centro storico di Murcia dista 10 minuti a piedi, mentre la Cattedrale meno di 1 km dall'hotel.

Le camere del Churra sono semplici e luminose, tutte dotate di minibar e di aria condizionata. La struttura vanta anche una reception aperta 24 ore su 24, con banco escursioni, e un centro fitness.";;3;2025-03-31 14:19:49;2025-03-31 14:19:49;NULL
788;NULL;Parkhotel-Sonnenhaus GmbH & Co. KG;Borriesstraße 25-29, 32257 Bünde;"Immerso nel verde e nella tranquillità della città di Bünde, il Parkhotel Sonnenhaus è la scelta ideale per chi desidera un soggiorno all’insegna del relax e della comodità. La nostra struttura, caratterizzata da un’atmosfera raffinata e accogliente, offre camere luminose e confortevoli, arredate con cura per garantire un’esperienza di soggiorno piacevole e rilassante.
Gli ospiti possono iniziare la giornata con una ricca colazione a buffet, preparata con ingredienti freschi e genuini, e proseguire con momenti di relax nel nostro ampio giardino o nella raffinata area lounge. Il nostro ristorante propone una selezione di piatti deliziosi, unendo la tradizione culinaria locale a un tocco di creatività gourmet.
Grazie alla posizione strategica dell’hotel, è possibile raggiungere facilmente il centro di Bünde e i principali punti di interesse della regione. Inoltre, la nostra struttura dispone di sale conferenze moderne e attrezzate, perfette per meeting di lavoro ed eventi speciali.
Al Parkhotel Sonnenhaus, il benessere dei nostri ospiti è la nostra priorità: un servizio attento e cordiale, un ambiente rilassante e un’accoglienza calorosa renderanno il vostro soggiorno un’esperienza indimenticabile.";;3;2025-04-01 08:52:08;2025-04-01 15:38:48;NULL
789;NULL;Camplus Regio Parco;Via Perugia 45, 10152 Torino;"Ubicato a Torino, Camplus Regio Parco offre un centro fitness, un giardino, una sala comune e il WiFi gratuito in tutta la struttura. L’alloggio è posizionato a 1,5 km dalla Mole Antonelliana. La struttura propone cucina in comune, reception aperta 24 ore su 24 e deposito bagagli per gli ospiti.
Presso questa residenza studentesca, tutte le camere includono una scrivania. Complete di un bagno privato con bidet e set di cortesia, tutte le camere presso Camplus Regio Parco hanno la TV a schermo piatto e l’aria condizionata, e alcune camere hanno al loro interno un’area salotto. Presso questa struttura, tutte le camere sono provviste di lenzuola e asciugamani.
Presso Camplus Regio Parco potrete giocare a biliardo.";;0;2025-04-01 11:05:08;2025-04-01 11:05:08;NULL
790;NULL;HOTEL THE NIU FRANZ;NULL;"Situato a ca 2,6 km dal Prater l'hotel dispone di reception attiva 24/24h, bar, giardino e connessione WiFi in tutta la struttura.
Tutte le camere sono climatizzate e dotate di servizi privati, asciugacapelli e TV a schermo piatto. Sono presenti 4 camere adatte per
gli ospiti con disabilità e sono raggiungibili con l'ascensore.
Il Tram nr. 2 vicino al Hotel porta direttamente in centro fino la Fermata Marienbrùcke, da li 600 metri per raggiungere Stephansdom.
L'hotel non dispone di parcheggio per gli autobus ma è possibile parcheggiarli a Praterstern.";;3;2025-04-02 13:53:20;2025-04-02 13:53:20;NULL
791;NULL;Las Mariposas - ApartHotel;Cami De Santa Cristina A Las Alegrias, Lloret De Mar, 17310, Spagna;"A 800 metri dalla spiaggia di Fenals a Lloret de mar, l'appartamento permette di avere la città a portata di mano. 
Di notte le discoteche e di giorno la spiaggia sono raggiungibili a piedi con una passeggiata nel centro della vivace Lloret. 

Dislocati intorno a una grande piscina e a un giardino gli appartamenti e i monolocali di Las Mariposas sono dotati di lenzuola e asciugamani, bagno privato, aria condizionata, terrazzo e angolo cottura con forno microonde e frigorifero per garantire la massima autonomia agli ospiti.

Reception attiva h24 ore su 24 e WiFi gratuito nelle aree comuni garantiscono la sicurezza che si cerca in un alloggio.
Tra le cose, la prenotazione è cancellabile gratuitamente fino a 15 giorni prima dell'arrivo.";;0;2025-04-02 15:02:54;2025-04-02 18:27:39;NULL
792;NULL;HOTEL B&B BUDAPESTY CITY;NULL;"Il B&B Hotel Budapest City è un hotel 3 stelle situato nel 9° distretto, a 3 km dal centro città di Budapest, raggiungibile in 15 minuti con i mezzi pubblici o 30 minuti a piedi. Molte camere del B&B Hotel Budapest City hanno una meravigliosa vista sulla collina Gellért e sul fiume Danubio, che si trova a soli 3 minuti a piedi. La reception è attiva 24 ore su 24 ,connessione Wi-Fi gratuita nell'intero edificio.
Dispone di 214 camere su 6 piani. Camere con aria condizionata e asciugacapelli.";;3;2025-04-02 15:18:51;2025-04-02 15:18:51;NULL
793;NULL;Hotel Natursun;Pje. Sta. Mónica, 4, 29620 Torremolinos, Málaga, Spagna;Ubicato a soli 5 minuti a piedi dalla spiaggia di Carihuela, a Torremolinos, il moderno Hotel Natursun offre una piscina all'aperto, una vasca idromassaggio ed eleganti camere in stile minimalista con terrazza privata. Spaziose e contemporanee, le sistemazioni dell'Hotel Natursun dispongono tutte di connessione Wi-Fi gratuita, aria condizionata, TV a schermo piatto, minibar e bagno con set di cortesia. Il ristorante del Natursun propone piatti della cucina mediterranea tradizionale e sul lungomare di Torremolinos, distante 5 minuti di cammino, troverete diversi bar sulla spiaggia e ristoranti di pesce. Il Natursun sorge a meno di 10 minuti d'auto dal campo da golf Real Club de Campo de Málaga, dal parco acquatico Aqualand e dal parco divertimenti Tivoli. La struttura dista 10 minuti a piedi dal centro di Torremolinos, mentre Málaga e il suo aeroporto distano rispettivamente 14 e 9 km.;;3;2025-04-02 17:15:49;2025-04-02 17:15:49;NULL
794;NULL;Hotel Biritannia;Via Parisano, 90 - Rimini;"Accogliente hotel situato nel cuore di Marina Centro, la zona più famosa di Rimini, nei pressi della stazione ed a 500 metri dalla spiaggia. L'Hotel Britannia offre un'atmosfera rilassata, un ottimo servizio ed uno staff efficiente, con lo scopo di far trascorrere ai propri ospiti una vacanza unica e di puro relax.
La struttura dispone di soggiorno, sala TV, bar, ristorante, ascensore ed è coperta da servizio di portineria notturna.
A disposizione biciclette ad uso gratuito. Si organizzano escursioni per parchi divertimento e località caratteristiche.";;3;2025-04-06 21:07:45;2025-04-06 21:07:45;NULL
795;NULL;Hotel Alessandro della Spina;Via Alessandro Della Spina, 5/7/9 - Pisa;"Dalla trasformazione di una bella casa padronale in centro città, nasce questo tre stelle di qualità superiore. Aria condizionata, TV sat, cassaforte, mini bar, colazione a buffet, parcheggio interno (a pagamento) tutto è stato preparato per rendere gradevole il Vs. soggiorno.
Stanze ampie, mobili in massello, intarsi di marmo e parquet, tele d’autore ed un particolare set cortesia, attraverso il quale vengono portati avanti i Valori di Sostenibilità ed Ecocompatibilità. Si tratta di prodotti aromaterapici a ridotto impatto ambientale e dall’altissima qualità delle materie prime di origine bio. La Linea Cortesia offerta è inoltre Paraben Free e Cruelty Free… perchè crediamo ad un Mondo sempre più Ecofrienly!";;3;2025-04-07 07:51:02;2025-04-07 07:51:02;NULL
796;NULL;Hotel Franco Antonelli o similare;NULL;"Struttura situata in centro a Santa Maria degli Angeli e a 900 m dalla stazione ferroviaria di Assisi. Strutturata su 4 piani con
ristorante, sala TV, aria condizionata, WiFi in tutta la struttura e una piccola sala convegni. Dispone di 83 camere (di cui 4 a norma
disabili) con box doccia o vasca, phon, aria condizionata, TV, telefono, frigobar e alcune con balcone.";;3;2025-04-07 13:30:08;2025-04-07 13:30:08;NULL
797;NULL;veronello resort;CALMASINO DI BARDOLINO vicino verona;"Il Veronello Resort si trova a Calmasino, in una zona verdeggiante sulle colline moreniche, a soli 2 chilometri dalle rive del Lago di Garda. È un luogo tranquillo, accogliente e con tanto agio esterno dove gli ospiti troveranno: due splendide piscine, tante confortevoli aree relax dotate di sedie e tavolini, una zona barbecue perfetta per grigliare e un rinomato centro sportivo con diversi campi da calcio in erba naturale e sintetica.
È un’oasi straordinaria per gli amanti dello sport, per le famiglie che vogliono portare i bambini nei vicini parchi divertimento, per i partecipanti ai famosi eventi fieristici di Verona e per tutti coloro che desiderano una vacanza di relax nella magnifica cornice del lago.";;3;2025-04-07 23:34:29;2025-04-07 23:34:29;NULL
798;NULL;Albergo Villa Ada;Via Vittorio Veneto 4, 17022 Borgio Verezzi (SA);"Ubicato a Borgio Verezzi, l'Albergo Villa Ada a conduzione familiare propone camere climatizzate, e offre un giardino, una terraza solarium, un salotto in comune, e l'utilizzo gratuito di biciclette e della connessione WiFi nelle aree comuni.
Le sistemazioni dispongono di TV e di un bagno privato con doccia e asciugacapelli.
Presso la struttura troverete un ristorante che serve specialità locali, un bar e un salotto in comune, ideale per i vostri momenti di relax.
Il Villa Ada dista 3 minuti di passeggiata dalle spiagge.";;3;2025-04-09 18:35:13;2025-04-09 18:35:13;NULL
799;NULL;Hotel Arthur *** o similari Helsinki;Vuorikatu 19, Helsinki;Situato a soli 350 metri dalla Stazione Centrale di Helsinki e di fronte alla Stazione Metro Università di Helsinki, l’Hotel Arthur propone una ricca colazione a buffet e una sauna disponibile su prenotazione. La struttura offre la connessione WiFi gratuita. Accanto all'hotel troverete il parco Kaisaniemi.;;3;2025-04-16 08:50:13;2025-04-16 08:50:13;NULL
800;NULL;Scandic Simonkenttä **** o similare;Simonkatu 9, Helsinki;"Situato a 200 metri dalla stazione centrale di Helsinki e a 400 metri dal quartiere dello shopping Esplanaden, lo Scandic Simonkenttä offre la connessione WiFi senza costi aggiuntivi e l'accesso gratuito alla sauna e alla palestra. Tutte le sistemazioni dello Scandic Simonkenttä sono climatizzate e presentano pavimenti in legno e TV satellitare.
In loco troverete un negozio aperto 24 ore su 24, una terrazza e il noleggio gratuito di biciclette e bastoni da trekking. Il ristornante della hall e il bar regalano splendide viste sulla città. Il Simonkenttä serve ogni mattina una colazione biologica che comprende anche prodotti senza glutine e lattosio.";;4;2025-04-16 08:52:18;2025-04-16 08:52:18;NULL
801;NULL;Rezydencja Pod Tężnią & SPA;Przy Stawku 8, 88-100 Inowrocław, Polonia;"La Rezydencja Pod Tężnią & SPA è il luogo perfetto per rigenerare corpo e mente, a pochi passi dalla famosa Tężnia Solankowa. Immersa in un'atmosfera raffinata e accogliente, la nostra struttura offre un'esperienza di soggiorno unica, dove il comfort incontra il benessere.
Camere eleganti e dotate di ogni comfort, centro SPA moderno con sauna, jacuzzi e trattamenti esclusivi, colazioni deliziose con prodotti freschi e locali, ambienti tranquilli per un relax totale. Posizione ideale per escursioni e passeggiate nella natura.";;4;2025-04-17 08:36:44;2025-04-17 08:37:28;NULL
802;NULL;loop homes tower Burjassot 3***;NULL;"La residenza è situata in posizione strategica nella zona universitaria di Burjassot-Paterna , uno dei campus con il maggior afflusso studentesco dell'Università di Valencia e a 15 minuti di tram dalla residenza. Grazie alla stazione El Empalme a pochi metri di distanza , avrai accesso all'intera città e potrai esplorare e goderti tutto ciò che Valencia ha da offrire. Grazie agli ottimi collegamenti con i mezzi pubblici, ci vorranno 12 minuti per raggiungere il Campus Edetania e 19 minuti per raggiungere il Campus Valencia dell'Università Cattolica di Valencia ; E se studi alla CEU Cardenal Herrera University , ci vorranno solo 23 minuti per arrivarci dalla residenza";;3;2025-04-22 15:02:45;2025-04-22 15:02:45;NULL
803;NULL;HOTEL FLY BIKE ***;NULL;"Situato nei pressi dell'Aeroporto Gianni Caproni di Trento, a 7 km dal centro di Trento e a 1,5 km dall'uscita dell'autostrada Trento
Sud A2, il Fly Bike Hotel offre servizi gratuiti, quali la connessione WiFi e un parcheggio in loco. Tutte le camere dispongono di aria
condizionata, TV a schermo piatto, cassaforte e bagno privato con doccia, asciugacapelli e set di cortesia.";;3;2025-04-22 21:50:40;2025-04-22 21:50:40;NULL
804;NULL;Hotel Adria Mare ***;Viale Sarsina 4, Rivazzurra, 47900 Rimini;"Posizionato a Rimini, a 100 metri da Spiaggia di Bradipo, Hotel Adria Mare presenta un bar, camere non fumatori e il WiFi gratuito in tutta la struttura. Provvista di una sala comune, questa struttura offre ai propri ospiti anche un ristorante, un parco acquatico e una terrazza. L'alloggio mette a disposizione un programma di intrattenimento serale e il servizo in camera.
Presso questo hotel, ogni camera comprende un armadio. Provviste di bagno privato con doccia e set di cortesia, tutte le unità presso Hotel Adria Mare hanno la TV a schermo piatto e l’aria condizionata. Alcune camere presentano un balcone. Tutte le camere presentano una cassaforte.
Questa struttura offre una colazione a buffet o continentale.
I luoghi di interesse più famosi nei dintorni di Hotel Adria Mare includono Spiaggia di Miramare, Spiaggia libera e Fiabilandia. Aeroporto di Rimini Federico Fellini si trova a 2 km di distanza.";;3;2025-04-24 13:36:47;2025-04-24 13:36:47;NULL
805;NULL;Generator Barcelona;Còrsega 377, Gràcia, 08037  Barcellona, Spagna;"Generator Barcellona si trova nel pulsante distretto di Gràcia, ricco di boutique e bar, a una breve passeggiata di distanza dalla famosa Casa Batlló di Gaudí. L'ostello ti accoglie a 500 metri dall’elegante Passeig de Gracia facendoti raggiungere a piedi le stazioni metro Diagonal e Verdaguer in 5 minuti. 

Gli interni presentano un mix di stili e comprendono una gabbia per uccelli in legno di dimensioni imponenti, una scalinata ricurva e un mezzanino con lounge per il relax. Le camere private e i dormitori includono aria condizionata, riscaldamento, prese elettriche individuali e lampade da lettura. Gli alloggi in comune per sole donne presentano asciugacapelli e altri servizi.

Gli ospiti che hanno soggiornato prima di te hanno amato la reception aperta 24 ore su 24, gli armadietti privati gratuiti nei dormitori condivisi e la connessione WiFi gratuita nelle aree comuni.

Al Generator Barcelona le giornate iniziano leggere, con la luce che rimbalza tra i muri colorati e le tende che danzano piano. Le camere sono semplici ma curate: letti comodi, prese ovunque per caricare sogni e telefoni, bagni moderni dove svegliarsi non è mai una fatica. Quando scendi, la hall è già viva: odore di caffè e tavoli che si riempiono di frutta, toast e risate ancora stropicciate dal sonno.";;0;2025-04-29 00:59:28;2025-04-29 00:59:28;NULL
806;NULL;Sant Jordi Hostel Sagrada Familia;Freser, 5, Sant Martí, 08026 Barcellona, Spagna;"A pochi minuti dalla Sagrada Familia di Gaudí, l'ostello Sagrada Familia di Barcellona riflette la vivace cultura urbana e la creatività artistica di Barcellona. 

Grazie a questo ostello di design, gli ospiti potranno scoprire cosa rende Barcellona la migliore città europea per lo skateboard, la street art e la cultura urbana. Le nostre strutture di lusso rappresentano questi temi e includono un salotto, un patio privato, un'elegante hall con computer. Per rendere l'esperienza degli ospiti il ​​più confortevole possibile, offrono una reception aperta 24 ore su 24, Wi-Fi gratuito e noleggio di biciclette e pattini e attività quotidiane.

Offre dormitori condivisi e camere private, tutti dotati di riscaldamento, aria condizionata, armadietti individuali e scaffali con luce di lettura e presa elettrica.";;0;2025-04-29 01:29:14;2025-04-29 01:29:14;NULL
807;NULL;Ibis Bucharest Politehnica;Splaiul Independentei Nr 313A, Settore 6, 060042 Bucarest, Romania;"Ubicato a 2 km dal Giardino Botanico di Bucarest, l'alloggio propone una sala comune, un parcheggio privato, una terrazza e un ristorante. Con un giardino, questo hotel a 3 stelle dispone di camere climatizzate con WiFi gratuito e bagno privato. Gli ospiti possono rilassarsi sorseggiando un drink al bar. Presso questo hotel, ogni camera dispone di una scrivania e una TV a schermo piatto. 

Questa struttura offre una colazione a buffet o continentale.

La reception fornisce assistenza senza interruzioni e lo staff parla inglese, spagnolo francese e italiano.";;3;2025-04-29 03:56:20;2025-04-29 03:56:20;NULL
808;NULL;Hotel De Palm;Via De Filippi 51, 07026  Sardegna.;NULL;;3;2025-04-29 11:12:17;2025-04-29 11:12:43;2025-04-29 11:12:43
809;NULL;Hotel De Palm;Via De Filippi 51, 07026  Olbia, Sardegna.;Posizione al centro di Olbia.;;3;2025-04-29 11:14:19;2025-04-29 11:14:19;NULL
810;NULL;Metrò Napoli;26 Piazza Giuseppe Garibaldi, Centro storico di Napoli, 80142.;"MetròNapoli si trova in zona Stazione Centrale a Napoli, a 600 metri da Stazione di Napoli Centrale e 1,8 km da Museo Archeologico Nazionale di Napoli. Il WiFi gratuito è a disposizione in tutta la struttura.
Ogni alloggio presenta un bagno privato con bidet, l’aria condizionata, una TV a schermo piatto e un frigorifero. Troverete anche microonde, minibar e macchina da caffè.
Presso questo bed and breakfast potrete gustare una colazione italiana.
I luoghi di interesse più famosi nei dintorni di MetròNapoli includono Museo Cappella Sansevero, San Gregorio Armeno e Chiesa dei Santi Filippo e Giacomo. Aeroporto di Napoli Capodichino si trova a 8 km di distanza.
La Stazione della Metropolitana (Linea 1 e Linea 2) dista solamente 1 minuto a piedi, per raggiungere comodamente qualunque posto della Città. - Lo Stazionamento dei Taxi dista soli 2 minuti a piedi. - La Stazione Ferroviaria dista solo 2 minuti a piedi, per raggiungere velocemente la Costiera Sorrentina (Sorrento, Vico Equense, Massa Lubrense Nerano), la Costiera Amalfitana (Positano, Amalfi e Ravello) o gli Scavi Archeologici di Pompei. - Il Porto di Napoli, dista 5 min in Taxi o 18 minuti a piedi, consente semplici collegamenti con le Isole di Capri, Ischia, Procida, Ponza e Ventotene.";;0;2025-05-02 15:01:15;2025-05-02 17:58:22;2025-05-02 17:58:22
811;NULL;Metrò Napoli;26 Piazza Giuseppe Garibaldi, Centro storico di Napoli, 80142.;"MetròNapoli si trova in zona Stazione Centrale a Napoli, a 600 metri da Stazione di Napoli Centrale e 1,8 km da Museo Archeologico Nazionale di Napoli. Il WiFi gratuito è a disposizione in tutta la struttura.
Ogni alloggio presenta un bagno privato con bidet, l’aria condizionata, una TV a schermo piatto e un frigorifero. Troverete anche microonde, minibar e macchina da caffè.
Presso questo bed and breakfast potrete gustare una colazione italiana.
I luoghi di interesse più famosi nei dintorni di MetròNapoli includono Museo Cappella Sansevero, San Gregorio Armeno e Chiesa dei Santi Filippo e Giacomo. Aeroporto di Napoli Capodichino si trova a 8 km di distanza.
informazioni sul quartiere: La Stazione della Metropolitana (Linea 1 e Linea 2) dista solamente 1 minuto a piedi, per raggiungere comodamente qualunque posto della Città. - Lo Stazionamento dei Taxi dista soli 2 minuti a piedi. - La Stazione Ferroviaria dista solo 2 minuti a piedi, per raggiungere velocemente la Costiera Sorrentina (Sorrento, Vico Equense, Massa Lubrense Nerano), la Costiera Amalfitana (Positano, Amalfi e Ravello) o gli Scavi Archeologici di Pompei. - Il Porto di Napoli, dista 5 min in Taxi o 18 minuti a piedi, consente semplici collegamenti con le Isole di Capri, Ischia, Procida, Ponza e Ventotene. - AIRPORT TRANSFER: possibilità di prenotare comodi e veloci transfer da/per l'aeroporto di Napoli - Capodichino. Se lo desideri, prenoteremo noi per te.";;0;2025-05-02 17:58:11;2025-05-02 17:58:11;NULL
812;NULL;Asteria Hotel;8 Karaiskaki street, Tolo, 21056, Grecia;"L'Asteria Hotel sorge sulla cima di una tranquilla collina, a 80 m dalla spiaggia e a soli 60 m dal centro di Tolo. Offre una piscina all'aperto, la colazione a buffet e la connessione Wi-Fi gratuita in tutta la struttura.
Progettato e costruito secondo lo stile architettonico locale, l'Asteria vanta 38 camere con vista sul mare. Tutte climatizzate, le unità vantano una vista sul golfo di Argolide.
Tolo, situata a soli 12 km da Nauplia, in gran parte costruita sulla punta di una splendida baia, è una delle località più famose del Peloponneso. Tolo possiede la sua popolarità di sabbia dorata con acque cristalline.
A Tolo potrete visitare le piccole isole vicine, Koronisi, Daskalio e Romvi, con i resti di un castello medievale.  La struttura dista in auto 2 minuti dall'antica Assini e 20 minuti dal Teatro Antico di Epidauro.";;4;2025-05-08 22:55:25;2025-05-08 22:55:25;NULL
813;NULL;Olympic Village Hotel & SPA;Olympia, Elis Region Ilia 27065 Peloponesse, Grecia;"Situato a Olympia, a 1 km da Museo Archeologico di Olimpia, Olympic Village Hotel & SPA prevede una piscina all’aperto stagionale, un parcheggio privato gratuito, un giardino e una sala comune. Con un bar, l'hotel è vicino a diverse attrazioni famose, a circa 1,6 km da Tempio di Zeus e 1,7 km da Antica Olimpia. L'alloggio mette a disposizione una reception 24 ore su 24, transfer aeroportuali, il servizo in camera e il WiFi gratuito in tutta la struttura.
Le camere presso questo hotel dispongono di un bollitore elettrico. Presso Olympic Village Hotel & SPA, certe unità dispongono di una terrazza mentre tutte le camere includono aria condizionata, TV a schermo piatto e cassaforte.
Questa struttura offre una colazione a buffet o continentale. Presso Olympic Village Hotel & SPA troverete un ristorante che serve piatti greci e piatti mediterranei. Su richiesta sono disponibili anche opzioni vegetariane, senza latticini e vegan.
Questo hotel offre alloggio a 4 stelle e una sauna, una vasca idromassaggio e un centro benessere.
Lago di Kaiafa è a 24 km da Olympic Village Hotel & SPA, mentre Fiume Ladone si trova a 39 km di distanza.";;4;2025-05-08 23:00:37;2025-05-08 23:00:37;NULL
814;NULL;Hotel Limeni Village;Limeni, Areopoli 230 62, Grecia;"Dotato di una meravigliosa vista sulla baia di Limeni, l'hotel fronte acqua Limeni Village è composto da 16 torri in pietra, e offre una piscina all'aperto stagionale e un ristorante con specialità locali.
Caratterizzate da arredi tradizionali, tutte le camere del Limeni Village presentano pavimenti in pietra o in marmo, un balcone privato, l'aria condizionata e un frigorifero.
Potrete rinfrescavi con una nuotata in piscina o con un drink presso il lounge-bar, rilassarvi nel salone dell'hotel con camino e TV satellitare, e usufruire gratuitamente del WiFi nelle aree comuni.";;3;2025-05-08 23:04:21;2025-05-08 23:04:21;NULL
815;NULL;Ulisse Deluxe Sorrento;NULL;"Situato a 10 minuti a piedi dalla piazza principale di Sorrento, Piazza Tasso, e dal borgo di Marina Grande, l'Ulisse Deluxe Hostel offre la connessione Wi-Fi gratuita e spaziose camere climatizzate con bagno privato.
La struttura dispone di una reception aperta 24 ore su 24, il cui personale sarà lieto di assistervi nell'organizzazione di escursioni scontate a Sorrento e dintorni.
L'ostello offre tariffe speciali presso un centro benessere, che si trova nello stesso edificio, e propone una gamma di servizi, tra cui una piscina coperta, una vasca idromassaggio, una sauna e trattamenti estetici.
Ubicato proprio davanti alla fermata dell'autobus che permette di muoversi facilmente a Sorrento e nella Costiera Amalfitana, l'Ulisse Deluxe dista 1 km dalla stazione ferroviaria di Sorrento e dal porto.";;0;2025-05-09 20:59:22;2025-05-09 21:17:19;2025-05-09 21:17:19
816;NULL;Ulisse Deluxe Sorrento;NULL;"Situato a 10 minuti a piedi dalla piazza principale di Sorrento, Piazza Tasso, e dal borgo di Marina Grande, l'Ulisse Deluxe Hostel offre la connessione Wi-Fi gratuita e spaziose camere climatizzate con bagno privato.
La struttura dispone di una reception aperta 24 ore su 24, il cui personale sarà lieto di assistervi nell'organizzazione di escursioni scontate a Sorrento e dintorni.
L'ostello offre tariffe speciali presso un centro benessere, che si trova nello stesso edificio, e propone una gamma di servizi, tra cui una piscina coperta, una vasca idromassaggio, una sauna e trattamenti estetici.
Ubicato proprio davanti alla fermata dell'autobus che permette di muoversi facilmente a Sorrento e nella Costiera Amalfitana, l'Ulisse Deluxe dista 1 km dalla stazione ferroviaria di Sorrento e dal porto.";;0;2025-05-09 21:18:55;2025-05-09 21:18:55;NULL
817;NULL;hotel 55 AIRA;P.za Giulio Cesare, 34, 90123 Palermo PA;"Situato nel cuore della struttura, il bar è il luogo ideale per gustare una selezione di cocktail artigianali preparati dai nostri esperti barman, che utilizzano ingredienti freschi e locali per creare bevande uniche e deliziose. Che si tratti di un aperitivo al tramonto o di un drink dopo cena, il bar è il punto di incontro perfetto per socializzare e condividere momenti indimenticabili con amici e familiari.
Colazione abbondante .Inoltre, il nostro hotel offre un servizio di check-in e check-out espresso, che consente agli ospiti di ottimizzare il proprio tempo e di evitare lunghe attese. Questo servizio è particolarmente apprezzato da chi ha un programma fitto di impegni o da chi desidera semplicemente una transizione fluida durante il soggiorno. Infine, il servizio di pulizia quotidiana assicura che ogni camera sia sempre in condizioni impeccabili, permettendo agli ospiti di rilassarsi e godere della loro esperienza senza alcuna preoccupazione.";;3;2025-05-12 06:07:36;2025-05-12 06:07:36;NULL
818;NULL;Comfort Hotel Eskilstuna;Hamngatan 9, 632 20 Eskilstuna, Svezia;"Il Comfort Hotel Eskilstuna si trova vicino al fiume nel centro di Eskilstuna. Offre la connessione Wi-Fi gratuita e camere con bagno interno e TV via cavo. La stazione centrale di Eskilstuna dista 500 m.
Tutte le sistemazioni del Comfort Eskilstuna Hotel dispongono di scrivania e bagno privato con doccia. Alcune vantano ampie finestre con vista sul fiume.
Potrete allenarvi gratuitamente nella palestra in loco o rilassarvi nel salone della hall e giocare a flipper.
Le bevande sono disponibili al bar, mentre la colazione a buffet viene servita ogni mattina nell'apposita sala.
Il Museo Rademachersmedjorna dista 5 minuti a piedi. Il Parken Zoo è raggiungibile in 8 minuti in auto dall'hotel.";;3;2025-05-13 08:23:55;2025-05-13 08:23:55;NULL
819;NULL;Hotel Diana Club;Budapest, Kőbányai út 19, 1089 Ungheria;Diana Club Hotel offre il WiFi gratuito in tutta la struttura e la vista sulla città, nella cornice di Budapest. Presso questo hotel, ogni camera include una scrivania, una TV a schermo piatto, un bagno privato, le lenzuola e gli asciugamani. Alcune camere includono una cucina con un frigorifero e un microonde. Tutte le camere hanno una cassaforte. La reception fornisce assistenza 24 ore.;;3;2025-05-15 12:19:32;2025-05-15 12:19:32;NULL
820;NULL;Castilho 63;Rua Castilho 63, Santo Antonio, 1250-068 Lisbona, Portogallo;"Dotato di camere con connessione WiFi gratuita, il Castilho 63 Hostel & Suites sorge nel quartiere Santo Antonio di Lisbona, a breve distanza da attrazioni come Avenida da Liberdade e il centro commerciale Amoreiras. Interamente non fumatori, la struttura è ubicata a 2 km dal Bairro Alto.
Il Castilho 63 Hostel & Suites vanta una terrazza solarium e il ristorante Algarage, che propone un menù alla carta.
Durante il soggiorno potrete praticare varie attività a Lisbona e dintorni, tra cui il ciclismo.
Tra i luoghi di interesse nei pressi del Castilho 63 Hostel & Suites figurano il Rossio, il Teatro Nazionale Dona Maria II e lo Chiado. L’aeroporto più vicino è quello di Lisbona Humberto Delgado, situato a 7,5 km.";;3;2025-05-21 08:57:48;2025-05-21 08:57:48;NULL
821;NULL;Hotel Neda 3* o similare;Karamanli 1, Olympia, 27065, Grecia;Situato a soli 300 metri dal sito archeologico di Olimpia, il Neda Hotel offre un ristorante e la connessione wireless gratuita. Le confortevoli sistemazioni sono dotate di un bagno in marmo e di un balcone privato, ideale per rilassarvi ammirando la splendida vista sulla città di Olimpia o sul bosco circostante. Inizierete la giornata con la colazione gratuita servita nel ristorante del Neda, per poi sorseggiare un drink nell'elegante giardino, mentre alla sera godrete della meravigliosa vista al chiaro di luna sulla città antica. L'hotel vi permetterà di raggiungere facilmente numerosi villaggi, come Andritsaina, Karitaina e Kaiafas, e vi garantirà un soggiorno all'insegna del relax grazie all'ambientazione tranquilla e al personale cordiale.;;3;2025-05-22 05:10:10;2025-05-22 05:10:10;NULL
822;NULL;Hotel Residence Les Rives de la Fecht;18 Quai de la Fecht, 68040 Ingersheim, Francia;Situato all'inizio della Strada del Vino dell'Alsazia e a 10 minuti d'auto da Riquewirh e dal centro espositivo di Colmar, il Résidence Les Rives de la Fecht è immerso in un piccolo bosco con vista sulla catena montuosa dei Vosgi e offre la connessione WiFi gratuita in tutte le aree. Gli appartamenti e i monolocali del Résidence Les Rives de la Fetch dispongono di area salotto con TV LCD e includono 1 fornitura in omaggio di biancheria da letto e asciugamani. La struttura è dotata di ristorante.;;4;2025-05-22 11:51:32;2025-05-22 11:51:49;NULL
823;NULL;IntercityHotel Darmstadt;NULL;Con le sue 140 camere d'albergo e 4 sale conferenze, il IntercityHotel Darmstadt è il luogo perfetto per incontri d'affari e il Starpunto di partenza ideale per viaggi culturali e visite alla città di Darmstadt e dintorni. Situato direttamente presso la stazione ferroviaria principale, l'hotel garantisce, tra l'altro, brevi distanze dal centro della città con tutte le sue strutture per lo shopping, lo sport e il divertimento. L'hotel di Darmstadt è situato in una posizione comoda, con tutti i collegamenti di trasporto importanti a portata di mano, e vi mette al centro dell'azione.;;3;2025-05-23 09:51:13;2025-05-23 09:51:13;NULL
824;NULL;Hotel Dujany;Via Risorgimento 104, 11020 Nus, Italia;"Affacciato sulla conca di Nus, a metà strada tra Aosta e Saint-Barthélemy, l’Hotel Dujany è rifugio tra natura e tradizione, nel cuore della Valle d’Aosta.

L’hotel offre camere semplici ma confortevoli, dotate di Wi-Fi gratuito, TV e vista sulle montagne circostanti. 
Fuori dalle finestre, la vista delle Alpi accompagna ogni risveglio con la promessa di un giorno da vivere appieno, prima della deliziosa colazione.

Gli spazi comuni, spaziosi e luminosi, rendono la struttura adatta anche a gruppi numerosi, con comode sale per i pasti e momenti di relax.

A disposizione anche una piscina termale ma ciò che rende davvero l’atmosfera familiare è il personale disponibile che ti fa sentire più ospite che cliente.";;2;2025-05-23 11:26:45;2025-05-23 11:26:45;NULL
825;NULL;HOTEL BAHAMAS;NULL;"Hotel Bahamas offre biciclette gratuite, una piscina all’aperto stagionale, un giardino e una sala comune a Lido di Savio. Con WiFi gratuito, questo hotel a 3 stelle offre una terrazza e un ristorante. La struttura propone miniclub, servizio concierge e cambio valuta per gli ospiti.
Presso questo hotel, tutte le camere comprendono aria condizionata, scrivania, TV a schermo piatto, bagno privato, lenzuola, asciugamani e balcone con vista sul mare. Le camere dispongono di una cassaforte e alcune camere sono fornite di la vista sulla città. Tutte le camere hanno un armadio.
Presso la struttura potrete gustare una colazione a buffet, continentale o italiana.
Hotel Bahamas offre una vasca idromassaggio. Gli ospiti di questa struttura potranno svagarsi con varie attività a Lido di Savio e dintorni, come il ciclismo.";;0;2025-05-23 12:34:43;2025-05-23 12:34:43;NULL
826;NULL;Hotel Comtes De Challant;Frazione Chez Sapin 95, 11020 Fénis, Italia;"L'hotel etico Comtes De Challant è una realtà dove l’ospitalità incontra l’inclusione. Gestito con il supporto di persone con disabilità o in situazioni di fragilità, offre un’esperienza umana oltre che turistica, lasciando in chi soggiorna qualcosa che va oltre il ricordo del paesaggio.

Le camere sono spaziose, luminose e funzionali, pensate per accogliere famiglie, coppie o gruppi scolastici. Alcune hanno una vista spettacolare sul Castello di Fénis, che svetta tra i vigneti e le montagne come in una fiaba.";;3;2025-05-23 13:52:55;2025-05-23 13:52:55;NULL
827;NULL;Gran Hotel Luna de Granada;Plaza Manuel Cano, 2, Ronda, 18004 Granada, Spagna;"Situato a 10 minuti a piedi dal centro storico di Granada, il Gran Hotel Luna de Granada offre una piscina coperta riscaldata e una piscina all'aperto stagionale. La struttura è interamente coperta dalla connessione WiFi.
Le spaziose camere del Gran Hotel Luna de Granada sono dotate di aria condizionata, minibar, TV satellitare e bagno privato con vasca e doccia. Le suite comprendono anche un’area salotto con divano-letto.
Nel centro benessere del Gran Hotel Luna de Granada troverete una vasca idromassaggio, un bagno turco, una sauna e un servizio massaggi, disponibili a un costo aggiuntivo. Non mancano inoltre una piscina coperta, un campo da paddle tennis e una palestra gratuita.
L’hotel si trova a 3 km dal Palazzo dell'Alhambra. L’Università e la Stazione Ferroviaria di Granada distano entrambe meno di 1 km.
La struttura dispone di un parcheggio a pagamento e offre l’accesso diretto alla tangenziale A44 di Granada.
L’Aeroporto di Granada è raggiungibile in 20 minuti d’auto dal Gran Hotel Luna de Granada.";;4;2025-05-26 08:17:22;2025-05-26 08:17:22;NULL
828;NULL;Hotel Barcelò Malaga;María Zambrano Estación de Ferrocarril, Héroe de Sostoa, 2, Cruz de Humilladero, 29002 Malaga, Spagna;"Il Barceló Málaga offre l'accesso diretto alla Stazione dei Treni ad Alta Velocità AVE di Malaga e dista 10 minuti a piedi dal centro storico della città. Questo elegante hotel fornisce gratuitamente la connessione WiFi, una palestra e una sauna.
Nelle camere del Barceló Málaga troverete l’aria condizionata, arredi moderni e colorati, un menù di cuscini, una TV satellitare a schermo piatto e un raffinato bagno con doccia idromassaggio.
L'hotel ospita inoltre il gastrobar La Santa María e la terrazza B-Heaven corredata da piscina e snack bar.
Il Centro d'Arte Contemporanea di Malaga vi attende a soli 600 metri dall'hotel, mentre la Cattedrale di Malaga e il Museo Picasso sono raggiungibili in 20 minuti a piedi. La stazione ferroviaria si avvale infine di collegamenti diretti per l’Aeroporto di Malaga.";;4;2025-05-26 08:20:29;2025-05-26 08:20:29;NULL
829;NULL;CASAGRANDE HOTEL (Soave);Viale del Commercio, 20, 37038 Soave VR;"Ubicato a Soave, a 25 km da Piazza Bra e 25 km da Via Mazzini, Hotel Cangrande Di Soave propone un bar e anche un parcheggio privato gratuito per chi viaggia in auto. Con una terrazza, l'hotel a 3 stelle presenta camere climatizzate con WiFi gratuito e bagno privato. La struttura prevede servizio in camera e spazio per depositare i bagagli per gli ospiti. Arena di Verona è a 25 km da questa struttura, mentre Sant'Anastasia si trova a 26 km dalla struttura. 
Il Museo civico Geopaleontologico si trova a circa 2 km dall'alloggio, mentre la chiesa della Beata Vergine Maria Immacolata è a 4 km di distanza. Sirmione dista 40 minuti di auto dal Cangrande Di Soave. 
CAMERE: 
I servizi in camera includono una TV a schermo piatto con canali satellitari e un mini frigobar. I servizi extra includono un bagno alla francese e una vasca da bagno.";;3;2025-06-04 08:51:24;2025-06-04 08:51:24;NULL
830;NULL;The Atlas Residence - Rathmines;NULL;"La Atlas Residence si trova a Rathmines, Dublino 6 – una delle migliori zone della città, con numerosi bar, caffè e ristoranti proprio a due passi. Situata in un’area verde e tranquilla, leggermente arretrata rispetto alla strada principale, offre un ambiente sicuro, sereno e comodo nel cuore di Dublino.

La Atlas Residence propone diverse soluzioni abitative confortevoli, tra cui camere doppie e singole con bagni in condivisione. Dispone inoltre di comodi servizi come aree comuni, ristorante, impianti sportivi e Wi-Fi gratuito. La colazione e la cena vengono servite ogni giorno nel nostro ristorante interno.

La Atlas Residence ospita una comunità internazionale eterogenea. Oltre agli studenti Atlas, accoglie persone provenienti da tutto il mondo, creando un ambiente multiculturale e vivace. È un luogo piacevole e rilassato dove fare nuove conoscenze, condividere culture e vivere un’autentica esperienza globale.";;0;2025-06-04 10:08:12;2025-06-05 13:22:22;NULL
831;NULL;hotel Baia del sole;NULL;"Hotel nei pressi di Spiaggia di Marina di Ragusa
Alloggiando presso Hotel Baia del Sole, puoi approfittare di servizi come la colazione a buffet gratuita, una terrazza e un giardino. Sogni una spiaggia privata nelle vicinanze e lettini da mare? Se sì, scoprirai che un hotel è la sistemazione ideale per godersi il mare. Concediti massaggi e altri servizi spa. In loco ci sono due ristoranti, che offrono la colazione, il pranzo, la cena e cucina locale. Gli ospiti possono approfittare dei seguenti servizi: il Wi-Fi gratuito in camera, un'area giochi e un bar.";;3;2025-06-04 11:04:15;2025-06-04 11:04:15;NULL
832;NULL;HOTEL IBIS BUDGET SAINT GENIS POUILLY GENEVE **;Technoparc Du Pays De Gex, 40 Rue Henri de France, 01630 Saint-Genis-Pouilly, Francia;"Hotel nei pressi di CERN
Nei pressi di Complesso fieristico di Ginevra Palexpo e Museo Ariana della ceramica e del vetro, Ibis Budget Saint Genis Pouilly Geneva offre servizi come una terrazza, un giardino e un bar. Potrai utilizzare il Wi-Fi gratuito in camera.
Sono disponibili anche i seguenti servizi:
Un parcheggio non assistito gratuito
La colazione self-service (a pagamento), un servizio di noleggio biciclette e una colonnina di ricarica per auto elettriche
Personale poliglotta, un deposito bagagli e una reception aperta 24 ore su 24
Le recensioni degli ospiti apprezzano molto il personale gentile della struttura.
Caratteristiche della camera
Tutte le 81 camere includono comfort come la climatizzazione, insieme a dotazioni come il Wi-Fi gratis e camere insonorizzate.
I servizi aggiuntivi delle camere sono:
Servizio riciclo, lampadine a LED e prodotti con certificazione ecologica per le pulizie
Articoli per l'igiene personale ecosostenibili e docce
Culle/letti per bambini (gratis), pulizie giornaliere e scrivanie";;0;2025-06-05 11:21:54;2025-06-05 11:21:54;NULL
833;NULL;Virgin Rooms;Vico Castrucci 5a, 80100 Napoli NA;"Virgin Rooms è una struttura con vista mozzafiato che affaccia sulla collina del Vomero, Castel Sant’Elmo e sul centro storico che offre la possibilità di perdersi tra le stradine di Napoli per trovare rifugio nell'accogliente B&B, dove la bellezza e l’ospitalità si fondono armoniosamente. 
  
Ricavato da uno storico monastero in cui risiedevano i Padri della Congregazione Missionaria è oggi completamente ristrutturato con camere ampie, silenziose, luminose  e uniche nel loro genere. Dotate di ogni confort (Wi-Fi, tv, climatizzatore caldo freddo, cassaforte, zona dedicata lavoro, frigo, bollitore, tazze e bicchieri, thè, bagno interno alla camera, asciugacapelli , biancheria bagno/letto, kit cortesia) quasi tutte le camere sono dotate di affaccio panoramico. 

La visita al cuore pulsante di Napoli comincia il mattino dopo la colazione offerta nel cortile

Tra testimonianze archeologiche, spirituali, architettoniche e storiche, potrai vivere un’esperienza unica subito dopo aver usufruito del servizio colazione al piano terra.";;0;2025-06-05 15:24:04;2025-06-05 15:24:04;NULL
834;NULL;St Patrick's Hotel;Marina Street, XLN1150 Xlendi, Malta;"Questo hotel si trova sul lungomare della baia di Xlendi e offre camere con aria condizionata, ristorante con terrazza sul mare e terrazza panoramica con lettini e ombrelloni.
Le camere del St. Patrick's Hotel si affacciano sul mare, sulla valle di Xlendi o sul cortile interno dell'hotel, e sono dotate di TV, minibar e bagno privato con asciugacapelli.";;4;2025-06-06 15:45:56;2025-06-06 15:45:56;NULL
835;NULL;Lodges Los Gigantes 3* o similare;NULL;"Sholeo Lodges Los Gigantes presenta un centro fitness, un giardino, una terrazza e un ristorante a Puerto de Santiago. Con una piscina all'aperto, questo hotel a 3 stelle dispone di camere climatizzate con WiFi gratuito e bagno privato. Gli ospiti possono usufruire di un bar.
Presso questo hotel, certe unità presentano un balcone mentre tutte le camere comprendono armadio e TV a schermo piatto. Presso Sholeo Lodges Los Gigantes, tutte le camere includono lenzuola e asciugamani. Presso la struttura potrete gustare una colazione continentale, vegetariana o vegana. Presso la reception, lo staff parla tedesco, inglese, spagnolo e italiano. Playa de La Arena è a 400 metri da questa struttura, mentre Los Gigantes si trova a 3,5 km di distanza. Aeroporto di Tenerife Sud si trova a 39 km dalla struttura.";;3;2025-06-11 14:37:01;2025-06-11 14:37:01;NULL
836;NULL;Nave da crociera Costa Smeralda;NULL;Costa Smeralda è sinonimo di vacanza italiana: esperienze di gusto e divertimento vista mare. Tutti i giorni a bordo spettacoli, veri e propri viaggi nel gusto, una Spa e una palestra di ultima generazione e tanto altro. Costa Smeralda è anche attenzione all'ambiente, emblema dell'innovazione responsabile e del viaggiare in maniera sempre più sostenibile. Sistemazione in cabine doppie/multiple, servizio all inclusive.;;0;2025-06-13 15:46:39;2025-06-13 15:46:39;NULL
837;NULL;Tower Genova Airport Hotel & Conference Center;Via Pionieri ed Aviatori d’Italia, 44 – 16154 Genova (GE);"L'hotel dispone di tutti i comfort  di una struttura dedicata all'ambiente di lavoro: sala conferenze, palestra, aree comuni.
per chi è in arrivo in pullman è di facile accesso, con ampio parcheggio e offre camere spaziose e ben fornite. 

Al ristorante interno si possono prenotare cene di gruppo con un'ottima organizzazione logistica. 
A 15 minuti in autobus dal centro è perfetto per chi vuole visitare il centro di Genova e il Ponente Ligure, mantenendo la comodità di una struttura non nel pieno centro storico.

Valutato 6.9 dai clienti su booking.";;4;2025-06-16 09:36:56;2025-06-19 12:09:06;NULL
838;NULL;Hotel H2 Budapest;Budapest, Sas u 24, 1051 Ungheria;In una zona comoda di Budapest, H2 Hotel Budapest è un alloggio che prevede camere climatizzate, il WiFi gratuito e un bar. Questo hotel a 3 stelle offre una reception 24 ore su 24 e un servizio concierge. Il parcheggio privato è disponibile sul posto. Le camere presso questo hotel dispongono di un’area salotto e una TV a schermo piatto. Il bagno privato dispone di doccia, set di cortesia e asciugacapelli. Presso H2 Hotel Budapest, tutte le camere comprendono lenzuola e asciugamani.;;3;2025-06-20 05:22:58;2025-06-20 05:22:58;NULL
839;NULL;Hotel Aux 2 Roses;11 Rue de Strasbourg, 68600 Neuf-Brisach, Francia;"Situato vicino al confine tedesco, nella città fortificata di Neuf Brisach, questo hotel offre un ristorante tradizionale e la connessione WiFi gratuita. 
Le confortevoli camere sono dotate di TV e servite da ascensore. Dopo una giornata trascorsa visitando i bastioni potrete rilassarvi sulla terrazza con vista sul giardino o sorseggiare un drink al bar.";;3;2025-06-23 12:04:44;2025-06-23 12:04:44;NULL
840;NULL;Hotel Waldblick BSR;Am Hinteren Berg 7, 78166 Donaueschingen, Germania;L'Hotel Waldblick, a conduzione familiare, sorge nel quartiere Aufen di Donaueschingen, a soli 3 km dal centro della città. Offre un ristorante tradizionale e una sauna. Tutte le camere dell'Hotel Waldblick sono arredate in stile rustico e dotate di bagno privato, TV via cavo e connessione internet gratuita. La maggior parte delle sistemazioni è stata rinnovata nel 2013.;;3;2025-06-24 12:03:23;2025-06-24 12:03:23;NULL
841;NULL;HOTEL H2 HOTEL BERLIN ALEXANDERPLATZ ** o similari;NULL;Situato in una posizione perfetta nel cuore di Berlino, a soli 350 metri da Alexanderplatz, 15 minuti a piedi dall'Isola dei Musei e dallo storico Unter den Linden. L'Hotel gode di ottimi collegamenti grazie alla vicinanza dalla metro, S Bahn, e tram e dispone di sala ristorante, ascensore, sala riunioni, centro SPA e parcheggio per auto. Le camere sono dotate di TV a schermo piatto e aria condizionata, bagni privati completi di pavimenti riscaldati e doccia con getto a pioggia. Sono presenti 8 camere attrezzate per i disabili e sono raggiungibili in ascensore.;;2;2025-06-27 07:12:12;2025-06-27 07:12:12;NULL
842;NULL;Backstage Hotel Amsterdam;Leidsegracht 114, Centro di Amsterdam, 1016 CT Amsterdam, Paesi Bassi Posizione eccellente, valutata 9.3/10!(punteggio ottenuto da 2079 giudizi) Valutata dagli ospiti dopo il soggiorno presso BackStage Hotel.;"Il BackStage Hotel offre camere ad Amsterdam, a soli 2 minuti da Paradiso e Melkweg. Alloggerete ad appena 250 metri da Leidseplein, e disporrete del WiFi gratuito.

L’intero hotel e le sue camere sono arredati con mobili ispirati al mondo della musica. Se avete voglia di una jam session potrete utilizzare le chitarre appese alle pareti. A vostra disposizione anche frutta fresca per tutta la giornata. Inoltre, se lo desiderate, potrete portare un giradischi portatile nella vostra sistemazione.

Alcune sistemazioni presentano un bagno in comune nel corridoio, mentre tutte vantano un altoparlante Bluetooth e una TV LCD.

In loco vi attendono anche una reception aperta 24 ore e un rilassante BackStage Bar. Durante il vostro soggiorno avrete modo di giocare a biliardo, e di gustare una vasta gamma di whisky e birre locali. Lo staff della struttura sarà lieto di fornirvi informazioni aggiornate sui concerti della città.

L'Amsterdam Arena, lo Ziggo Dome e l'AFAS Livel sono raggiungibili in 30 minuti con i mezzi pubblici.";;3;2025-07-02 19:32:27;2025-07-02 19:32:27;NULL
843;NULL;Turim Iberia Hotel;Av. 5 De Outubro 160, Avenidas Novas, 1050-062 Lisbona, Portogallo;"Il TURIM Ibéria Hotel vanta la connessione Wi-Fi gratuita e camere moderne. Dista 10 minuti a piedi dal Museo Calouste Gulbenkian e dal centro commerciale El Corte Inglés.

Le sistemazioni del Turim Iberia dispongono di aria condizionata, TV satellitare, minibar e set per la preparazione di tè e caffè.

Ogni giorno potrete gustare la prima colazione all'interno della spaziosa sala ristorante. Il Vintage Bar del Turim propone una varietà di drink, snack e pasti leggeri.

Il TURIM Ibéria Hotel è situato a 5 minuti di cammino dalla stazione della metropolitana di Campo Pequeno, che offre accesso diretto alla Avenida da Liberdade in 3 fermate. L'aeroporto di Lisbona è raggiungibile in auto in 10 minuti.";;4;2025-07-02 19:45:53;2025-07-02 19:45:53;NULL
844;NULL;Hotel Saint Pierre;4 rue de l'Ecole de Medecine, 6° arrondissement, 75006 Parigi, Francia;"L'Hôtel Saint Pierre offre camere climatizzate con WiFi gratuito a 500 metri dal Jardin du Luxembourg, a 10 minuti a piedi da Saint-Germain-des-Prés e a 280 metri dalla stazione della metropolitana.

Le sistemazioni, tutte accessibili tramite ascensore, sono dotate di TV a schermo piatto con canali satellitari, zona lavoro e bagno interno con asciugacapelli. Alcune presentano un balcone con vista su Parigi. 

Al mattino la struttura propone la colazione continentale, da gustare anche in camera su richiesta. Siete inoltre invitati a rivolgervi al personale, reperibile 24 ore su 24, per organizzare escursioni durante il vostro soggiorno.";;2;2025-07-02 19:56:43;2025-07-02 19:56:43;NULL
845;NULL;Luxury Lidija Rooms;Vijugasta 5, 21000 Spalato (Split), Croazia;"In una zona comoda nel centro di Spalato (Split), Luxury Lidija Rooms prevede la colazione a buffet e il WiFi gratuito in tutta la struttura. Questo affittacamere a 3 stelle offre anche un giardino. L'alloggio è interamente non fumatori ed è situato a 1,7 km da Spiaggia di Bacvice.

Presso questo affittacamere, tutte le camere prevedono aria condizionata, scrivania, terrazza con vista sulla città, bagno privato, TV a schermo piatto, lenzuola e asciugamani. Le camere presentano un armadio e un bollitore elettrico.

I luoghi di interesse più famosi nei dintorni di Luxury Lidija Rooms includono Stadion Park Mladeži, Palazzo di Diocleziano e Museo Archeologico di Spalato. Aeroporto di Spalato si trova a 23 km di distanza.";;3;2025-07-02 20:15:01;2025-07-02 20:15:01;NULL
846;NULL;Radison RED Helsinky;VUORIKATU 24, Kluuvi, 00100 Helsinki, Finlandia;"Radisson RED Helsinki offre un centro fitness, una terrazza, un ristorante e un bar a Helsinki. Con WiFi gratuito, questo hotel a 4 stelle offre il servizo in camera e una reception 24 ore su 24. La struttura dista 200 metri dal centro città e 2,4 km da Spiaggia di Hietaranta.

Questo hotel offre agli ospiti camere climatizzate con una scrivania, una macchina da caffè, una cassaforte, una TV a schermo piatto e un bagno privato con doccia. Presso Radisson RED Helsinki, le camere includono lenzuola e asciugamani.

Presso questa struttura la colazione include opzioni a buffet e continentali.

Presso Radisson RED Helsinki potrete usufruire di una sauna.

I luoghi di interesse più famosi nei dintorni di questo hotel includono Stazione Centrale di Helsinki, Music Centre di Helsinki e Helsinki Bus Station.";;4;2025-07-02 20:27:27;2025-07-02 20:27:27;NULL
847;NULL;Wynn's Hotel Dublin;35-39 Lower Abbey Street, D1 Dublino, Irlanda;"Risalente al 19° secolo, l'imponente Wynn's Hotel è situato a 5 minuti a piedi da Trinity College, Temple Bar e Henry Street, e offre un elegante ristorante e alloggi con connessione WiFi gratuita.

Le sistemazioni, caratterizzate da una combinazione di accoglienti arredi tradizionali e comfort moderni, sono munite di TV a schermo piatto, cassaforte, set per la preparazione di tè e caffè e, su richiesta, lettore CD/DVD. Il servizio in camera è disponibile 24 ore su 24.

Lo splendido ristorante Playwright è arredato con mobili d'epoca, specchi enormi e grandi finestre affacciate sulle vivaci strade di Dublino, e serve colazioni tradizionali, pranzi con buffet di carni arrosto e cene con menù alla carta.

Potrete rilassarvi sorseggiando un drink nel salone, che vanta un bel bar in mogano, oppure al Saint's & Scholar's Bar, con il suo menù da bar e comodi posti a sedere.

Il Wynn's Hotel sorge a 5 minuti a piedi dallo storico ponte Ha'Penny Bridge sul fiume Liffey e nelle vicinanze di Abbey Theatre, O'Connell Street e Grafton Street.";;3;2025-07-02 20:37:34;2025-07-02 20:37:34;NULL
848;NULL;Hotel Edouard 6;61 boulevard du Montparnasse, 6° arrondissement, 75006 Parigi, Francia;"Ubicato nel quartiere parigino di Montparnasse, l'Hôtel Edouard 6 by Malone offre camere climatizzate e insonorizzate, dotate di TV LCD con canali satellitari e connessione WiFi gratuita.

Alloggiando all'Edouard VI potrete gustare una colazione continentale nella sala ristorazione o, a un costo aggiuntivo, nel comfort della vostra sistemazione.

L'Edouard VI si trova a pochi passi dalla stazione della metropolitana e dei treni di Montparnasse-Bienvenüe.

La struttura dista inoltre meno di 1,5 km dal Boulevard Saint Germain des Prés, dai Giardini del Lussemburgo e dalla Torre di Montparnasse.";;3;2025-07-02 20:44:56;2025-07-02 20:44:56;NULL
849;NULL;Boutique Hotel Karel de Stoute;Buiten de Waterpoort 2, 4201 CS Gorinchem, Paesi Bassi;"Boutique Hotel Karel de Stoute presenta un giardino, una terrazza, un ristorante e un bar a Gorinchem. L’alloggio è posizionato a 700 metri da Teatro De Nieuwe Doelen, 30 km da Centro Commerciale Cityplaza Nieuwegein e 36 km da Centro Eventi Jaarbeurs. L'alloggio mette a disposizione il servizo in camera e il WiFi gratuito in tutta la struttura.

Tutte le unità comprendono un impianto di aria condizionata, un frigorifero, un microonde e una macchina da caffè, oltre a doccia, set di cortesia e scrivania. Le camere sono dotate di un bagno privato con asciugacapelli, mentre alcune camere dispongono di un balcone e altre hanno anche la vista sulla città. Presso questo hotel, le camere comprendono lenzuola e asciugamani.

Presso Boutique Hotel Karel de Stoute potrete gustare una colazione a buffet o continentale.

Gli ospiti di questa struttura potranno svagarsi con varie attività a Gorinchem e dintorni, come il ciclismo.

Parco Divertimenti Efteling è a 37 km da Boutique Hotel Karel de Stoute, mentre Centro conferenze Cursus- en Vergadercentrum Domstad si trova a 37 km di distanza. Aeroporto di Rotterdam-L'Aia si trova a 50 km dalla struttura.";;0;2025-07-03 09:03:02;2025-07-03 09:03:02;NULL
850;NULL;aria di Mare - marina di Ragusa;Lungomare Andrea Doria, 25/27, 97010 Marina RG;Il Resort Aria di Mare è l'unico hotel 3 stelle situato lato mare a Marina di Ragusa, a pochi passi dalle sabbiose spiagge dorate della costa iblea, bagnate dall'acqua cristallina del mediterraneo. Qui il tuo benessere viene prima di tutto. Ogni servizio è pensato per garantirti il massimo comfort. Come il nostro ampio giardino, dove puoi concederti una piacevole pausa di relax al sole.;;3;2025-07-03 14:42:40;2025-07-03 14:42:40;NULL
851;NULL;Hotel Mercure Budapest Castel Hill;1013 Budapest, Krisztina krt. 41-43., Ungheria;"Sopra il Danubio, tra i tetti antichi di Buda e le torri fiabesche del Bastione dei Pescatori, l’Hotel Mercure Budapest Castle Hill accoglie i suoi ospiti con eleganza sobria e vista privilegiata sui segreti della città. Da qui, ogni passeggiata comincia come un racconto: il castello a pochi passi, i vicoli acciottolati che sanno di storia e di luci soffuse, il profilo del Parlamento che si accende al tramonto.

Le camere, luminose e curate in ogni dettaglio, regalano comfort moderni come WiFi veloce e set per la preparazione di caffè/tè e piacevoli cosmetici da bagno. Alcune di queste si affacciano direttamente sulla città vecchia, come finestre aperte su un sogno. 

Al risveglio, una colazione ricca e colorata accoglie gli ospiti tra sapori dolci e salati, prodotti freschi, pane caldo e specialità locali. 
E la sera il ristorante dell’hotel è  una vera scoperta, una cucina attenta che coniuga i sapori della tradizione magiara con influenze moderne, accompagnata da ottimi vini locali.
 
L'esplorazione è facilissima da qui: situato accanto alla fermata di Budapest Deli, in 4 fermate si arriva in centro ma camminando si trova già il castello a pochi passi, percorrendo i vicoli acciottolati che sanno di storia e di luci soffuse con la vista del profilo del Parlamento.
 
Gli ospiti valutano il soggiorno con una media di 8.3 su booking.";;4;2025-07-04 11:35:13;2025-07-04 12:12:00;NULL
852;NULL;Holiday Inn Express Ljubljana;Podmilscakova 51, 1000 Lubiana, Slovenia;"Situato in una posizione strategica, a pochi passi dal centro e dall’elegante parco Tivoli,  l’Holiday Inn Express Ljubljana accoglie i suoi ospiti con eleganza moderna e un comfort pensato per rigenerare corpo e mente. È un punto di partenza ideale per chi desidera esplorare la capitale slovena alternando momento di relax e scoperte urbane.  Il centro storico è a portata di mano: bastano poche fermate di autobus o una piacevole passeggiata per raggiungere i ponti, il castello e i mercatini lungo il fiume. Oppure, basta salire in camera e guardare Lubiana aprirsi sotto di te, con il profilo elegante dei cipressi del parco Tivoli e le cupole in lontananza.

Le camere, luminose e ben insonorizzate, sono pensate per offrire un riposo di qualità: letti confortevoli, aria condizionata, Smart TV, scrivania e una raffinata selezione di cosmetici essenziali su richiesta. L’hotel offre inoltre Wi‑Fi gratuito in tutte le aree, un’accogliente lobby con bar e terrace solarium per momenti di pausa, più parcheggio gratuito per chi arriva in auto e postazioni di ricarica per veicoli elettrici. La reception 24 ore e un efficiente servizio di transfer taxì (su richiesta) garantiscono serenità e praticità per ogni tipo di ospite.  

La colazione è un risveglio a colori: buffet dolce e salato, frutta fresca, pane caldo e bevande calde, perfetto carburante per iniziare le esplorazioni in città.
 
Gli ospiti valutano il soggiorno con una media di 8.8 su booking.";;3;2025-07-04 11:51:41;2025-07-04 12:10:11;NULL
853;NULL;Hotel Roma Trieste;Via Carlo Ghega, 7, 34132 Trieste;"Tra l'eleganza neoclassica del Borgo Teresiano e il vigore del mare Adriatico, l’Hotel Roma accoglie i suoi ospiti in un edificio ottocentesco, raffinato e silenzioso, immerso in un'atmosfera sospesa tra storia e modernità .

Le camere recentemente ristrutturate sono dotate di aria condizionata, Wi‑Fi gratuito, TV satellitare, minibar e asciugacapelli. Alcune offrono una vista sulla città, altre si affacciano sul cortile interno, garantendo una quiete preziosa nel cuore urbano.

Ogni mattina la colazione continentale a buffet è un momento di colore e gusto: pane fragrante, pasticceria fresca, formaggi locali, marmellate fatte in casa e caffè intenso serviti nella luminosa sala dedicata. 
Il bar interno invita a sorseggiare un aperitivo o una tisana in tutta tranquillità.

La posizione è ideale: a soli 100 m dalla stazione centrale e a breve passeggiata da Piazza Unità d'Italia, dal Teatro Verdi e dal suggestivo Castello di San Giusto. Fermate autobus e tram rendono semplici spostamenti verso il porto, Miramare o la Grotta Gigante.
 
Gli ospiti valutano il soggiorno con una media di 7.9 su booking.";;3;2025-07-04 12:08:35;2025-07-04 12:08:35;NULL
854;NULL;HOSTEL TOC MADRID;NULL;Ostello di nuova generazione, aperto nel 2015, è situato nel centro di Madrid, a soli 150 metri dalla Puerta del Sol. L'edificio storico è stato completamente ristrutturato e convertito in un elegante e moderno ostello, mantenendo e recuperando le decorazioni che abbelliscono gli spazi comuni. Offre comode e confortevoli sistemazioni da 4, 6 e 8 letti a castello del tipo a cuccetta, tutte dotate di bagni privati e spesso di doppi servizi, provvisti di ogni comfort, climatizzate e con connessione WiFi gratuita. La colazione a buffet viene servita in un salone decorato al primo piano.;;0;2025-07-11 14:18:45;2025-07-11 14:18:45;NULL
855;NULL;HOTEL BIO ELITE ***;NULL;"Ubicato a Levico Terme, a 23 km da MUSE, Nature Bio Hotel Elite propone un giardino, un parcheggio privato, una sala comune e una terrazza. Questo hotel a 3 stelle offre il servizio in camera, una reception 24 ore su 24 e il WiFi gratuito. La struttura prevede servizio concierge, banco escursioni e cambio valuta per gli ospiti.
Questo hotel offre agli ospiti camere climatizzate dotate di scrivania, cassaforte, TV a schermo piatto, balcone e bagno privato con bidet. Tutte le camere hanno un armadio. A colazione troverete opzioni a buffet, continentali o italiane. Presso Nature Bio Hotel Elite troverete un ristorante che serve piatti italiani. Su richiesta sono disponibili anche opzioni vegetariane, senza latticini e vegan.
Questa struttura offre un’area giochi per bambini.";;0;2025-07-12 07:19:08;2025-07-12 07:19:08;NULL
856;NULL;Sure Hotel by Best Western Paris Gare du Nord 3*;NULL;"Hotel 3 stelle situato nel 10° arrondissement di Parigi, in una posizione strategica a soli 600 metri dalla Gare du Nord e a breve distanza dalla Gare de l'Est. La vicinanza alla stazione della metropolitana La Chapelle (130 metri) consente di raggiungere facilmente le principali attrazioni della città, come gli Champs-Élysées, la Torre Eiffel, il Louvre e Montmartre. L'hotel dispone di 92 camere moderne, tra cui doppie, triple e familiari, tutte dotate di aria condizionata, Wi-Fi gratuito, TV a schermo piatto con canali satellitari, cassaforte e macchina per il caffè.
- tassa di soggiorno di € 5,20 per persona da pagare in loco
Check-in dalle ore 15:00 - Check-out entro le 11:00
DEPOSITO BAGAGLI DISPONIBILE A PAGAMENTO SOLO SU RICHIESTA E PREVIA DISPONIBILITÀ.
LE CAMERE QUADRUPLE SONO COMPOSTE DA 1 LETTO MATRIMONIALE + 2 LETTI SINGOLI
LE CAMERE TRIPLE SONO COMPOSTE DA 3 LETTI SINGOLI oppure 1 LETTO MATRIMONIALE + 1 LETTO SINGOLO (per studenti vengono privilegiate le camere con 3 letti singoli ma qualora non fossero più disponibili saranno assegnate camere con 1 matrimoniale + 1 letto singolo)";;3;2025-07-15 10:47:10;2025-07-15 10:47:10;NULL
857;NULL;HOTEL GRAND HOTEL DES ANGLAIS ****;NULL;"Ubicato a Sanremo e affacciato sul Mar Ligure in una posizione panoramica, a 2 minuti a piedi dalla spiaggia e a 1,3 km dal Teatro Ariston, il Grand Hotel & des Anglais Spa offre sistemazioni dallo stile classico e servizi gratuiti, fra cui il parcheggio e la connessione WiFi.
Alcune dotate di balcone con vista sul mare, tutte le camere del Grand Hotel dispongono di aria condizionata, TV satellitare, minibar e bagno privato con asciugacapelli e set di cortesia. Al mattino vi attende una deliziosa colazione a buffet con succhi di frutta, caffè e cornetti, che potrete gustare anche al bar fin dalle prime ore del mattino.";;4;2025-07-15 17:03:59;2025-07-15 17:03:59;NULL
858;NULL;Teatterihotelli Riihimäki;Hämeenaukio 1, 11100 Riihimäki, Finlandia;"Situato a Riihimäki, a 11 km da Hikia, Teatterihotelli Riihimäki prevede biciclette gratuite, un parcheggio privato gratuito, un centro fitness e una sala comune. A circa 16 km da Puuhamaa - Amusement Park, l'hotel offre il WiFi gratuito e dista 31 km da Lappila. L'hotel offre una vista sulla città e una terrazza, oltre a un bar e un ristorante dove gli ospiti possono mangiare o bere qualcosa.
Presso questo hotel, tutte le camere sono dotate di una scrivania, una TV a schermo piatto, un bagno privato, le lenzuola e gli asciugamani. Le camere includono una cassaforte.
Teatterihotelli Riihimäki offre alloggi a 3 stelle e una sauna. Gli ospiti di questa struttura potranno svagarsi con varie attività a Riihimäki e dintorni, come il ciclismo.
Campo da Golf Aulanko è a 40 km da Teatterihotelli Riihimäki, mentre Hattula Golf si trova a 44 km di distanza. Aeroporto di Helsinki Vantaa si trova a 60 km dalla struttura.";;3;2025-07-16 14:54:39;2025-07-16 14:54:39;NULL
859;NULL;LE HAVANE OPERA *** PARIS;NULL;L'albergo è situato nel 9 arrondissement. in prossimità dei Grands Boulevard. camere con servizi privati e tv. Fermata metro: Cadet. Hotel Havane Opera è posizionato a 1,2 km da Stazione Metro Pigalle, 1,2 km da Stazione Gare de l'Est e 1,1 km da Teatro La Cigale. Con WiFi gratuito, questo hotel a 3 stelle offre il servizo in camera e una reception 24 ore su 24. L'alloggio è interamente non fumatori ed è ubicato a 1,1 km da Stazione Gare du Nord.;;3;2025-07-18 07:31:30;2025-07-18 07:31:30;NULL
860;NULL;Hotel Capris Capodistria;Kolodvorska cesta 3b, 6000 Capodistria, Slovenia;"Situato a Capodistria, a 1,4 km da Spiaggia di Capodistria, Hotel Capris Capodistria Boutique prevede biciclette gratuite, un parcheggio privato gratuito, un giardino e una terrazza. Con un bar, questo hotel a 4 stelle dispone di camere climatizzate con WiFi gratuito e bagno privato. Il personale in loco può organizzare transfer aeroportuali.
Presso questo hotel, le camere dispongono di una scrivania e una TV a schermo piatto. Presso Hotel Capris Capodistria Boutique, tutte le camere includono lenzuola e asciugamani.
Presso la struttura potrete gustare una colazione a buffet, italiana o vegetariana.
Questa struttura offre una vasca idromassaggio.
Castello di San Giusto è a 20 km da Hotel Capris Capodistria Boutique, mentre Piazza Unità d'Italia si trova a 21 km di distanza.";;4;2025-07-18 20:28:55;2025-07-18 20:28:55;NULL
861;NULL;Hotel Catalonia Sagrada Familia;Carrer d'Aragó, 577, 579, Sant Martí, 08026 Barcelona, Spagna;Il Catalonia Sagrada Familia dista 15 minuti a piedi dalla Sagrada Familia di Gaudí e appena 300 metri dalla stazione ferroviaria e della metropolitana Clot. Vanta un ristorante, una piscina all'aperto stagionale e una palestra. Al Catalonia Sagrada Familia troverete luminosi arredi tradizionali e camere dotate di scrivania, cassaforte e mini frigorifero con acqua in omaggio. L’albergo propone la connessione WiFi gratuita. La stazione della metropolitana Clot vi consentirà di raggiungere il centro della città in 4 fermate, e ospita la fermata del treno per l'aeroporto.;;3;2025-07-23 11:28:47;2025-07-23 11:28:47;NULL
862;NULL;HOTEL SAN PIETRO ***;NULL;"Con vista della cupola di San Pietro, questo hotel dallo stile classico si trova a 50 metri dalla stazione ferroviaria San Pietro e a 3 minuti a piedi dal Vaticano. L'autobus per il centro di Roma si ferma nelle vicinanze. L'Hotel San Pietro offre eleganti camere con pavimenti in marmo e mobili italiani in stile moderno. Le sistemazioni sono dotate di connessione internet via cavo gratuita e aria condizionata regolabile autonomamente.
La colazione continentale viene servita in un'apposita sala ampia e luminosa dell'Hotel San Pietro.";;3;2025-07-26 14:26:25;2025-07-26 14:26:25;NULL
863;NULL;HOTEL THE CROSS ***;NULL;"Situato in una posizione centrale ma tranquilla, questo hotel a 3 stelle occupa una villa del 19° secolo, a 8 minuti a piedi dalla Basilica di San Giovanni in Laterano. La struttura offre un giardino terrazzato, camere climatizzate e la connessione WiFi gratuita in tutte le aree. Le camere del Cross Hotel presentano arredi classici e pavimenti in moquette. Ogni alloggio è dotato di TV LCD e bagno privato completamente attrezzato. Al mattino vi aspetta una colazione a buffet con torte, pasticcini e cereali. La struttura dista meno di 5 minuti a piedi da una varietà di ristoranti, bar e caffetterie.
L'Hotel Cross si trova a 450 metri dalla stazione della metropolitana Manzoni, con collegamenti diretti per Piazza di Spagna e Città del Vaticano. La Chiesa di Santa Croce in Gerusalemme è raggiungibile a piedi in 4 minuti.";;3;2025-07-26 15:00:27;2025-07-26 15:00:27;NULL
864;NULL;English Path Malta;NULL;"Benvenuto a English Path Malta! Situato nella splendida località balneare di St Julian’s, il nostro campus ti offre tutto ciò di cui hai bisogno per imparare e praticare l'inglese e raggiungere i tuoi obiettivi linguistici. Unisciti ai nostri corsi di lingua inglese a Malta per migliorare le tue competenze linguistiche mentre ti godi il sole!

Il campus di English Path a Malta è un luogo fantastico per imparare l’inglese in un ambiente accogliente e solidale. Le nostre aule spaziose sono dotate di smart TV, rendendo l'apprendimento dell'inglese a Malta semplice e coinvolgente grazie a lezioni interattive e attività di gruppo. Il nostro campus di alto livello offre anche numerosi spazi comuni, una terrazza sul tetto, un ufficio dedicato ai servizi per gli studenti e una biblioteca a tua disposizione. E se stai cercando un luogo tranquillo per studiare, c’è anche un’area studio dove potrai concentrarti in tutta calma.

Con il Wi-Fi gratuito in tutto il campus e l’accesso ai computer, ti aiuteremo a imparare l’inglese a Malta.";;0;2025-07-30 17:29:13;2025-07-30 17:29:13;NULL
865;NULL;DISNEYLAND PARIS : SANTA FE;NULL;"Camere colorate
Ricarica le batterie in una delle nostre 1.000 camere luminose e colorate, arredate e decorate con elementi legati a Cars.​ ​
E per un comfort ancora maggiore, scegli una camera che dà sul fiume o una camera vicino ai servizi dell'Hotel!";;2;2025-08-01 13:38:37;2025-08-01 13:38:37;NULL
866;NULL;Hotel D'Aragona;Via S. Donato, 5 70014 Conversano BA;"Immersa in oltre 10.000 m² di giardini nella tranquilla campagna della Valle d’Itria, l’Hotel D’Aragona & SPA a Conversano è una struttura elegante e rigenerante a pochi chilometri dal mare e dai borghi più affascinanti della Puglia.
 
Le 71 camere raffinate e accoglienti offrono comfort moderno (Wi‑Fi, minibar, aria condizionata, bagno privato) e quasi sempre un balcone con vista piscina o sul verde circostante.
 
Il relax prosegue nel centro benessere “Wadi”: piscina idromassaggio, sauna finlandese, bagno turco, cascata di ghiaccio, stanza del sale e Kneipp.

La tradizione pugliese vi attende nel ristorante “Nobis” con una cucina regionale e nazionale di qualità, menù per celiaci su richiesta e una colazione abbondante a buffet con prodotti locali.
 
Le aree comuni completano l’offerta una piscina semi-olimpionica, american bar, parco giochi, parcheggio gratuito per auto e pullman e spazi versatili ideali per gruppi, meeting o eventi.

In poche parole, un luogo perfetto per rilassarsi, ritrovarsi, godere di calma e benessere a pochi passi dalla storia, dalla natura e dal mare pugliese.
 
Alloggio valutato dagli ospiti di Booking con un punteggio di 8.6!";;4;2025-08-06 13:21:54;2025-08-06 13:21:54;NULL
867;NULL;Hotel Castel Miramonti;Viale S. Donato, 28 72010 Fasano;"Immerso nel verde silenzioso della Selva di Fasano, l’Hotel Castel Miramonti è il luogo ideale per ritrovarsi e respirare anche in soggiorni di gruppo tra gli alberi mediterranei delle Murge pugliesi, a breve distanza dalle soleggiate coste locali.

Le camere dai toni sobri e luminosi sono raggiungibili con l'ascensore e attrezzate con aria condizionata, TV satellitare, minibar. Garantiscono l'accessibilità anche a persone con disabilità e alcune offrono una terrazza affacciata sul profumo della natura circostante. 
 
Inclusi servizi come parcheggio gratuito, colazione a buffet (anche su veranda), wi‑fi, bar e spazi adatti a ospitare gruppi e famiglie con serenità e flessibilità.

Al centro, una splendida piscina a sfioro con solarium e lettini immersa tra gli alberi diventa uno spazio di relax e libertà, dove ogni respiro si fa più profondo.

Un punto di partenza perfetto per vivere giornate piene di scoperte, per ritrovare forza, bellezza e senso del gruppo.

Alloggio valutato dagli ospiti di Booking con un punteggio di 8.3!";;3;2025-08-06 14:11:27;2025-08-06 14:14:10;NULL
868;NULL;Struttura ricettiva 3/4 stelle situata a Nova Siri;NULL;Sistemazione in camere multipla per gli studenti con capacità da 3 a 5 letti, con pensione completa che include la cena del giorno d' arrivo fino al pranzo del giorno di partenza. Singole per i docenti. Si offre opzioni di pasti alternativi per studenti con intolleranze alimentari, diete vegetariane, vegane o restrizioni alimentari legate a credenze religiose.;;3;2025-08-27 10:12:09;2025-08-27 11:42:00;NULL
869;NULL;l'Impremiere hotel Clichy;15, rue Victor Méric92110 Clichy -;"Situato a Clichy, a 10 minuti a piedi da Parigi, L'Imprimerie Hôtel offre una sauna, un centro fitness, una terrazza ideale per il relax e il WiFi gratuito. 
Le sistemazioni dispongono di bagno privato, asciugacapelli nella camera da letto, accanto alla cassaforte, TV con canali satellitari e scrivania. Le camere superior, executive e deluxe includono accappatoi e pantofole.
Al mattino vi attende una colazione a buffet. In loco potrete gustare un drink sulla terrazza all'ultimo piano, usufruire di un deposito bagagli gratuito e approfittare di 3 sale conferenze.
L'Imprimerie Hôtel dista 800 metri dal Tribunale di Parigi, 300 metri dalla sede centrale di L'Oreal, 400 metri dalla sede centrale di Etam e 25 km dall'Aeroporto Charles de Gaulle, il più vicino.";;4;2025-09-04 13:47:03;2025-09-04 13:47:03;NULL
870;NULL;Home Hotel Tapetfabriken;Marcusplatsen 9, 131 54 Stoccolma, Svezia;"Situato a Stoccolma, a 500 metri da Spiaggia di Sickla, Home Hotel Tapetfabriken prevede un centro fitness, un parcheggio privato, una sala comune e un ristorante. Questo hotel a 4 stelle offre anche un bar. L'hotel presenta una sauna, una reception 24 ore su 24 e il WiFi gratuito in tutta la struttura.
Presso questo hotel, tutte le camere dispongono di una scrivania, una TV a schermo piatto, un bagno privato, le lenzuola e gli asciugamani.
A colazione troverete opzioni a buffet, continentali o vegetariane.
Fotografiska - Museo Svedese della Fotografia è a 3,5 km da Home Hotel Tapetfabriken, mentre Tele2 Arena si trova a 3,9 km di distanza. Aeroporto di Stoccolma-Bromma si trova a 16 km dalla struttura.";;4;2025-09-05 09:02:01;2025-09-05 09:02:01;NULL
871;NULL;COMBO TORINO;NULL;"Posizionato a Torino, a 1,1 km da Mole Antonelliana, Combo Torino mette a disposizione alloggi con aria condizionata e un bar. Tra i servizi di questa struttura c’è un ristorante, una cucina in comune e una reception 24 ore su 24, oltre al WiFi gratuito in tutta la struttura. L'alloggio è interamente senza allergeni ed è situato a 1,9 km da Stazione Ferroviaria di Torino Porta Susa. Presso questo ostello, le camere includono lenzuola e asciugamani.
La colazione è disponibile e include opzioni a buffet, continentali e italiane. Stazione Metro Porta Nuova è a 1,9 km da Combo Torino, mentre Stazione Ferroviaria di Torino Porta Nuova si trova a 1,9 km dalla struttura. Aeroporto di Torino si trova a 15 km di distanza.";;0;2025-09-05 16:05:48;2025-09-05 16:05:48;NULL
872;NULL;Hotel Vienna Ostenda;NULL;"Dotato di uno staff dinamico, e di un'eccellente posizione di fronte al mare, l'Hotel Vienna Ostenda  sorge a Marina Centro, in una struttura risalente al XVIII secolo nella zona pedonale di Rimini. Le eleganti camere del Vienna Ostenda coniugano lo stile classico con servizi moderni, tra cui TV satellitare e aria condizionata. Al mattino il Vienna Ostenda allestisce una ricca colazione a buffet. Il ristorante vi attende invece con un'interessante combinazione di piatti italiani e internazionali, spesso accompagnati da musica dal vivo al pianoforte o da spettacoli di cabaret.
L'hotel vanta una spiaggia privata con area fitness, 2 american bar e 3 sale conferenze con una capacità massima di 90 persone.";;3;2025-09-07 09:22:38;2025-09-07 09:22:38;NULL
873;NULL;Hotel Anjos;R. Andrade 16 18, 1170-015 Lisboa, Portogallo;Situato nel centro di Lisbona, a 2 minuti a piedi dalla Stazione Metro Intendente e a 15 minuti a piedi dalla vivace Avenida da Liberdade, l'Hotel Anjos offre una reception attiva 24 ore su 24. In ogni camera troverete tende a tutta altezza, aria condizionata, arredi in rosso, blu o giallo, TV via cavo a schermo piatto, cassaforte e moderno bagno privato completo di asciugacapelli. L'Hotel Anjos dista 2 km dalla Piazza Marquês de Pombal e dal Parco Eduardo VII.;;3;2025-09-08 11:32:29;2025-09-08 11:32:29;NULL
874;NULL;Hotel Tag;Via Luigi Einaudi, 2/A, 61032 Fano, Italia;"In una posizione funzionale, a pochi minuti dal centro di Fano e a un passo dall’uscita dell’autostrada A14, l'Hotel Tag Hotel accoglie i suoi ospiti in un ambiente moderno, luminoso e funzionale. Le 68 camere, distribuite su sei piani, offrono spazi sobri e curati, dotati di aria condizionata, Wi-Fi gratuito, smart TV, minibar e macchina per il caffè. 

Ogni mattina, la colazione a buffet viene servita in ambienti eleganti e rilassanti, con proposte dolci e salate, mentre il ristorante interno e il lounge bar permettono di proseguire la giornata con gusto e convivialità. 

Alloggio valutato dagli ospiti di Booking con un punteggio di 8.5!";;4;2025-09-08 15:27:20;2025-09-08 15:27:20;NULL
875;NULL;Grand Hotel Michelacci;Piazza Giardini Unità d'Italia 1, 61011 Gabicce Mare, Italia;"Affacciato direttamente sul mare a cui si accede tramite una scalinata, il Grand Hotel Michelacci apre le sue porte su una cornice di quiete e bellezza, dove il profilo delle acque è sempre presente, complice silenzioso di ogni giornata. 

La struttura si sviluppa su 4 piani con ascensore, offre un'ampia ed elegante sala ristorante con vista e una terrazza. Le camere in stile classico dispongono di aria condizionata, TV, telefono, frigo, wifi e un'ampia finestra. 
Il ritmo del soggiorno si condisce di momenti condivisi: colazioni luminose, cena in ambienti eleganti, passeggiate sul lungomare a pochi passi, chiacchiere sospese tra il profumo del mare e l’aria salmastra. 

Alloggio valutato dagli ospiti di Booking con un punteggio di 8.3!";;4;2025-09-08 17:02:16;2025-09-08 17:02:16;NULL
876;NULL;Hotel Castilla;Av. Países Escandinavos, 7, 03540 Alicante, Spagna;Il Castilla Alicante si trova a soli 200 metri dalla spiaggia di San Juan ad Alicante e dispone di una piscina all'aperto. Le camere sono dotate di aria condizionata, TV satellitare a schermo piatto, connessione WiFi gratuita e terrazza privata. Il ristorante Castilla propone una cucina casereccia, mentre la caffetteria vanta una terrazza estiva. Nelle immediate vicinanze sono presenti vari bar e ristoranti. A 70 metri dall’hotel ferma il tram per Alicante, distante 8 km.;;3;2025-09-09 05:34:03;2025-09-09 05:34:03;NULL
877;NULL;Albergue Inturjoven Malaga;Pl. Pío XII, 6, Cruz de Humilladero, 29007 Málaga, Spagna;Situato a circa 2 km dal centro di Malaga e dall'Alcazaba, l'Albergue Inturjoven Málaga è un ostello dotato di un giardino, di una terrazza e di camere con bagno privato. Le luminose sistemazioni dell'Inturjoven Málaga sono arredate in modo semplice L'ostello si trova in una posizione ideale per visitare i luoghi di interesse di Malaga, a circa 2 km dal Museo Picasso, a 25 minuti di cammino dalla Cattedrale della città e a 2,5 km dalla spiaggia più vicina.;;0;2025-09-09 07:07:50;2025-09-09 07:07:50;NULL
878;NULL;Hotel Romerito;C. Espacio, 48, 50, Cruz de Humilladero, 29006 Málaga, Spagna;L'Hotel Romerito di Málaga sorge nel quartiere di Los Prados e dista circa 5 km dal centro storico cittadino. Le sistemazioni del Hotel Romerito vantano l'aria condizionata, la connessione WiFi gratuita, una TV al plasma e un bagno privato. Troverete autobus regolari per il centro città.;;2;2025-09-09 07:11:20;2025-09-09 07:11:20;NULL
879;NULL;Hotel Maya;C. Canónigo Manuel L. Penalva, 2, 03002 Alicante, Spagna;"Situato ai piedi del Castello di Santa Barbara, l’Hotel Maya si trova a 8 minuti a piedi dalla Spiaggia di Alicante e a 10 minuti a piedi dal centro cittadino. 
L’hotel propone una piscina all’aperto, la connessione WiFi gratuita e una palestra con vista panoramica. Tutte le camere del Maya sono dotate di aria condizionata, TV satellitare e minibar. Le sistemazioni presentano 1 bagno privato con asciugacapelli.";;3;2025-09-10 11:16:44;2025-09-10 11:16:44;NULL
880;NULL;Hotel La Milagrosa;C. de la Villavieja, 8, 03002 Alicante, Spagna;Situato nel centro storico di Alicante, l'Hotel La Milagrosa dista 2 minuti a piedi dalla spiaggia di Alicante e offre la connessione Wi-Fi gratuita in tutta la struttura. Le camere del La Milagrosa sono semplici e funzionali, dotate di aria condizionata e pavimenti piastrellati. Sono tutte dotate di TV a schermo piatto e bagno privato. La struttura ospita anche una reception aperta 24 ore su 24 con banco escursioni. Nelle vie intorno al porto di Alicante, a soli 300 metri di distanza, troverete numerosi bar e ristoranti.;;2;2025-09-11 10:29:58;2025-09-11 10:29:58;NULL
881;NULL;Ibis Budget Paris Gennevilliers;Zac Des Louvresses, 5 Av. des Louvresses, 92230 Gennevilliers, Francia;Situato a 10 km da Arco di Trionfo e 10 km da Palazzo dei Congressi di Parigi, ibis budget Paris Gennevilliers mette a disposizione camere a Gennevilliers. Questo hotel a 2 stelle offre camere climatizzate con bagno privato e WiFi gratuito. L'alloggio è interamente non fumatori ed è posizionato a 6,8 km da Stade de France. Presso questo hotel, le camere sono provviste di una TV a schermo piatto con canali satellitari.;;2;2025-09-12 05:58:22;2025-09-12 05:58:22;NULL
882;NULL;ostello Mosaikon - Atene;Kolokotroni 61, Athina 105 60, Grecia;"Il Mosaikon Hostel si trova nel centro di Atene, in un quartiere che ne rappresenta entrambe le personalità: quella moderna e quella tradizionale. Qui potrete farvi un'idea precisa di cosa significhi essere un ateniese del posto e tutto ciò che vorrete vedere o mangiare è a pochi passi di distanza.
Ci sono tre stazioni della metropolitana raggiungibili a piedi, così come le fermate della maggior parte degli autobus e del tram (Piazza Syntagma), quindi tornare indietro sarà un gioco da ragazzi se deciderete di avventurarvi verso la natura selvaggia del resto della città.";;0;2025-09-12 10:51:18;2025-09-12 10:51:18;NULL
883;NULL;Hotel B&B Paris Porte de la Villette;4 Rue Emile Reynaud, 75019 Paris, Francia;Dotato della connessione WiFi gratuita, il B&B HOTEL Paris Porte de la Villette sorge nel 19° arrondissement di Parigi, a 1,4 km dalla Città della Scienza e dell'Industria e dall'Auditorium Philarmonie de Paris. Tutte insonorizzate e climatizzate, le camere includono una TV a schermo piatto con canali via cavo, il riscaldamento e un bagno privato con doccia. Il B&B HOTEL Paris Porte de la Villette mette a vostra disposizione una colazione continentale ogni mattina, quotidiani gratuiti e un parcheggio privato in loco a pagamento. In loco troverete una reception aperta 24 ore su 24 e pratici distributori automatici.;;3;2025-09-13 07:46:52;2025-09-13 07:46:52;NULL
884;NULL;Norden Palace Hotel;Corso Battaglione Aosta 30, 11100 Aosta, Italia;"Un’accoglienza calda e confortevole nel cuore della Valle d’Aosta, con parcheggio privato gratuito. L’Hotel Norden Palace unisce l’eleganza della tradizione a servizi moderni, regalando un soggiorno pratico e piacevole a pochi passi dal centro storico di Aosta. Le camere ampie e curate sono dotate di una scrivania, una TV a schermo piatto, wi-fi gratuito e bagno privato fornito di asciugamani. La ricca colazione a buffet è ottima per iniziare al meglio la giornata e un ristorante che celebra i sapori autentici del territorio. La posizione strategica permette di muoversi comodamente tra le bellezze della città romana, i borghi circostanti e le vette alpine. 

Alloggio valutato con un punteggio di 7,9 dagli ospiti di Booking.";;3;2025-09-13 11:17:27;2025-09-13 11:17:27;NULL
885;NULL;Hotel Au Soleil;Via Marconi 20, 11027 Saint Vincent, Italia;Un rifugio accogliente nel cuore della “Riviera delle Alpi”. L’Hotel Au Soleil conquista con un’atmosfera familiare, qui ti aspetta il calore di una casa e la comodità di servizi moderni. Le comode sistemazioni dell'Hotel Au Soleil dispongono di TV a schermo piatto con canali Mediaset Premium, cassetta di sicurezza, minibar e bagno con asciugacapelli e set di articoli da toeletta. Al mattino vi attende una prima colazione a buffet mentre il Vin Coeur Bistrot dell'hotel con una cucina genuina che valorizza i prodotti locali serve specialità italiane e internazionali. La circostante zona pedonale ospita numerosi negozi e vivaci caffetterie. In loco è disponibile un parcheggio pubblico, anche per autobus, a pagamento. Alloggio valutato con un punteggio di 8.6 dagli ospiti di Booking!;;3;2025-09-13 15:34:11;2025-09-13 15:34:11;NULL
886;NULL;Residence Saint Vincent;Via Roma 25, 11027 Saint Vincent, Italia;Degli stessi proprietari dell'Hotel Au Soleil il Residence Saint-Vincent si trova a 4 minuti a piedi della struttura sorella. Il Residence Saint-Vincent offre appartamenti moderni e funzionali con vista sulla città, WiFi, TV a schermo piatto e un bagno privato con bidet, doccia, set di cortesia e una cucina con forno e piano cottura. Alloggio valutato con un punteggio di 8.0 dagli ospiti di Booking!;;0;2025-09-13 15:43:06;2025-09-13 15:43:06;NULL
887;NULL;HOTEL VILLAGGIO NEVADA ***;NULL;Ubicato a Folgaria, a 30 km da MUSE, Hotel Villaggio Nevada propone un giardino, un parcheggio privato gratuito, una terrazza e un ristorante. I vari servizi disponibili includono un bar, un centro spa e benessere e massaggi. L'hotel mette a disposizione una piscina coperta, una sauna, un programma di intrattenimento serale e un mini club. Presso questo hotel, tutte le camere sono provviste di una scrivania. Alcune camere sono complete di una cucina con un frigorifero, una lavastoviglie e un microonde. Tutte le camere presso Hotel Villaggio Nevada prevedono una TV a schermo piatto con canali satellitari e una cassaforte. Presso questa struttura potrete gustare una colazione a buffet.;;3;2025-09-14 19:58:47;2025-09-14 19:58:47;NULL
888;NULL;Hotel Voco Bilbao;Kirikiño Etorb., 1, Errekalde, 48012 Bilbao, Bizkaia, Spagna;Dotato di una sala comune e un bar, voco Bilbao - City by IHG è ubicato a Bilbao, a 1,2 km da Teatro Arriaga e 1,1 km da Stazione Ferroviaria di Bilbao Abando. Con un centro fitness, questo hotel a 3 stelle dispone di camere climatizzate con WiFi gratuito e bagno privato. L'alloggio è interamente non fumatori ed è posizionato a 1,3 km da Cattedrale di San Giacomo. Tutte le camere presso questo hotel prevedono un’area salotto e una TV a schermo piatto. Presso voco Bilbao - City by IHG, ogni camera include lenzuola e asciugamani. Lo staff della reception 24 ore su 24 parla inglese, spagnolo e francese.;;3;;;
889;NULL;Belvedere Resorts Hotel;Dobrava 1a, 6310 Izola, Slovenia;Situato nel cuore della costa slovena, Belvedere Resorts Hotel si erge su una collina direttamente sul mare con una vista spettacolare sul Golfo di Trieste. Formato da 5 ville separate, il complesso offre una vista sul mare, un ristorante, una piscina stagionale all'aperto con terrazza solarium, una zona minigolf e un parcheggio gratuito. Le camere confortevoli immerse nel verde godono di WiFi gratuito, bagno privato, tv a schermo piatto e aria condizionata. Immersa nell'Area Protetta di Strugnano, la cucina propone piatti freschi e genuini, esaltando i sapori mediterranei e una colazione dolce e salata a buffet.;;3;;;
